R,Z,phi,vR,vZ,vphi,time
1.2,0.0,0.0,10000.0,150000.0,2000.0,0.0
1.2000094261311902,0.00015003148137929175,2.38802133959435e-06,9426.131190306762,150031.48137929174,2388.02133959435,1e-09
1.2000182632014096,0.00030009254925594125,5.141582244626418e-06,8837.070219358746,150061.06787664947,2753.5609050320672,2e-09
1.2000264969372898,0.000450181256993425,8.237612468387053e-06,8233.73588025219,150088.70773748372,3096.030223760635,3.0000000000000004e-09
1.20003411400721,0.0006002956095856048,1.1652490454624633e-05,7617.069920240538,150114.35259217978,3414.87798623758,4e-09
1.2000411020427344,0.000750433567126821,1.536208138353936e-05,6988.0355245300825,150137.95754121614,3709.5909289147244,5e-09
1.2000474496585003,0.0009005930483610463,1.9341776039698994e-05,6347.6157659454275,150159.4812342253,3979.694656159635,6e-09
1.2000531464705233,0.0010507719343038993,2.3566530439524767e-05,5696.812022942317,150178.88594285288,4224.754399825772,7e-09
1.2000581831128918,0.0012009680719311808,2.8010906154806048e-05,5036.642368493676,150196.1376272816,4444.375715281281,8e-09
1.2000625512528242,0.001351179277927479,3.264911126761259e-05,4368.139932419073,150211.20599629823,4638.205112806537,9.000000000000001e-09
1.200066243604064,0.0015014033424882729,3.745504189098482e-05,3692.351239768228,150224.06456079372,4805.9306233722355,1.0000000000000002e-08
1.200069253938592,0.0016516380331688706,4.2402324188897764e-05,3010.334527905593,150234.69068059768,4947.282297912943,1.1000000000000003e-08
1.200071577096637,0.0018018810987734321,4.746435682821311e-05,2323.1580449753965,150243.06560456153,5062.032639315344,1.2000000000000003e-08
1.2000732089949695,0.001952130273277248,5.261435379465902e-05,1631.8983324547912,150249.17450381594,5149.9969664459095,1.3000000000000004e-08
1.2000741466334641,0.0021023832797753893,5.7825387504308124e-05,937.638494526879,150253.00649814127,5211.033709649106,1.4000000000000005e-08
1.2000743880999212,0.002252637834450791,6.307043214156258e-05,241.4664570253824,150254.55467540192,5245.0446372544575,1.5000000000000005e-08
1.20007393257314,0.002402891650554799,6.832240715430124e-05,-455.5267812814882,150253.81610400818,5251.975012738664,1.6000000000000004e-08
1.2000727803242377,0.0025531424423931815,7.355422083659855e-05,-1152.2489022888112,150250.79183838234,5231.813682297306,1.7000000000000003e-08
1.2000709327162133,0.0027033879293105996,7.873881392928793e-05,-1847.6080242478183,150245.48691741785,5184.59309268938,1.8000000000000002e-08
1.2000683922017565,0.002853625839666533,8.384920316861473e-05,-2540.5144567641337,150237.91035593362,5110.389239326806,1.9e-08
1.2000651623193042,0.003003853914795672,8.885852471330469e-05,-3229.8824523127296,150228.0751291387,5009.321544689958,2e-08
1.2000612476873527,0.0031540699129458064,9.37400773805638e-05,-3914.6319514862043,150215.99815013437,4881.5526672591095,2.1e-08
1.2000566539970334,0.003304271613186301,9.846736562182403e-05,-4593.690319202509,150201.70024049428,4727.288241260233,2.2e-08
1.2000513880029644,0.0034544568192802767,0.00010301414216945573,-5265.99406911193,150185.20609397575,4546.776547631703,2.2999999999999998e-08
1.200045457512391,0.0036046233635137043,0.00010735445028618177,-5930.49057346104,150166.54423342756,4340.308116726042,2.3999999999999997e-08
1.200038871372635,0.0037547691104746765,0.00011146266554954944,-6586.13975569339,150145.7469609722,4108.215263367668,2.4999999999999996e-08
1.200031639456872,0.0039048919607762296,0.00011531353710454301,-7231.915763092893,150122.85030155288,3850.871554993566,2.5999999999999995e-08
1.2000237726482552,0.004054989854716177,0.00011888222831825175,-7866.808616806201,150097.8939399475,3568.6912137087425,2.6999999999999994e-08
1.2000152828224186,0.004205060775867541,0.00012214435677144382,-8489.82583661472,150070.92115136367,3262.1284531920896,2.7999999999999993e-08
1.2000061828283808,0.0043551027545932815,0.00012507603352293454,-9099.994037865341,150041.9787257405,2931.6767514907065,2.8999999999999992e-08
1.1999964864678827,0.004505113871479176,0.00012765390158377623,-9696.360498011354,150011.11688589444,2577.8680608416958,2.999999999999999e-08
1.1999862084731925,0.004655092260678833,0.00012985517353953602,-10277.994690261361,149978.3891996568,2201.271955759796,3.099999999999999e-08
1.1999753644834106,0.004805036113164996,0.0001316576682602628,-10843.989781884173,149943.85248616274,1802.4947207267746,3.1999999999999995e-08
1.1999639710193157,0.0049549436798814565,0.00013303984663917698,-11393.464094771709,149907.5667164603,1382.1783789141712,3.3e-08
1.1999520454567898,0.005104813274790076,0.0001339808463026416,-11925.562525919688,149869.59490861956,940.9996634645979,3.4e-08
1.1999396059988643,0.005254643277807607,0.0001344605152355898,-12439.457925547289,149830.0030175308,479.6689329482002,3.5e-08
1.1999266716464336,0.005404432137627197,0.00013445944426828977,-12934.35243064202,149788.85981959058,-1.0709673000334305,3.6000000000000005e-08
1.1999132621676818,0.00555417837441968,0.00013395899837211994,-13409.47875178454,149746.23679248313,-500.4458961698225,3.700000000000001e-08
1.1998993980662707,0.005703880582409953,0.00013294134671390422,-13864.101411180127,149702.20799027322,-1017.6516582157243,3.800000000000001e-08
1.1998851005483409,0.005853537432323988,0.00013138949142031393,-14297.517929898777,149656.84991403486,-1551.855293590304,3.900000000000001e-08
1.1998703914883784,0.006003147673702236,0.0001292872950058795,-14709.059962404388,149610.2413782476,-2102.1964144344283,4.0000000000000014e-08
1.1998552933940019,0.006152710137075436,0.00012661950642026612,-15098.094376535139,149562.46337319966,-2667.7885856133794,4.1000000000000016e-08
1.1998398293697248,0.006302223735999079,0.00012337178567265088,-15464.024277181785,149513.59892364382,-3247.7207476152284,4.200000000000002e-08
1.1998240230797528,0.006451687468943037,0.00011953072699329197,-15806.289971998136,149463.73294395808,-3841.0586793588986,4.300000000000002e-08
1.1998078987098753,0.006601100421033106,0.00011508388049469829,-16124.369877568282,149412.95209006916,-4446.846498593683,4.4000000000000023e-08
1.1997914809285106,0.006750461765641509,0.00011001977229718847,-16417.781364548104,149361.34460840194,-5064.108197509822,4.5000000000000026e-08
1.1997747948469701,0.0068997707658236315,0.00010432792308606732,-16686.08154039409,149309.00018212287,-5691.849211121155,4.600000000000003e-08
1.1997578659790018,0.007049026775598581,9.799886507014137e-05,-16928.86796839034,149256.00977494955,-6329.058015925948,4.700000000000003e-08
1.19974072019968,0.007198229241071384,9.102415731384044e-05,-17145.779321784765,149202.46547280255,-6974.707756300926,4.800000000000003e-08
1.199723383703708,0.0073473777013949625,8.339639941780411e-05,-17336.49597194775,149148.46032357853,-7627.757896036315,4.9000000000000035e-08
1.1997058829631984,0.00749647178957029,7.510924352542765e-05,-17500.740509570627,149094.08817532676,-8287.155892376468,5.000000000000004e-08
1.1996882446850003,0.007645511233083402,6.615740463553615e-05,-17638.27819802745,149039.44351311302,-8951.838889891504,5.100000000000004e-08
1.1996704957676423,0.007794495854378259,5.653666920406576e-05,-17748.917358130973,148984.62129485674,-9620.735431470388,5.200000000000004e-08
1.1996526632579587,0.007943425571164687,4.624390202037065e-05,-17832.509683623084,148929.71678642827,-10292.767183695103,5.3000000000000044e-08
1.1996347743074718,0.00809230039656098,3.527705134654158e-05,-17888.950486850114,148874.82539629377,-10966.850673829073,5.400000000000005e-08
1.1996168561285976,0.008241120439070975,2.3635152310910676e-05,-17918.178874185258,148820.04250999552,-11641.899035630908,5.500000000000005e-08
1.1995989359507466,0.008389885902395729,1.1318328549723842e-05,-17920.177850872686,148765.46332475476,-12316.823761186834,5.600000000000005e-08
1.1995810409763916,0.008538597085080212,-1.6722079062180817e-06,-17894.97435508138,148711.1826844835,-12990.536455941923,5.7000000000000054e-08
1.1995631983371706,0.008687254379995702,-1.533415850031966e-05,-17842.639221070647,148657.29491549023,-13661.950594101576,5.8000000000000056e-08
1.1995454350500991,0.008835858273658865,-2.9664141771890152e-05,-17763.287071483694,148603.89366316271,-14329.98327157049,5.900000000000006e-08
1.1995277779739602,0.008984409345388774,-4.465769872548698e-05,-17657.076138900222,148551.0717299082,-14993.556953596822,6.000000000000006e-08
1.1995102537659432,0.009132908266303403,-6.03092999397812e-05,-17524.208016893812,148498.92091462936,-15651.60121429422,6.100000000000006e-08
1.1994928888386023,0.009281355798157413,-7.661235440500529e-05,-17364.92734095435,148447.53185401,-16303.054465224097,6.200000000000005e-08
1.1994757093172026,0.009429752792023295,-9.355922007524003e-05,-17179.521399750134,148396.99386588176,-16946.865670234736,6.300000000000005e-08
1.1994587409975253,0.009578100186818234,-0.00011114121611901275,-16968.31967731797,148347.3947949377,-17581.996043772728,6.400000000000004e-08
1.1994420093041984,0.00972639900767929,-0.00012934863684891849,-16731.693326882683,148298.82086105522,-18207.42072990572,6.500000000000004e-08
1.1994255392496214,0.009874650364189774,-0.0001481707673082421,-16470.054577119696,148251.3565104849,-18822.130459323613,6.600000000000004e-08
1.1994093553935496,0.010022855448459931,-0.00016759590048986002,-16183.856071785305,148205.08427015634,-19425.133181617897,6.700000000000003e-08
1.199393481803406,0.010171015533065278,-0.00018761135616003619,-15873.59014374923,148160.08460534664,-20015.45567017617,6.800000000000003e-08
1.1993779420153814,0.01031913196884623,-0.0002082035012571066,-15539.788024572303,148116.4357809509,-20592.145097070414,6.900000000000002e-08
1.1993627589963904,0.010467206182572816,-0.00022935777183247052,-15183.018990878865,148074.21372658678,-21154.270575363902,7.000000000000002e-08
1.1993479551069415,0.010615239674478576,-0.00025105869649878255,-14803.889448878299,148033.49190575906,-21700.92466631201,7.100000000000001e-08
1.199333552064983,0.010763234015667878,-0.00027328992134776964,-14403.041958492902,147994.34118930245,-22231.22484898709,7.200000000000001e-08
1.1993195709107844,0.010911190845401191,-0.0002960342362976863,-13981.154198649963,147956.82973331294,-22744.314949916672,7.3e-08
1.199306031972909,0.011059111868262961,-0.0003192736028280737,-13538.937875393989,147921.0228617708,-23239.366530387382,7.4e-08
1.1992929548353344,0.011206998851217011,-0.0003429891830572081,-13077.137574570725,147886.98295404916,-23715.580229134368,7.5e-08
1.1992803583057734,0.011354853620554505,-0.0003671613701154153,-12596.529560927393,147854.76933749454,-24172.18705820716,7.599999999999999e-08
1.1992682603852478,0.011502678058739762,-0.00039176981976529334,-12097.920525563506,147824.43818525595,-24608.449649878046,7.699999999999999e-08
1.199256678238964,0.011650474101159294,-0.00041679348321783114,-11582.146283753427,147796.04241953115,-25023.66345253781,7.799999999999998e-08
1.1992456281685386,0.011798243732779682,-0.00044221064109143727,-11050.070425245367,147769.6316203884,-25417.157873606116,7.899999999999998e-08
1.1992351255856195,0.011945988984719996,-0.00046799893845900697,-10502.582919221695,147745.25194031332,-25788.297367569685,7.999999999999998e-08
1.1992251849869433,0.012093711930744617,-0.0004941354209263576,-9940.598676181962,147722.94602462053,-26136.482467350645,8.099999999999997e-08
1.1992158199308742,0.012241414683682476,-0.0005205965716836574,-9365.05606908287,147702.75293785954,-26461.150757299758,8.199999999999997e-08
1.199207043015458,0.012389099391778811,-0.0005473583494698621,-8776.915416138467,147684.7080963352,-26761.777786204715,8.299999999999996e-08
1.1991988658580301,0.012536768234985663,-0.000574396227388664,-8177.157427748786,147668.84320685174,-27037.877918801885,8.399999999999996e-08
1.19919129907641,0.012684423421197443,-0.000601685232513045,-7566.7816200860925,147655.18621178,-27289.005124380903,8.499999999999995e-08
1.199184352271712,0.01283206718243798,-0.0006291999862142199,-6946.804697924516,147643.76124053655,-27514.75370117493,8.599999999999995e-08
1.1991780340128027,0.012979701771005533,-0.0006569147451495551,-6318.258909351215,147634.588567553,-27714.75893533526,8.699999999999995e-08
1.1991723518224275,0.013127329455582336,-0.000684803442842952,-5682.190375045044,147627.68457680306,-27888.69769339688,8.799999999999994e-08
1.1991673121650326,0.01327495251731528,-0.0007128397317902036,-5039.657394852095,147623.06173294445,-28036.28894725155,8.899999999999994e-08
1.1991629204362981,0.013422573245874403,-0.0007409970260209602,-4391.728734426152,147620.72855912143,-28157.29423075663,8.999999999999993e-08
1.1991591809544033,0.013570193935495866,-0.0007692485440481814,-3739.481894736154,147620.68962146374,-28251.518027221202,9.099999999999993e-08
1.1991560969530362,0.013717816881016172,-0.000797567352135307,-3084.001367272014,147622.94552030592,-28318.808087125548,9.199999999999992e-08
1.1991536705761583,0.013865444373904313,-0.0008259264078108531,-2426.3768778045887,147627.49288814102,-28359.055675546002,9.299999999999992e-08
1.1991519028745368,0.014013078698298624,-0.0008542986035597268,-1767.7016215751325,147634.32439431103,-28372.195748873793,9.399999999999992e-08
1.199150793804044,0.01416072212705505,-0.0008826568106202609,-1109.070492804276,147643.42875642606,-28358.20706053406,9.499999999999991e-08
1.1991503422257326,0.014308376917813543,-0.0009109739228157902,-451.57831142025725,147654.79075849336,-28317.11219552923,9.599999999999991e-08
1.1991505459076828,0.014456045309089269,-0.0009392229003495395,203.68195008909981,147668.39127572606,-28248.97753374925,9.69999999999999e-08
1.1991514015286195,0.014603729516395261,-0.0009673768134916492,855.6209367963378,147684.2073059914,-28153.91314210967,9.79999999999999e-08
1.1991529046832952,0.014751431728403108,-0.000995408886087346,1503.1546755271256,147702.2120078471,-28032.07259569684,9.89999999999999e-08
1.1991550498896253,0.014899154103148212,-0.0010232925388155634,2145.206330236818,147722.37474510373,-27883.65272821752,9.999999999999989e-08
1.199157830597571,0.015046898764286054,-0.0010510014321277311,2780.7079456968495,147744.66113784155,-27708.893312167686,1.0099999999999989e-07
1.1991612391997477,0.015194667797405852,-0.0010785095087969831,3408.6021766369863,147769.033119798,-27508.076669252026,1.0199999999999988e-07
1.1991652670437472,0.015342463246407886,-0.0011057910360086844,4027.843999514283,147795.44900203374,-27281.527211701352,1.0299999999999988e-07
1.1991699044461512,0.01549028710995066,-0.0011328206469239342,4637.4024041092525,147823.86354277362,-27029.610915249767,1.0399999999999987e-07
1.1991751407082134,0.01563814133797397,-0.001159573381648581,5236.262062184143,147854.2280233095,-26752.73472464672,1.0499999999999987e-07
1.1991809641331839,0.015786027828303812,-0.0011860247275412715,5823.424970477355,147886.490329842,-26451.345892690577,1.0599999999999986e-07
1.1991873620452491,0.01593394842334494,-0.0012121506587951518,6397.912065351734,147920.59504112852,-26125.931253880346,1.0699999999999986e-07
1.1991943208100555,0.016081904906866736,-0.001237927675229042,6958.764806462724,147956.4835217953,-25777.016433890058,1.0799999999999986e-07
1.1992018258567825,0.016229899000887896,-0.001263332840225218,7505.046726865049,147994.0940211623,-25405.164996176016,1.0899999999999985e-07
1.1992098617017295,0.016377932362665316,-0.0012883438177523486,8035.844947033639,148033.36177742024,-25010.977527130595,1.0999999999999985e-07
1.1992184119733797,0.016526006581792305,-0.0013129389084136458,8550.271650335711,148074.2191269906,-24595.09066129711,1.1099999999999984e-07
1.1992274594388974,0.016674123177411196,-0.0013370970844619042,9047.465517556318,148116.5956188906,-24158.17604825847,1.1199999999999984e-07
1.1992369860320156,0.016822283595545114,-0.001360798023724812,9526.593118148956,148160.4181339172,-23700.939262907705,1.1299999999999983e-07
1.1992469728822714,0.016970489206553568,-0.0013840221423857125,9986.850255956035,148205.61100845507,-23224.118660900633,1.1399999999999983e-07
1.1992574003455387,0.017118741302716275,-0.0014067506265668928,10427.46326722087,148252.0961627072,-22728.4841811802,1.1499999999999983e-07
1.1992682480358074,0.017267041095949412,-0.0014289654626644405,10847.690268793302,148299.79323313772,-22214.83609754766,1.1599999999999982e-07
1.199279494858162,0.017415389715658324,-0.0014506494663857788,11246.822354514894,148348.61970891053,-21684.003721338202,1.1699999999999982e-07
1.1992911190428999,0.017563788206730425,-0.001471786310443116,11624.184737856767,148398.4910720994,-21136.844057337228,1.1799999999999981e-07
1.1993030981807389,0.017712237527671863,-0.0014923605508582645,11979.137838973293,148449.32094143957,-20574.240415148553,1.1899999999999981e-07
1.1993154092590532,0.017860738548891246,-0.0015123576518365613,12311.078314428001,148501.02121938355,-19997.100978296858,1.199999999999998e-07
1.199328028699081,0.018009292051133465,-0.0015317640091699752,12619.440027943885,148553.502242219,-19406.357333413915,1.209999999999998e-07
1.1993409323940416,0.018157898724066465,-0.0015505669721318964,12903.694960628709,148606.67293300005,-18802.96296192126,1.219999999999998e-07
1.1993540957481008,0.018306559165023505,-0.0015687548638285774,13163.354059226764,148660.44095703887,-18187.89169668083,1.229999999999998e-07
1.1993674937161218,0.018455273877903203,-0.0015863169999747173,13397.968021051494,148714.71287969901,-17562.136146139903,1.239999999999998e-07
1.1993811008441362,0.01860404327222943,-0.0016032437060632644,13607.1280143585,148769.39432622824,-16926.706088547053,1.2499999999999978e-07
1.1993948913104693,0.018752867662372795,-0.001619526332902126,13790.466333025292,148824.39014336347,-16282.62683886174,1.2599999999999978e-07
1.1994088389674538,0.018901747266935234,-0.001635157270493148,13947.656984512641,148879.6045624381,-15630.937591021924,1.2699999999999977e-07
1.199422917383664,0.019050682208298954,-0.0016501299602314189,14078.416210192467,148934.94136371778,-14972.689738270938,1.2799999999999977e-07
1.199437099886601,0.019199672512340643,-0.0016644389054056965,14182.502937238269,148990.30404168833,-14308.945174277584,1.2899999999999977e-07
1.1994513596057625,0.01934871810831166,-0.0016780796799835077,14259.71916138659,149045.59597101723,-13640.774577811258,1.2999999999999976e-07
1.1994656695160226,0.019497818828884565,-0.0016910489356672651,14309.910259991035,149100.72057290774,-12969.255683757327,1.3099999999999976e-07
1.1994800024812575,0.019646974410366128,-0.0017033444072105418,14332.965234904303,149155.581481564,-12295.471543276713,1.3199999999999975e-07
1.1994943312981423,0.019796184493076612,-0.0017149649159864696,14328.816884838043,149210.08271048358,-11620.508775927823,1.3299999999999975e-07
1.1995086287400494,0.019945448621894905,-0.001725910371803048,14297.441906964934,149264.12881829403,-10945.455816578366,1.3399999999999974e-07
1.199522867600977,0.020094766246968754,-0.0017361817729629875,14238.860927642198,149317.62507385,-10271.401159939594,1.3499999999999974e-07
1.1995370207394394,0.020244136724589062,-0.0017457812045685432,14153.13846225041,149370.47762030692,-9599.431605555726,1.3599999999999974e-07
1.1995510611222435,0.02039355931822695,-0.0017547118350746203,14040.382804255854,149422.59363788954,-8930.630506077025,1.3699999999999973e-07
1.1995649618680873,0.020543033199732025,-0.0017629779110962564,13900.745843718645,149473.88150507383,-8266.076021636181,1.3799999999999973e-07
1.1995786962909027,0.020692557450689927,-0.0017705847504793906,13734.422815582135,149524.25095790313,-7606.839383134266,1.3899999999999972e-07
1.199592237942881,0.020842131063937088,-0.0017775387336466154,13541.651978191647,149573.6132471616,-6953.983167224711,1.3999999999999972e-07
1.1996055606571034,0.02099175294523022,-0.0017838472932323768,13322.714222602037,149621.8812931309,-6308.559585761512,1.4099999999999971e-07
1.1996186385897167,0.02114142191506788,-0.001789518902024828,13077.932613344,149668.96983765942,-5671.608792451263,1.419999999999997e-07
1.1996314462615782,0.021291136710661157,-0.0017945630592342457,12807.671861427973,149714.79559327677,-5044.157209417715,1.429999999999997e-07
1.1996439585993086,0.021440895988050247,-0.001798990275110598,12512.337730472045,149759.27738909118,-4427.2158763524285,1.439999999999997e-07
1.1996561509756856,0.021590698324363458,-0.0018028120539354839,12192.376376946157,149802.33631321148,-3821.778824885812,1.449999999999997e-07
1.1996679992493111,0.0217405422202149,-0.0018060408754162535,11848.273625628797,149843.8958514411,-3228.821480769499,1.459999999999997e-07
1.1996794798034927,0.021890426102236897,-0.001808690174512667,11480.554181474636,149883.8820219971,-2649.299096413674,1.469999999999997e-07
1.199690569584272,0.02204034832574291,-0.0018107743197289389,11089.780779191296,149922.2235060131,-2084.1452162717533,1.4799999999999968e-07
1.1997012461375438,0.0221903071775165,-0.0018123085899064487,10676.553271921293,149958.85177359224,-1534.2701775098208,1.4899999999999968e-07
1.1997114876452044,0.022340300878721683,-0.0018133091495547882,10241.507660520328,149993.7012051826,-1000.5596483395038,1.4999999999999968e-07
1.1997212729602695,0.022490327587929737,-0.001813793022761119,9785.315065015955,150026.7092080558,-483.87320633071135,1.5099999999999967e-07
1.1997305816409094,0.022640385404257415,-0.0018137780657200737,9308.680639920623,150057.81632767705,14.957041045113044,1.5199999999999967e-07
1.1997393939833445,0.022790472370611176,-0.0018132829379286142,8812.342435160454,150086.96635376292,495.1277914596812,1.5299999999999966e-07
1.199747691053549,0.02294058647703201,-0.0018123270720923628,8297.070204465392,150114.10642083318,955.8658362513099,1.5399999999999966e-07
1.199755454717712,0.02309072566413508,-0.0018109306427919693,7763.664163147788,150139.18710307055,1396.4293003934235,1.5499999999999965e-07
1.1997626676714093,0.02324088782663839,-0.0018091145339600163,7212.953697274621,150162.16250331321,1816.1088319528772,1.5599999999999965e-07
1.1997693134674356,0.023391070816974405,-0.001806900305220852,6645.796026313546,150182.99033601396,2214.2287391642076,1.5699999999999965e-07
1.199775376542257,0.023541272448978415,-0.001804310157147522,6063.074821404577,150201.63200401067,2590.1480733299977,1.5799999999999964e-07
1.1997808422410385,0.02369149050164738,-0.0018013668954916778,5465.69878147743,150218.05266896306,2943.2616558442287,1.5899999999999964e-07
1.199785696841208,0.0238417227229627,-0.001798093894443953,4854.600169499168,150232.2213153219,3273.0010477246346,1.5999999999999963e-07
1.1997899275745192,0.023991966833770407,-0.0017945150589838215,4230.733311197941,150244.11080770782,3578.8354601315727,1.6099999999999963e-07
1.1997935226475778,0.024142220531711996,-0.001790654786379377,3595.0730586659197,150253.69794158876,3860.272604444588,1.6199999999999962e-07
1.1997964712607991,0.024292481495199154,-0.0017865379268988135,2948.613221298234,150260.96348715606,4116.85948056358,1.6299999999999962e-07
1.1997987636257657,0.024442747387425467,-0.0017821897437966144,2292.3649665744733,150265.89222631243,4348.183102199119,1.6399999999999962e-07
1.199800390980959,0.024593015860408164,-0.0017776358726385986,1627.355193235314,150268.4729826959,4553.8711580158415,1.649999999999996e-07
1.1998013456058383,0.024743284559052843,-0.0017729022800310047,954.624879448762,150268.6986446773,4733.592607593886,1.659999999999996e-07
1.199801620833247,0.024893551125234125,-0.001768015221819729,275.22740859856265,150266.56618128042,4887.058211275798,1.669999999999996e-07
1.1998012110601224,0.025043813201885114,-0.0017630012008266588,-409.77312463874114,150262.07665098784,5014.020993070145,1.679999999999996e-07
1.1998001117564971,0.02519406843708852,-0.0017578869241907707,-1099.3036252317079,150255.23520340692,5114.2766358880435,1.689999999999996e-07
1.1997983194727742,0.025344314488162305,-0.001752699260382276,-1792.283723024691,150246.05107378424,5187.663808494826,1.699999999999996e-07
1.1997958318452646,0.025494549025732675,-0.0017474651959586101,-2487.6275095175406,150234.53757036955,5234.064423665905,1.7099999999999959e-07
1.1997926475999812,0.02564476973778732,-0.0017422117921314666,-3184.2452834330425,150220.71205464264,5253.403827143502,1.7199999999999958e-07
1.199788766554679,0.02579497433370175,-0.0017369661412143674,-3881.045302297596,150204.59591443074,5245.650917099052,1.7299999999999958e-07
1.1997841896191417,0.025945160548231705,-0.0017317553230204528,-4576.9355372515165,150186.21452995538,5210.818193914677,1.7399999999999957e-07
1.1997789187937133,0.026095326145464566,-0.001726606361280247,-5270.825428300545,150165.59723286238,5148.961740205921,1.7499999999999957e-07
1.199772957166076,0.026245468922722864,-0.00172154618014913,-5961.627637219528,150142.7772582997,5060.1811311169095,1.7599999999999956e-07
1.1997663089062807,0.026395586714412986,-0.001716601560874102,-6648.259795322782,150117.79169012207,4944.619275027971,1.7699999999999956e-07
1.1997589792600374,0.0265456773958123,-0.0017117990986891777,-7329.646243323559,150090.68139931298,4802.462184924467,1.7799999999999956e-07
1.1997509745402768,0.02669573888678803,-0.0017071651600083938,-8004.719760516987,150061.49097572733,4633.938680783923,1.7899999999999955e-07
1.1997423021169962,0.0268457691554413,-0.0017027258399849475,-8672.423280537121,150030.26865327076,4439.320023446396,1.7999999999999955e-07
1.1997329704054052,0.026995766221669944,-0.0016985069205044073,-9331.711590959158,149997.0662286428,4218.919480540213,1.8099999999999954e-07
1.199722988852391,0.02714572816064373,-0.0016945338286792656,-9981.55301404237,149961.93897378372,3973.091825141608,1.8199999999999954e-07
1.199712367921325,0.027295653106185903,-0.0016908315959113134,-10620.931065938043,149924.9455421761,3702.232767952196,1.8299999999999953e-07
1.1997011190752334,0.027445539254055067,-0.0016874248175874308,-11248.846091719404,149886.1478691634,3406.778323882574,1.8399999999999953e-07
1.1996892547583597,0.027595384865121527,-0.0016843376134733975,-11864.31687362739,149845.6110664588,3087.204114033381,1.8499999999999953e-07
1.1996767883761499,0.027745188268432554,-0.0016815935888692306,-12466.382209966847,149803.40331102873,2744.0246041668206,1.8599999999999952e-07
1.1996637342736878,0.0278949478641611,-0.0016792157965883688,-13054.102462132572,149759.5957285449,2377.792280861769,1.8699999999999952e-07
1.1996501077126205,0.02804466212643271,-0.0016772266998217249,-13626.561067293189,149714.2622716094,1989.0967666439665,1.879999999999995e-07
1.1996359248466062,0.028194329606025675,-0.0016756481359462454,-14182.866014313377,149667.47959296653,1578.5638754793881,1.889999999999995e-07
1.1996212026953257,0.028343948932939598,-0.001674501281336132,-14722.151280551228,149619.3269139245,1146.854610113438,1.899999999999995e-07
1.1996059591170984,0.028493518818827817,-0.001673806617233301,-15243.578227227403,149569.88588821824,694.664102831061,1.909999999999995e-07
1.1995902127801472,0.02864303805928937,-0.001673583896731998,-15746.336951126374,149519.24046155356,222.7205013030338,1.919999999999995e-07
1.1995739831325567,0.028792505536016453,-0.0016738521129307266,-16229.647590457145,149467.4767270803,-268.21619872854427,1.929999999999995e-07
1.199557290370974,0.028941920218793504,-0.001674629468302814,-16692.761582771353,149414.68277704914,-777.3553720873272,1.939999999999995e-07
1.199540155408101,0.029091281167344416,-0.0016759333453350157,-17134.962872910633,149360.94855091427,-1303.8770322016035,1.9499999999999948e-07
1.199522599839032,0.029240587533024567,-0.00167778027848156,-17555.569069032277,149306.36568014981,-1846.9331465444968,1.9599999999999948e-07
1.199504645906487,0.029389838560354622,-0.0016801859274789583,-17953.93254484256,149251.02733005406,-2405.64899739823,1.9699999999999947e-07
1.199486316465001,0.02953903358839344,-0.0016831650520647498,-18329.44148625051,149195.02803882048,-2979.1245857914782,1.9799999999999947e-07
1.1994676349441202,0.0296881720519476,-0.001686731488141138,-18681.520880741282,149138.46355415977,-3566.4360763883187,1.9899999999999947e-07
1.1994486253106724,0.029837253482615362,-0.0016908981254221782,-19009.63344785731,149081.43066776067,-4166.637281040077,1.9999999999999946e-07
1.1994293120301631,0.029986277509663244,-0.0016956768866008259,-19313.280509267493,149024.0270478817,-4778.761178647577,2.0099999999999946e-07
1.1994097200273661,0.030135243860733612,-0.001701078708069747,-19592.002796998895,148966.3510703685,-5401.821468921052,2.0199999999999945e-07
1.1993898746461675,0.030284152362382005,-0.0017071135222273153,-19845.381198502444,148908.50164839387,-6034.8141575683785,2.0299999999999945e-07
1.1993698016087302,0.030433002940443224,-0.0017137902413977048,-20073.037437323215,148850.5780612207,-6676.719170389429,2.0399999999999944e-07
1.199349526974042,0.03058179562022551,-0.00172111674339141,-20274.634688247286,148792.67978228745,-7326.501993705331,2.0499999999999944e-07
1.199329077095916,0.03073053052653243,-0.0017290998587299164,-20449.878125900414,148734.90630691877,-7983.115338506374,2.0599999999999944e-07
1.1993084785805102,0.030879207883512394,-0.0017377453595555775,-20598.515405879065,148677.3569799626,-8645.500825661233,2.0699999999999943e-07
1.1992877582434325,0.03102782801433605,-0.0017470579502450708,-20720.33707760122,148620.1308236557,-9312.590689493305,2.0799999999999943e-07
1.1992669430665044,0.03117639134070207,-0.001757041259742068,-20815.176928172805,148563.32636601813,-9983.309496997197,2.0899999999999942e-07
1.1992460601542476,0.031324898382172145,-0.001767697835622008,-20882.912256675485,148507.04147007663,-10656.575879939955,2.0999999999999942e-07
1.1992251366901692,0.03147334975533636,-0.0017790291398990755,-20923.46407839261,148451.373164214,-11331.304277067506,2.1099999999999941e-07
1.1992041998929106,0.0316217461728103,-0.0017910355465826926,-20936.797258602157,148396.41747393963,-12006.406683617055,2.119999999999994e-07
1.199183276972335,0.03177008844206567,-0.0018037163409880136,-20922.920575678534,148342.2692553738,-12680.794405320881,2.129999999999994e-07
1.1991623950856216,0.031918377464096405,-0.0018170697208020898,-20881.886713358752,148289.02203073382,-13353.379814076203,2.139999999999994e-07
1.1991415812934394,0.03206661423192251,-0.0018310927989045394,-20813.792182142617,148236.76782610704,-14023.078102449539,2.149999999999994e-07
1.1991208625162695,0.0322147998289343,-0.0018457816079387216,-20718.77716991114,148185.59701179084,-14688.809034182277,2.159999999999994e-07
1.1991002654909475,0.03236293542707978,-0.0018611311066265887,-20597.02532196193,148135.59814547483,-15349.4986878671,2.169999999999994e-07
1.1990798167274968,0.032511022284898314,-0.001877135187817561,-20448.76345077501,148086.85781853498,-16004.081190972438,2.1799999999999938e-07
1.1990595424663208,0.03265906174540402,-0.0018937866882589652,-20274.261175936776,148039.4605057037,-16651.500441404234,2.1899999999999938e-07
1.1990394686358261,0.032807055233822394,-0.0019110774000727763,-20073.830494763784,147993.48841837337,-17290.711813811122,2.1999999999999938e-07
1.199019620810542,0.032955004255184175,-0.0019289980839206368,-19847.825284281374,147949.02136178414,-17920.683847860444,2.2099999999999937e-07
1.1990000241698067,0.03310291039178052,-0.0019475384838363754,-19596.64073532458,147906.13659633964,-18540.39991573862,2.2199999999999937e-07
1.198980703457087,0.0332507753004838,-0.001966687343702535,-19320.712719640367,147864.9087032866,-19148.859866159837,2.2299999999999936e-07
1.198961682939996,0.03339860070993879,-0.0019864324253447375,-19020.517090980426,147825.40945498671,-19745.081642202273,2.2399999999999936e-07
1.1989429863710748,0.03354638841762879,-0.0020067605282150683,-18696.568921282786,147787.70769000027,-20328.102870330647,2.2499999999999935e-07
1.1989246369494015,0.03369414028682198,-0.002027657510633076,-18349.42167314771,147751.86919319318,-20896.98241800802,2.2599999999999935e-07
1.1989066572830915,0.03384185824340305,-0.0020491083125504243,-17979.666309919055,147717.95658106916,-21450.801917348294,2.2699999999999935e-07
1.1988890693527468,0.03398954427259557,-0.002071096979802738,-17587.93034478573,147686.02919252036,-21988.667252313702,2.2799999999999934e-07
1.1988718944759162,0.03413720041558075,-0.002093606689809757,-17174.876830419482,147656.14298517967,-22509.710007018817,2.2899999999999934e-07
1.1988551532726255,0.0342848287660183,-0.002116619778682521,-16741.203290764286,147628.3504375483,-23013.088872763772,2.2999999999999933e-07
1.1988388656320288,0.034432431466475365,-0.002140117769694006,-16287.640596689313,147602.70045706222,-23497.991011485025,2.3099999999999933e-07
1.1988230506802415,0.03458001070476961,-0.002164081403067387,-15814.951787311335,147579.2382942505,-23963.633373381275,2.3199999999999932e-07
1.1988077267494026,0.03472756871023274,-0.002188490667033933,-15323.930838883573,147558.0054631283,-24409.263966545597,2.3299999999999932e-07
1.1987929113480194,0.0348751077499007,-0.002213324830110445,-14815.401383236005,147539.0396679564,-24834.163076511886,2.3399999999999932e-07
1.1987786211326414,0.03502263012463719,-0.0022385624745441496,-14290.215377837067,147522.37473648842,-25237.644433704583,2.349999999999993e-07
1.1987648718809119,0.035170138165197005,-0.0022641815308710143,-13749.251729628142,147508.04055981568,-25619.056326864895,2.359999999999993e-07
1.198751678466037,0.03531763422823592,-0.002290159313531629,-13193.414874860318,147496.06303890853,-25977.782660614448,2.369999999999993e-07
1.1987390548327197,0.03546512069227386,-0.0023164725574870374,-12623.633317237183,147486.46403794177,-26313.24395540829,2.379999999999993e-07
1.198727013974593,0.03561259995361834,-0.0023430974557752606,-12040.85812673804,147479.2613444803,-26624.898288223158,2.389999999999993e-07
1.1987155679131913,0.03576007442225493,-0.0023700096979476846,-11446.061401562547,147474.4686365896,-26912.242172423994,2.3999999999999934e-07
1.1987047276784957,0.03590754651771185,-0.002397184509323036,-10840.23469570036,147472.09545692432,-27174.811375351317,2.4099999999999937e-07
1.198694503291081,0.03605501866490569,-0.0024245966909953107,-10224.387414687735,147472.14719383648,-27412.181672274557,2.419999999999994e-07
1.1986849037458989,0.03620249328997522,-0.0024522206605307718,-9599.545182167218,147474.62506953333,-27623.969535461114,2.429999999999994e-07
1.198675936997719,0.03634997281611052,-0.0024800304932879897,-8966.74817991615,147479.526135303,-27809.832757217977,2.4399999999999943e-07
1.198667609948255,0.036497459659384335,-0.0025079999642938617,-8327.04946405504,147486.84327381497,-27969.4710058718,2.4499999999999945e-07
1.1986599284349948,0.03664495622459282,-0.002536102590607626,-7681.513260187403,147496.56520849044,-28102.626313764227,2.459999999999995e-07
1.1986528972217545,0.03679246490111275,-0.002564311674104078,-7031.213240258656,147508.6765199261,-28209.083496451825,2.469999999999995e-07
1.1986465199909706,0.0369399880587821,-0.002592600344606492,-6377.230783952903,147523.15766934367,-28288.67050241412,2.479999999999995e-07
1.198640799337743,0.03708752804381112,-0.00262094160329918,-5720.653227472852,147539.9850290256,-28341.258692688363,2.4899999999999954e-07
1.1986357367656404,0.03723508717473081,-0.0026493083663491463,-5062.5721025697,147559.13091968704,-28366.763049966194,2.4999999999999957e-07
1.1986313326842717,0.037382667738385535,-0.0026776735086659507,-4404.08136870652,147580.56365472125,-28365.142316804373,2.509999999999996e-07
1.1986275864086304,0.03753027198597678,-0.0027060099077286705,-3746.275641250445,147604.2475912467,-28336.3990627197,2.519999999999996e-07
1.198624496160212,0.03767790212916466,-0.002734290487408727,-3090.248418595759,147630.14318787114,-28280.579680056428,2.5299999999999963e-07
1.1986220590699008,0.037825560336233736,-0.00276248826171736,-2437.0903111218804,147658.2070690784,-28197.774308632834,2.5399999999999965e-07
1.198620271182626,0.03797324872832987,-0.0027905763784066523,-1787.887274887088,147688.39209613256,-28088.116689292223,2.549999999999997e-07
1.198619127463773,0.03812096937577426,-0.002818528162353254,-1143.7188529508012,147720.64744438368,-27951.783946601612,2.559999999999997e-07
1.1986186218073458,0.038268724294461105,-0.0028463171586543133,-505.65642720417713,147754.9186868489,-27788.99630105925,2.569999999999997e-07
1.1986187470458622,0.03841651544234504,-0.0028739171753656024,125.23851642910836,147791.14788393298,-27600.01671128919,2.5799999999999974e-07
1.1986194949619688,0.038564344716024185,-0.0029013023258124197,747.9161065828703,147829.27367914206,-27385.150446817337,2.5899999999999976e-07
1.1986208563017549,0.03871221394742482,-0.0029284470704045583,1361.3397860178386,147869.23140063504,-27144.744592138646,2.599999999999998e-07
1.1986228207897442,0.03886012490059327,-0.0029553262578874574,1964.4879893915552,147910.95316844757,-26879.18748289895,2.609999999999998e-07
1.1986253771455406,0.03900807926860048,-0.0029819151659625847,2556.3557964869688,147954.36800721425,-26588.908075127332,2.6199999999999983e-07
1.1986285131020988,0.03915607867056469,-0.0030081895412111506,3135.9565581997576,147999.40196420602,-26274.375248565724,2.6299999999999985e-07
1.1986322154255915,0.039304124648797185,-0.0030341256382564017,3702.3234926307923,148045.97823249103,-25936.0970452512,2.639999999999999e-07
1.1986364699368401,0.039452218666076205,-0.003059700258101015,4254.5112486809985,148094.01727901888,-25574.61984461325,2.649999999999999e-07
1.1986412615342747,0.03960036210305363,-0.0030848907855774675,4791.597434601111,148143.43697741991,-25190.5274764528,2.659999999999999e-07
1.1986465742183838,0.039748556255798935,-0.0031096752258507393,5312.684109008305,148194.15274530402,-24784.440273271866,2.6699999999999994e-07
1.1986523911176157,0.03989680233348477,-0.0031340322399142613,5816.899231945363,148246.07768583548,-24357.01406352214,2.6799999999999996e-07
1.1986586945156894,0.040045101456218125,-0.003157941179021699,6303.398073625691,148299.12273335352,-23908.939107437494,2.69e-07
1.198665465880268,0.040193454653020926,-0.003181382117998908,6771.36457857912,148353.19680280137,-23440.938977209138,2.7e-07
1.198672685892951,0.04034186285996365,-0.0032043358873822606,7220.012682988763,148408.20694272043,-22953.769383352665,2.7100000000000003e-07
1.1986803344805341,0.04049032691845521,-0.0032267841043314644,7648.587583088195,148464.05849155984,-22448.216949203703,2.7200000000000005e-07
1.1986883908474868,0.04063884757369225,-0.003248709202267027,8056.366952570636,148520.65523704607,-21925.097935562695,2.730000000000001e-07
1.1986968335095938,0.040787425473270605,-0.003270094459184617,8442.662107047632,148577.89957835214,-21385.256917589777,2.740000000000001e-07
1.1987056403287075,0.04093606116596141,-0.0032909240246007444,8806.819113683616,148635.6926908006,-20829.565416127432,2.750000000000001e-07
1.1987147885485518,0.041084755100654236,-0.003311182945086446,9148.21984422465,148693.93469283055,-20258.920485701492,2.7600000000000014e-07
1.1987242548315216,0.041233507625469186,-0.003330857188347966,9466.282969734408,148752.5248149538,-19674.24326152006,2.7700000000000016e-07
1.198734015296417,0.04138231898703961,-0.003349933665815821,9760.46489544778,148811.36157042295,-19076.477467854955,2.780000000000002e-07
1.1987440455570513,0.04153118932996694,-0.0033684002537060723,10030.26063425239,148870.3429273292,-18466.58789025111,2.790000000000002e-07
1.1987543207616687,0.04168011869644878,-0.0033862458125201384,10275.2046174104,148929.36648184623,-17845.558814066022,2.8000000000000023e-07
1.1987648156331099,0.041829107026081114,-0.003403460204952032,10494.871441237208,148988.32963233284,-17214.39243189381,2.8100000000000025e-07
1.1987755045096584,0.04197815415583512,-0.003420034312174508,10688.876548559809,149047.12975400605,-16574.10722247638,2.820000000000003e-07
1.1987863613865024,0.04212725982020901,-0.003435960048478256,10856.87684388542,149105.6643738936,-15925.736303747866,2.830000000000003e-07
1.1987973599577437,0.04227642365155479,-0.0034512303742409538,10998.57124132042,149163.83134577464,-15270.325762697677,2.840000000000003e-07
1.1988084736588882,0.042425645180579605,-0.0034658393072057258,11113.701144390296,149221.52902481594,-14608.932964772031,2.8500000000000034e-07
1.1988196757097451,0.04257492383702122,-0.00347978193205129,11202.050857023303,149278.65644161103,-13942.624845563992,2.8600000000000036e-07
1.1988309391576701,0.042724258950496544,-0.0034930544082388574,11263.447925073262,149335.11347532982,-13272.476187567472,2.870000000000004e-07
1.198842236921078,0.04287364975152223,-0.003505653976123649,11297.763407870583,149390.80102568676,-12599.567884791526,2.880000000000004e-07
1.1988535418331574,0.04302309537270567,-0.0035175789613216967,11304.912079404778,149445.6211834368,-11924.985198047532,2.8900000000000043e-07
1.1988648266857163,0.04317259485010478,-0.00352882877732543,11284.852558856212,149499.47739911012,-11249.816003733462,2.9000000000000045e-07
1.1988760642730865,0.043322147124754476,-0.0035394039263643767,11237.587370309639,149552.27464969814,-10575.149038946442,2.910000000000005e-07
1.198887227436018,0.043471751044357486,-0.003549305998510134,11163.162931596735,149603.9196030066,-9902.0721457572,2.920000000000005e-07
1.1988982891054905,0.04362140536513688,-0.0035585376690276116,11061.66947232941,149654.32077939375,-9231.670517477809,2.930000000000005e-07
1.1989092223463718,0.043771108753847494,-0.003567102693977359,10933.240881299796,149703.3887106157,-8565.024949747309,2.9400000000000054e-07
1.1989200004008553,0.043920859789943,-0.0035750059040766074,10778.054483536444,149751.03609550445,-7903.210099248567,2.9500000000000056e-07
1.1989305967316028,0.04407065696789521,-0.0035822531968294612,10596.33074741905,149797.17795220893,-7247.292752853884,2.960000000000006e-07
1.1989409850645252,0.04422049869966194,-0.003588851526939438,10388.332922366002,149841.73176673407,-6598.330109976643,2.970000000000006e-07
1.198951139431133,0.044370383317299464,-0.0035948088950203197,10154.36660771986,149884.6176375179,-5957.3680808816725,2.9800000000000063e-07
1.1989610342103865,0.044520309075715254,-0.003600134334623998,9894.77925356541,149925.7584157933,-5325.43960367804,2.9900000000000065e-07
1.1989706441699808,0.044670274155556744,-0.0036048378976066826,9609.95959432313,149965.0798414865,-4703.562982684786,3.000000000000007e-07
1.1989799445069969,0.04482027666623115,-0.0036089306378575053,9300.337016067373,150002.51067441134,-4092.740250822716,3.010000000000007e-07
1.1989889108878555,0.04497031464905168,-0.003612424593416149,8966.380858623383,150037.98282052568,-3493.955558643846,3.020000000000007e-07
1.198997519487509,0.0451203860805047,-0.0036153327670087137,8608.599653600131,150071.43145302363,-2908.173592564593,3.0300000000000074e-07
1.1990057470278088,0.045270488875632744,-0.003617669105033533,8227.540299616738,150102.79512804546,-2336.3380248193307,3.0400000000000076e-07
1.199013570814985,0.04542062089152754,-0.0036194484750311307,7823.787176078866,150132.0158947954,-1779.3699975976292,3.050000000000008e-07
1.199020968776182,0.04557077993092741,-0.003620686641674902,7397.961196957702,150159.03939986625,-1238.166643771476,3.060000000000008e-07
1.199027919494988,0.04572096374591299,-0.00362140024132146,6950.718806117903,150183.81498557937,-713.5996465580922,3.0700000000000083e-07
1.1990344022459039,0.04587117004169514,-0.00362160675516186,6482.750915832038,150206.29578215763,-206.51384039977552,3.0800000000000085e-07
1.1990403970276942,0.046021396480488704,-0.0036213244810171345,5994.781790207442,150226.43879355935,282.27414472541744,3.090000000000009e-07
1.1990458845955696,0.04617164068546552,-0.0036205725038237152,5487.567875336932,150244.20497681157,751.977193419229,3.100000000000009e-07
1.1990508464921477,0.04632190024478021,-0.003619370664856379,4961.896578067379,150259.5593146911,1201.8389673361685,3.110000000000009e-07
1.199055265077143,0.04647217271566182,-0.003617739529738357,4418.58499535961,150272.4708816141,1631.135118022189,3.1200000000000094e-07
1.1990591235557393,0.04662245562856442,-0.0036157003552901496,3858.4785962893093,150282.91290260438,2039.174448207433,3.1300000000000096e-07
1.199062406005598,0.04677274649136965,-0.0036132750552704254,3282.4498588116285,150290.86280522423,2425.3000197242704,3.14000000000001e-07
1.1990650974024615,0.04692304279363401,-0.003610486165064118,2691.3968634816765,150296.30226436185,2788.8902063073733,3.15000000000001e-07
1.1990671836443079,0.04707334201087379,-0.0036073568053744975,2086.241846389211,150299.21723978262,3129.3596896206345,3.1600000000000103e-07
1.1990686515740214,0.04722364160888016,-0.0036039106449775515,1467.9297136282923,150299.59800636323,3446.1603969461817,3.1700000000000105e-07
1.1990694890005411,0.0473739390480571,-0.003600171862598488,837.4265196815542,150297.4391769406,3738.782379063459,3.180000000000011e-07
1.1990696847184532,0.04752423178777482,-0.0035961651079715468,195.71791215382257,150292.7397177201,4006.7546269411605,3.190000000000011e-07
1.1990692285259985,0.047674517290731015,-0.003591915462145585,-456.19245465882886,150285.5029562007,4249.645825961611,3.200000000000011e-07
1.1990681112414636,0.0478247930273126,-0.0035874483970990893,-1117.28453483104,150275.7365815873,4467.065046495805,3.2100000000000114e-07
1.1990663247179316,0.047975056479950276,-0.003582789734729342,-1786.5235319240567,150263.45263767432,4658.662369747634,3.2200000000000116e-07
1.199063861856368,0.048125305147458476,-0.003577965605281454,-2462.861563538877,150248.66750819748,4824.129447887679,3.230000000000012e-07
1.1990607166170213,0.04827553654935314,-0.003573002405283854,-3145.239346654424,150231.40189466413,4963.199997600173,3.240000000000012e-07
1.1990568840291203,0.04842574823013983,-0.0035679267550575828,-3832.587901067024,150211.6807866857,5075.650226271242,3.2500000000000123e-07
1.199052360198852,0.048575937763564676,-0.003562765455867431,-4523.830268220055,150189.53342484983,5161.299190152056,3.2600000000000125e-07
1.1990471423156095,0.048726102756820856,-0.003557545446783494,-5217.883242689392,150164.99325618235,5220.009083937082,3.270000000000013e-07
1.199041228656496,0.04887624085470312,-0.003552293761322189,-5913.659113571161,150138.09788226307,5251.685461304879,3.280000000000013e-07
1.199034618589083,0.04902634974370319,-0.0035470374839361124,-6610.067413003379,150108.8890000728,5256.277386076836,3.290000000000013e-07
1.199027312572414,0.04917642715603886,-0.0035418037064223547,-7306.016669042376,150077.41233566153,5233.777513757668,3.3000000000000134e-07
1.199019312156254,0.0493264708736096,-0.0035366194843190245,-8000.416160108339,150043.71757074146,5184.222103330216,3.3100000000000136e-07
1.1990106199785857,0.04947647873187192,-0.0035315117933597383,-8692.177668212084,150007.85826232127,5107.690959286036,3.320000000000014e-07
1.1990012397613576,0.04962644862362743,-0.0035265074860557563,-9380.217228177045,149969.89175551047,5004.307303982229,3.330000000000014e-07
1.1989911763044876,0.049776378502717065,-0.0035216332484752327,-10063.456870076683,149929.8790896355,4874.237580523758,3.3400000000000143e-07
1.1989804354781355,0.04992626638761489,-0.0035169155572887536,-10740.826352117812,149887.8848978218,4717.691186479069,3.3500000000000145e-07
1.1989690242132542,0.0500761103649151,-0.0035123806371499086,-11411.264881214984,149843.97730020733,4534.920138844944,3.3600000000000147e-07
1.1989569504904358,0.050225908592706064,-0.0035080544184791247,-12073.72281851976,149798.22779096593,4326.218670784034,3.370000000000015e-07
1.1989442233270686,0.05037565930382539,-0.0035039624957183594,-12727.163367191639,149750.71111932906,4091.9227607653224,3.380000000000015e-07
1.1989308527628288,0.0505253608089902,-0.0035001300861235156,-13370.56423972441,149701.50516480705,3832.409594843666,3.3900000000000154e-07
1.1989168498435268,0.05067501149979702,-0.0034965819891605962,-14002.919302172872,149650.69080682038,3548.0969629194346,3.4000000000000156e-07
1.198902226603334,0.05082460985158598,-0.0034933425465706732,-14623.240192660018,149598.3517889631,3239.4425899229386,3.410000000000016e-07
1.1988869960454225,0.05097415442616411,-0.0034904356031677025,-15230.557911583997,149544.57457812974,2906.9434029706767,3.420000000000016e-07
1.1988711721210414,0.05112364387438286,-0.003487884468432061,-15823.924380987337,149489.44821874687,2551.1347356412903,3.4300000000000163e-07
1.1988547697070708,0.05127307693856522,-0.0034857118789614425,-16402.413970597998,149433.0641823599,2172.589470618316,3.4400000000000165e-07
1.1988378045820827,0.051422452454778056,-0.003483939961839398,-16965.124988102772,149375.5162128341,1771.9171220442872,3.4500000000000167e-07
1.1988202934009513,0.05157176935494549,-0.003482590198980372,-17511.181131268244,149316.9001674369,1349.762859026221,3.460000000000017e-07
1.1988022536680518,0.05172102666879957,-0.003481683392508546,-18039.732899583007,149257.31385407672,906.8064718260036,3.470000000000017e-07
1.1987837037090887,0.05187022352566455,-0.0034812396312261856,-18549.95896315691,149196.8568649805,443.76128236040256,3.4800000000000174e-07
1.198764662641602,0.05201935915607164,-0.0034812782582254614,-19041.067486678803,149135.63040709848,-38.62699927567053,3.4900000000000176e-07
1.1987451503441957,0.05216843289320117,-0.003481817839695924,-19512.297406303333,149073.73712953166,-539.58147046261,3.500000000000018e-07
1.1987251874245384,0.052317444174149456,-0.003482876134977926,-19962.919657409955,149011.2809482822,-1058.2952820024698,3.510000000000018e-07
1.198704795186187,0.05246639254101809,-0.0034844700679103197,-20392.238351253127,148948.3668686324,-1593.9329323933707,3.5200000000000183e-07
1.1986839955942885,0.052615277641823555,-0.0034866156995187088,-20799.59189860166,148885.10080546243,-2145.631608388976,3.5300000000000185e-07
1.19866281124021,0.052764099231225374,-0.0034893282020884335,-21184.35407854742,148821.5894018202,-2712.5025697248957,3.5400000000000187e-07
1.1986412653051592,0.052912857171071435,-0.0034926218346642553,-21545.93505074858,148757.93984606134,-3293.632575821898,3.550000000000019e-07
1.1986193815228499,0.053061551430759316,-0.0034965099200164624,-21883.782309460636,148694.25968787796,-3888.085352207043,3.560000000000019e-07
1.1985971841412721,0.053210182087412856,-0.0035010048231107907,-22197.381577799184,148630.65665353893,-4494.903094328487,3.5700000000000194e-07
1.1985746978836314,0.05335874932587352,-0.0035061179311171686,-22486.2576407717,148567.2384606645,-5113.108006377832,3.5800000000000196e-07
1.1985519479085156,0.05350725343850638,-0.003511859634989844,-22749.975115711444,148504.11263285947,-5741.703872675579,3.59000000000002e-07
1.1985289597693567,0.05365569482482091,-0.0035182393126489647,-22988.139158844813,148441.38631452923,-6379.677659120686,3.60000000000002e-07
1.1985057593732498,0.053804073990907114,-0.003525265313791119,-23200.396106823817,148379.1660862027,-7026.001142154432,3.6100000000000203e-07
1.1984823729391976,0.0539523915486878,-0.003532944946353761,-23386.434052157878,148317.55778068517,-7679.632562641918,3.6200000000000205e-07
1.198458826955846,0.05410064821498816,-0.0035412844646557926,-23545.983351583465,148256.66630036247,-8339.518302031636,3.6300000000000207e-07
1.1984351481387796,0.054248844810424135,-0.003550289059233907,-23678.817066516334,148196.59543597564,-9004.594578114733,3.640000000000021e-07
1.1984113633874447,0.05439698225811132,-0.003559962848391578,-23784.751334838784,148137.44768718275,-9673.789157670954,3.650000000000021e-07
1.1983874997417714,0.05454506158219654,-0.003570308871474836,-23863.645673383653,148079.32408522093,-10346.023083257813,3.6600000000000214e-07
1.1983635843385607,0.05469308390621452,-0.0035813290838862095,-23915.403210587214,148022.32401797792,-11020.21241137345,3.6700000000000216e-07
1.198339644367712,0.05484105045127229,-0.0035930243538454115,-23939.970848894704,147966.54505777804,-11695.269959201882,3.680000000000022e-07
1.1983157070283552,0.054988962534064476,-0.0036053944609025436,-23937.33935661484,147912.08279218216,-12370.10705713203,3.690000000000022e-07
1.1982917994849662,0.05513682156472257,-0.003618438096206773,-23907.543389032897,147859.03065809602,-13043.63530422908,3.7000000000000223e-07
1.1982679488235275,0.05528462904450204,-0.0036321528645306012,-23850.661438705807,147807.4797794751,-13714.768323828386,3.7100000000000225e-07
1.1982441820078125,0.055432386563310954,-0.0036465352880470196,-23766.8157149771,147757.51880890763,-14382.423516418392,3.7200000000000227e-07
1.1982205258358596,0.055580095797084304,-0.0036615808118539996,-23656.171952863882,147709.23377334993,-15045.523806979812,3.730000000000023e-07
1.198197006896708,0.055727758505008586,-0.0036772838112379535,-23518.9391515827,147662.7079242816,-15702.99938395379,3.740000000000023e-07
1.198173651527465,0.05587537652660113,-0.0036936376006649753,-23355.36924309539,147618.02159253898,-16353.789427021735,3.7500000000000234e-07
1.1981504857707739,0.05602295177864921,-0.0037106344444858695,-23165.75669117011,147575.25204807761,-16996.843820894264,3.7600000000000236e-07
1.1981275353327523,0.05617048625201412,-0.0037282655693381957,-22950.43802156625,147534.47336490528,-17631.124852325906,3.770000000000024e-07
1.1981048255414681,0.05631798200830553,-0.003746521178225792,-22709.79128406454,147495.75629141793,-18255.608887596165,3.780000000000024e-07
1.1980823813060208,0.056465441176431895,-0.003765390466253518,-22444.23544717567,147459.1681263612,-18869.288027726045,3.7900000000000243e-07
1.1980602270762943,0.056612865949032525,-0.0037848616379922502,-22154.2297264713,147424.77260063024,-19471.171738732166,3.8000000000000245e-07
1.1980383868034468,0.056760258578797636,-0.0038049219264465087,-21840.272847590877,147392.62976510983,-20060.288454258258,3.8100000000000247e-07
1.1980168839012018,0.05690762137468238,-0.0038255576135944745,-21502.902245085395,147362.7958847469,-20635.687147965855,3.820000000000025e-07
1.1979957412080033,0.057054956698021415,-0.003846754052467587,-21142.69319836567,147335.32333903568,-21196.43887311259,3.830000000000025e-07
1.1979749809500972,0.0572022669585505,-0.0038684956907343846,-20760.257906126863,147310.2605290848,-21741.63826679739,3.8400000000000254e-07
1.1979546247055965,0.05734955461034192,-0.0038907660957507918,-20356.244500723347,147287.6517914247,-22270.40501640704,3.8500000000000256e-07
1.1979346933695925,0.05749682214766062,-0.00391354798103665,-19931.336004067976,147267.53731870087,-22781.885285858152,3.860000000000026e-07
1.1979152071203658,0.05764407210074801,-0.003936823234135942,-19486.249226727472,147249.95308738734,-23275.253099292,3.870000000000026e-07
1.1978961853867538,0.05779130703154065,-0.00396057294581589,-19021.733611980584,147234.9307926425,-23749.711679947515,3.8800000000000263e-07
1.1978776468167271,0.05793852952933107,-0.003984777440557899,-18538.570026697864,147222.49779041682,-24204.49474200917,3.8900000000000265e-07
1.1978596092472262,0.05808574220637798,-0.004009416308291202,-18037.56950099119,147212.67704690984,-24638.867733302013,3.9000000000000267e-07
1.1978420896753075,0.05823294769347344,-0.004034468437317987,-17519.571918667258,147205.4870954611,-25052.12902678523,3.910000000000027e-07
1.197825104230647,0.05838014863547439,-0.004059912048376865,-16985.444660602094,147200.94200094702,-25443.611058878338,3.920000000000027e-07
1.1978086681494438,0.05852734768680613,-0.004085724729789605,-16436.081203233087,147199.05133174302,-25812.681412740327,3.9300000000000274e-07
1.1977927957497694,0.05867454750694543,-0.004111883473634317,-15872.399674440809,147199.8201392977,-26158.743844711596,3.9400000000000276e-07
1.1977775004084001,0.05882175075589078,-0.004138364712886538,-15295.341369164984,147203.24894535224,-26481.239252221167,3.950000000000028e-07
1.197762794539173,0.058968960089627605,-0.004165144359468096,-14705.86922716719,147209.33373682646,-26779.646581557387,3.960000000000028e-07
1.1977486895728975,0.059116178155595986,-0.004192197843142095,-14104.966275417055,147218.06596837917,-27053.48367399885,3.9700000000000283e-07
1.1977351959388598,0.05926340758816862,-0.004219500151190998,-13493.634037638823,147229.43257263838,-27302.308048903462,3.9800000000000285e-07
1.1977223230479461,0.059410651004146706,-0.004247025868813456,-12872.890913610963,147243.41597808382,-27525.717622457323,3.9900000000000287e-07
1.1977100792774154,0.059557910998281255,-0.004274749220174347,-12243.770530863016,147259.99413455155,-27723.351360891138,4.000000000000029e-07
1.1976984719573438,0.05970519013882757,-0.004302644110041427,-11607.320071460876,147279.1405463182,-27894.889867080004,4.010000000000029e-07
1.1976875073587672,0.059852490963140284,-0.004330684165940979,-10964.598576614218,147300.82431270942,-28040.0558995526,4.0200000000000294e-07
1.1976771906835353,0.059999815973316446,-0.004358842780764027,-10316.675231877623,147325.01017616532,-28158.614823047632,4.0300000000000296e-07
1.1976675260558995,0.06014716763189413,-0.004387093155753896,-9664.627635750117,147351.65857768312,-28250.374989868847,4.04000000000003e-07
1.197658516515845,0.06029454835761367,-0.0044154083438053,-9009.540054506233,147380.7257195453,-28315.188051404693,4.05000000000003e-07
1.197650164014179,0.0604419605212489,-0.004443761293004595,-8352.501666115271,147412.16363522978,-28352.94919929461,4.0600000000000303e-07
1.1976424694093828,0.06058940644151529,-0.004472124890340435,-7694.604796124124,147445.920266387,-28363.597335840823,4.0700000000000305e-07
1.1976354324662344,0.060736888381062046,-0.004500472005513817,-7036.943148392802,147481.93954675706,-28347.11517338207,4.0800000000000307e-07
1.1976290518562007,0.06088440854255493,-0.004528775534776281,-6380.6100335806805,147520.1614928896,-28303.52926246379,4.090000000000031e-07
1.1976233251596025,0.06103196906485645,-0.0045570084447250385,-5726.696598285347,147560.5223015171,-28232.909948757708,4.100000000000031e-07
1.1976182488695448,0.061179572019309875,-0.00458514381598384,-5076.290057734879,147602.95445342248,-28135.371258802206,4.1100000000000314e-07
1.19761381839761,0.061327219406133504,-0.004613154886698593,-4430.471934928346,147647.38682363095,-28011.070714753296,4.1200000000000316e-07
1.197610028081301,0.06147491315093125,-0.004641015095777047,-3790.316309108345,147693.7447977461,-27860.209078453878,4.130000000000032e-07
1.1976068711932244,0.061622655101325495,-0.004668698125802294,-3156.8880764335,147741.95039424035,-27683.0300252466,4.140000000000032e-07
1.1976043399519987,0.06177044702371799,-0.004696177945550366,-2531.2412256980033,147791.9223925002,-27479.81974807219,4.150000000000032e-07
1.1976024255348667,0.06191829060018441,-0.004723428852042876,-1914.417131919667,147843.57646641755,-27250.906492510858,4.1600000000000325e-07
1.197601118091996,0.06206618742550772,-0.004750425512066415,-1307.4428705874486,147896.8253233098,-26996.66002353899,4.1700000000000327e-07
1.1976004067624408,0.06221413900435566,-0.004777143003091302,-711.3295553242192,147951.57884794218,-26717.491024886345,4.180000000000033e-07
1.197600279691739,0.06236214674860708,-0.0048035568535232925,-127.07070168065684,148007.7442514182,-26413.85043199063,4.190000000000033e-07
1.1976007240511193,0.06251021197483178,-0.004829643082222949,444.3593802683638,148065.22622469606,-26086.22869965599,4.2000000000000334e-07
1.1976017260582812,0.06265833590192826,-0.004855378237228578,1002.0071619024903,148123.92709648132,-25735.15500562978,4.2100000000000336e-07
1.1976032709997193,0.0628065196489235,-0.004880739433619996,1544.9414380407757,148183.74699523894,-25361.196391417558,4.220000000000034e-07
1.1976053432545517,0.06295476423293857,-0.004905704390461755,2072.254832421492,148244.58401506144,-24964.956841759442,4.230000000000034e-07
1.1976079263198158,0.06310307056732369,-0.004930251466766047,2583.065264227597,148306.3343851234,-24547.07630429169,4.240000000000034e-07
1.1976110028371891,0.06325143945996613,-0.004954359696417062,3076.51737327457,148368.89264244665,-24108.229651015365,4.2500000000000345e-07
1.1976145546210908,0.06339987161177382,-0.004978008822000351,3551.783901547361,148432.15180769478,-23649.125583289006,4.2600000000000347e-07
1.1976185626881197,0.06354836761533754,-0.005001179327482506,4008.067028846926,148496.00356371125,-23170.505482154313,4.270000000000035e-07
1.19762300728778,0.06369692795377405,-0.005023852469688399,4444.599660384371,148560.3384365097,-22673.14220589268,4.280000000000035e-07
1.1976278679344443,0.06384555299975246,-0.005046010308525195,4860.646664241694,148625.04597842178,-22157.838836795992,4.2900000000000354e-07
1.197633123440501,0.06399424301470556,-0.005067635735904412,5255.5060567025175,148690.01495310367,-21625.427379217057,4.3000000000000356e-07
1.1976387519506346,0.06414299814822766,-0.005088712503315456,5628.510133543846,148755.13352209862,-21076.76741104352,4.310000000000036e-07
1.19764473097718,0.06429181843766031,-0.005109225248006269,5979.0265454705395,148820.2894326512,-20512.744690813724,4.320000000000036e-07
1.197651037436496,0.06444070380786678,-0.005129159517729034,6306.459315967758,148885.3702064651,-19934.26972276388,4.330000000000036e-07
1.197657647686296,0.06458965407119586,-0.005148501794011196,6610.249799942915,148950.2633290954,-19342.276282162595,4.3400000000000365e-07
1.1976645375638775,0.06473866892763552,-0.005167239513914548,6889.877581627529,149014.85643966423,-18737.719903351797,4.3500000000000367e-07
1.1976716824251878,0.06488774796515612,-0.005185361090247519,7144.861310310496,149079.0375205875,-18121.57633297145,4.360000000000037e-07
1.1976790571846605,0.06503689066024312,-0.005202855930198419,7374.759472577713,149142.6950870006,-17494.839950900016,4.370000000000037e-07
1.1976866363557603,0.06518609637861869,-0.005219714452359912,7579.171099838288,149205.71837556985,-16858.52216149255,4.3800000000000374e-07
1.1976943940921703,0.06533536437615106,-0.005235928102117656,7757.7364100247605,149267.99753237734,-16213.649757743962,4.3900000000000376e-07
1.1977023042295527,0.06548469379995063,-0.005251489365378703,7910.137382463473,149329.423799568,-15561.263261046199,4.400000000000038e-07
1.1977103403278178,0.06563408368965108,-0.0052663917806179475,8036.0982650214555,149389.88970044814,-14902.415239244752,4.410000000000038e-07
1.1977184757138306,0.06578353297887381,-0.00528062994922368,8135.386012747551,149449.28922272715,-14238.168605732084,4.420000000000038e-07
1.197726683524488,0.0659330404968734,-0.005294199544126023,8207.810657337974,149507.51799959628,-13569.594902343077,4.4300000000000385e-07
1.197734936750095,0.06608260497036174,-0.005307097316694864,8253.225606869764,149564.47348834077,-12897.77256884064,4.4400000000000387e-07
1.1977432082779702,0.06623222502550792,-0.005319321101896662,8271.527875359501,149620.0551461851,-12223.785201797908,4.450000000000039e-07
1.197751470936212,0.06638189919011099,-0.005330869821702359,8262.65824181906,149674.16460307507,-11548.719805697194,4.460000000000039e-07
1.1977596975375506,0.0665316258959421,-0.005341743486741434,8226.601338594774,149726.70583110364,-10873.665039075022,4.4700000000000394e-07
1.1977678609232194,0.06668140348125239,-0.005351943196199981,8163.385668891144,149777.5853102933,-10199.709458546911,4.4800000000000396e-07
1.1977759340067728,0.06683123019344284,-0.0053614711359635265,8073.083553494758,149826.71219045206,-9527.93976354561,4.49000000000004e-07
1.1977838898177797,0.06698110419189167,-0.005370330575008128,7955.811006828426,149873.9984488258,-8859.43904460164,4.50000000000004e-07
1.1977917015453223,0.06713102355093495,-0.0053785258600461145,7811.7275425792905,149919.35904327597,-8195.28503798586,4.51000000000004e-07
1.1977993425812317,0.06728098626299567,-0.005386062408435635,7641.035909257848,149962.7120607182,-7536.548389519894,4.5200000000000405e-07
1.1978067865629878,0.06743099024185623,-0.005392946699365977,7443.98175615704,150003.97886056366,-6884.290930342144,4.5300000000000407e-07
1.197814007416218,0.06758103332606914,-0.005399186263333371,7220.853230291858,150043.08421291332,-6239.5639673943415,4.540000000000041e-07
1.197820979396723,0.06773111328250041,-0.005404789669924737,6971.980505009964,150079.95643126237,-5603.406591366682,4.550000000000041e-07
1.197827677131964,0.06788122780999989,-0.0054097665139295455,6697.7352410724825,150114.5274994806,-4976.844004808225,4.5600000000000414e-07
1.1978340756619452,0.06803137454319273,-0.005414127399802619,6398.529981111304,150146.73319284327,-4360.8858730737575,4.5700000000000416e-07
1.1978401504794236,0.06818155105638563,-0.005417883924503358,6074.817478474668,150176.5131928957,-3756.524700738627,4.580000000000042e-07
1.1978458775693852,0.06833175486758157,-0.005421048658739427,5727.089961576451,150203.81119594496,-3164.7342360693356,4.590000000000042e-07
1.1978512334477203,0.06848198344259655,-0.005423635126645517,5355.878334966115,150228.57501498118,-2586.4679060899825,4.600000000000042e-07
1.1978561951990387,0.06863223419927139,-0.00542565778393025,4961.751318435793,150250.75667484186,-2022.6572847330453,4.6100000000000425e-07
1.1978607405135644,0.06878250451177183,-0.005427131994526758,4545.314525578116,150270.3125004428,-1474.210596507622,4.6200000000000427e-07
1.1978648477230478,0.06893279171496974,-0.005428074005784817,4107.209483303111,150287.20319791028,-942.011258059206,4.630000000000043e-07
1.1978684958356418,0.06908309310889821,-0.0054285009222447495,3648.1125939146505,150301.3939284609,-426.9164599324241,4.640000000000043e-07
1.1978716645696832,0.0692334059632731,-0.005428430678035532,3168.734041436436,150312.85437488617,70.24420921792017,4.6500000000000434e-07
1.1978743343863272,0.06938372752207361,-0.00542788200794174,2669.8166439640668,150321.55880051208,548.6700937916091,4.6600000000000436e-07
1.197876486520981,0.06953405500817413,-0.00542687441718606,2152.134653903527,150327.4861005151,1007.5907556803681,4.670000000000044e-07
1.197878103013489,0.06968438562801961,-0.005425428149976109,1616.4925080370294,150330.61984548892,1446.2672099504018,4.680000000000044e-07
1.1978791667370186,0.06983471657633677,-0.005423564156866288,1063.7235294346526,150330.9483171695,1863.9931098214631,4.690000000000044e-07
1.1978796614256018,0.06998504504087301,-0.005421304060987213,494.6885833044637,150328.46453623797,2260.0958790754516,4.7000000000000445e-07
1.1978795717002908,0.07013536820715514,-0.0054186701231971005,-89.72531105534472,150323.16628213497,2633.9377901118937,4.7100000000000447e-07
1.197878883093881,0.07028568326325997,-0.005415685206211146,-688.6064099713301,150315.05610483311,2984.9169859546173,4.720000000000045e-07
1.1978775820741665,0.0704359874045885,-0.005412372737766543,-1301.019714481853,150304.1413285278,3312.4684446033425,4.730000000000045e-07
1.19787565606569,0.07058627783863572,-0.005408756672882327,-1926.0084764412022,150290.4340472202,3616.0648842156493,4.7400000000000454e-07
1.1978730934699509,0.0707365517897479,-0.005404861455274628,-2562.5957392291284,150273.9511121804,3895.2176076986907,4.7500000000000456e-07
1.1978698836840402,0.07088680650385919,-0.005400711977989242,-3209.785910601354,150254.71411129236,4149.47728538598,4.760000000000046e-07
1.1978660171176752,0.07103703925319949,-0.00539633354331467,-3866.5663651676173,150232.74934029626,4378.434674572427,4.770000000000046e-07
1.1978614852086011,0.07118724734096545,-0.0053917518220398895,-4531.909073938816,150208.08776595822,4581.721274780384,4.780000000000046e-07
1.1978562804363428,0.07133742810594666,-0.005386992812122159,-5204.7722583436325,150180.76498121105,4759.009917730689,4.790000000000045e-07
1.1978503963342768,0.07148757892709899,-0.005382082796831064,-5884.10206607797,150150.8211523241,4910.0152910953275,4.800000000000045e-07
1.1978438275000107,0.07163769722805717,-0.005377048302435851,-6568.834266117421,150118.30095817393,5034.4943952123185,4.810000000000045e-07
1.1978365696040505,0.07178778048157887,-0.005371916055503803,-7257.895960194022,150083.2535217021,5132.246932048544,4.820000000000044e-07
1.1978286193967425,0.07193782621391252,-0.005366712939878001,-7950.207308013702,150045.73233365943,5203.115625802379,4.830000000000044e-07
1.197819974713479,0.07208783200908127,-0.005361465953403356,-8644.683263470073,150005.79516875074,5246.986474644975,4.840000000000044e-07
1.1978106344781598,0.07223779551307558,-0.005356202164470149,-9340.235319093734,149963.50399430734,5263.788933206727,4.850000000000044e-07
1.1978005987049039,0.0723877144379472,-0.0053509486684446255,-10035.773255963828,149918.9248716276,5253.496025523734,4.860000000000043e-07
1.1977898684980075,0.07253758656579734,-0.005345732544056358,-10730.206896300537,149872.12785014007,5216.12438826767,4.870000000000043e-07
1.1977784460501515,0.0726874097526519,-0.005340580809812166,-11422.447855953204,149823.18685455626,5151.734244191423,4.880000000000043e-07
1.1977663346388574,0.07283718193221708,-0.005335520380506335,-12111.411293999092,149772.1795651926,5060.429305831824,4.890000000000042e-07
1.1977535386212008,0.07298690111950874,-0.005330578023896715,-12796.017656672302,149719.18729165447,4942.356609619728,4.900000000000042e-07
1.197740063426788,0.07313656541434883,-0.005325780317616059,-13475.19441285107,149664.29484008683,4797.70628065644,4.910000000000042e-07
1.1977259155490096,0.07328617300472304,-0.005321153606387535,-14147.877778344611,149607.5903742083,4626.7112285238345,4.920000000000041e-07
1.1977111025345835,0.07343572216999339,-0.005316723959612931,-14813.014426237776,149549.16527035632,4429.646774603357,4.930000000000041e-07
1.1976956329714028,0.07358521128396017,-0.005312517129401445,-15469.56318057305,149489.1139667836,4206.830211486275,4.940000000000041e-07
1.197679516474712,0.07373463881776762,-0.005308558509106281,-16116.496690674821,149427.53380745536,3958.620295163907,4.95000000000004e-07
1.1976627636716286,0.07388400334264823,-0.005304873092435489,-16752.803083450406,149364.52488060817,3685.416670791922,4.96000000000004e-07
1.1976453861840375,0.07403330353250058,-0.005301485433202561,-17377.48759103582,149300.18985234076,3387.6592329270943,4.97000000000004e-07
1.1976273966098863,0.0741825381662961,-0.005298419605781324,-17989.574151191995,149234.63379551674,3065.8274212378565,4.98000000000004e-07
1.1976088085029084,0.07433170613031036,-0.005295699166328533,-18588.106977898613,149167.96401426793,2720.439452791586,4.990000000000039e-07
1.1975896363508087,0.07448080642017475,-0.005293347114836411,-19172.152099638384,149100.28986439557,2352.0514921215513,5.000000000000039e-07
1.1975698955519458,0.07462983814274472,-0.005291385858076036,-19740.798862913856,149031.7225699747,1961.256760374732,5.010000000000039e-07
1.1975496023905472,0.0747788005177812,-0.005289837173491098,-20293.161398592147,148962.3750364739,1548.6845849381618,5.020000000000038e-07
1.1975287740104985,0.07492769287944191,-0.005288722174100062,-20828.380048729898,148892.36166071013,1114.9993910358498,5.030000000000038e-07
1.197507428387747,0.07507651467757988,-0.005288061274463181,-21345.622751591352,148821.79813796352,660.8996368806335,5.040000000000038e-07
1.1974855843013643,0.07522526547884646,-0.005287874157769126,-21844.086382636706,148750.80126658396,187.11669405528937,5.050000000000037e-07
1.197463261303315,0.07537394496759689,-0.005288179744094241,-22322.998049325564,148679.488750425,-305.58632511519187,5.060000000000037e-07
1.1974404796869773,0.07552255294659634,-0.005288996159885594,-22781.61633765156,148607.9789994458,-816.4157913532638,5.070000000000037e-07
1.1974172604544688,0.07567108933752516,-0.005290340708717045,-23219.23250839856,148536.3909288253,-1344.5488314511922,5.080000000000036e-07
1.1973936252828277,0.0758195541812821,-0.005292229843365563,-23635.171641186666,148464.84375693614,-1889.134648517435,5.090000000000036e-07
1.1973695964891031,0.07596794763808462,-0.005294679139252925,-24028.793724457075,148393.45680252783,-2449.2958873617954,5.100000000000036e-07
1.1973451969944136,0.07611626998736609,-0.005297703269295786,-24399.494689628642,148322.34928147105,-3024.1300428606646,5.110000000000036e-07
1.1973204502870258,0.07626452162746951,-0.005301315980204859,-24746.707387745842,148251.64010341602,-3612.71090907342,5.120000000000035e-07
1.1972953803845188,0.07641270307513823,-0.005305530070271673,-25069.902507027313,148181.44766871785,-4214.090066814123,5.130000000000035e-07
1.197270011795089,0.07656081496480421,-0.005310357368678993,-25368.589429816457,148111.8896659824,-4827.298407319162,5.140000000000035e-07
1.1972443694780615,0.0767088580476748,-0.005315808716368584,-25642.31702753024,148043.08287058488,-5451.347689591566,5.150000000000034e-07
1.197218478803669,0.07685683319061931,-0.005321893948497531,-25890.6743922996,147975.14294451216,-6085.232128946411,5.160000000000034e-07
1.197192365512165,0.07700474137485719,-0.00532862187851176,-26113.291504094195,147908.1842378774,-6727.930014229228,5.170000000000034e-07
1.1971660556723327,0.07715258369444965,-0.005336000283862891,-26309.83983222586,147842.31959245322,-7378.405351130668,5.180000000000033e-07
1.1971395756394625,0.07730036135459721,-0.005344035893391867,-26480.032870228595,147777.6601475659,-8035.609528975953,5.190000000000033e-07
1.1971129520128592,0.0774480756697459,-0.005352734376400194,-26623.626603218327,147714.3151486893,-8698.483008326977,5.200000000000033e-07
1.1970862115929521,0.07759572806150497,-0.005362100333426892,-26740.419906942618,147652.391759072,-9365.957026698394,5.210000000000032e-07
1.1970593813380743,0.0777433200563797,-0.005372137288746548,-26830.254877839117,147591.99487472704,-10036.955319656669,5.220000000000032e-07
1.1970324883209809,0.0778908532833228,-0.005382847684601092,-26893.017093531333,147533.22694310616,-10710.395854543012,5.230000000000032e-07
1.1970055596851776,0.07803832947110859,-0.005394232877175129,-26928.635803301382,147476.18778577537,-11385.1925740374,5.240000000000032e-07
1.1969786226011294,0.07818575044553398,-0.005406293134321891,-26937.08404819146,147420.97442540087,-12060.257146761554,5.250000000000031e-07
1.196951704222419,0.07833311812645133,-0.005419027635043995,-26918.378710498586,147367.68091734685,-12734.50072210389,5.260000000000031e-07
1.1969248316419263,0.0784804345246375,-0.005432434470730434,-26872.580492540754,147316.3981861788,-13406.835686439092,5.270000000000031e-07
1.1968980318481017,0.07862770173850486,-0.005446510648148343,-26799.793824686618,147267.21386735703,-14076.177417909115,5.28000000000003e-07
1.196871331681399,0.07877492195065926,-0.005461252094185274,-26700.16670275513,147220.21215439602,-14741.446036931211,5.29000000000003e-07
1.196844757790944,0.07892209742431101,-0.005476653662334876,-26573.890455005956,147175.47365175543,-15401.568149601871,5.30000000000003e-07
1.196818336591505,0.07906923049954473,-0.00549270914091605,-26421.1994390558,147133.0752337188,-16055.478581173593,5.310000000000029e-07
1.1967920942208359,0.07921632358945424,-0.005509411263012844,-26242.370669169803,147093.089909505,-16702.12209679393,5.320000000000029e-07
1.1967660564974614,0.0793633791761491,-0.005526751718119558,-26037.7233744908,147055.58669484674,-17340.455106713503,5.330000000000029e-07
1.1967402488789725,0.07951039980663935,-0.005544721165472749,-25807.61848888211,147020.63049025883,-17969.44735319154,5.340000000000028e-07
1.1967146964208992,0.07965738808860555,-0.005563309249049103,-25552.45807317163,146988.28196620752,-18588.08357635384,5.350000000000028e-07
1.1966894237362284,0.07980434668606093,-0.0055825046142053926,-25272.684670696053,146958.59745537964,-19195.365156289252,5.360000000000028e-07
1.1966644549556313,0.07995127831491317,-0.005602294925934098,-24968.78059715384,146931.62885223815,-19790.311728706143,5.370000000000028e-07
1.1966398136884655,0.0800981857384332,-0.005622666888705609,-24641.26716588401,146907.42352003776,-20371.962771510614,5.380000000000027e-07
1.1966155229846156,0.08024507176263866,-0.005643606267865322,-24290.703849794514,146886.02420546144,-20939.37915971263,5.390000000000027e-07
1.1965916052972343,0.0803919392315997,-0.005665097912551437,-23917.68738126905,146867.46896102515,-21491.644686115273,5.400000000000027e-07
1.1965680824464429,0.08053879102267508,-0.005687125780096733,-23522.850791484132,146851.79107538497,-22027.86754529564,5.410000000000026e-07
1.1965449755840523,0.08068563004168675,-0.005709672961875177,-23106.862390669005,146839.01901166647,-22547.181778443406,5.420000000000026e-07
1.1965223051593614,0.08083245921804066,-0.005732721710551862,-22670.424690939577,146829.17635392322,-23048.748676684936,5.430000000000026e-07
1.1965000908860879,0.08097928149980248,-0.005756253468692449,-22214.27327343341,146822.28176181635,-23531.758140586637,5.440000000000025e-07
1.1964783517104862,0.08112609984873607,-0.00578024889868605,-21739.175601566043,146818.34893359378,-23995.429993601083,5.450000000000025e-07
1.1964571057807039,0.0812729172353135,-0.005804687913933343,-21245.92978231934,146817.38657743283,-24439.01524729322,5.460000000000025e-07
1.1964363704174263,0.0814197366337047,-0.005829549711249605,-20735.363277559743,146819.3983911962,-24861.797316261473,5.470000000000024e-07
1.1964161620858589,0.08156656101675534,-0.005854812804430355,-20208.331567468515,146824.3830506365,-25263.093180749733,5.480000000000024e-07
1.1963964963690907,0.08171339335096141,-0.005880455058925386,-19665.716768246693,146832.33420607055,-25642.2544950309,5.490000000000024e-07
1.1963773879428845,0.08186023659144893,-0.0059064537275651165,-19108.42620633473,146843.24048752998,-25998.668639730728,5.500000000000024e-07
1.1963588505519331,0.08200709367696732,-0.005932785487281469,-18537.390951460227,146857.08551838092,-26331.759716352033,5.510000000000023e-07
1.1963408969876221,0.08215396752490471,-0.005959426476763822,-17953.564310897,146873.84793739024,-26640.989482353678,5.520000000000023e-07
1.1963235390673348,0.08230086102633391,-0.0059863523349890585,-17357.92028738438,146893.5014292032,-26925.858225236094,5.530000000000023e-07
1.1963067876153315,0.0824477770410971,-0.0060135382405632435,-16751.452003217415,146916.01476318168,-27185.905574185155,5.540000000000022e-07
1.1962906524452384,0.08259471839293764,-0.006040958951811172,-16135.170093076089,146941.35184053954,-27420.711247928844,5.550000000000022e-07
1.1962751423441702,0.08274168786468733,-0.006068588847548738,-15510.101068214899,146969.47174969706,-27629.895737566258,5.560000000000022e-07
1.1962602650585155,0.0828886881935171,-0.006096401968471974,-14877.28565468296,147000.32882976302,-27813.120923235696,5.570000000000021e-07
1.1962460272814073,0.08303572206625913,-0.006124372059095572,-14237.77710828903,147033.87274204002,-27970.090623597982,5.580000000000021e-07
1.1962324346418982,0.08318279211480857,-0.006152472610172794,-13592.63950906559,147070.04854943455,-28100.551077222215,5.590000000000021e-07
1.1962194916958602,0.08332990091161221,-0.006180676901527868,-12942.946038021144,147108.7968036412,-28204.29135507405,5.60000000000002e-07
1.1962072019186212,0.08347705096525217,-0.006208958045231289,-12289.777239000201,147150.05363995707,-28281.143703420723,5.61000000000002e-07
1.1961955676993528,0.08362424471613174,-0.006237289029047872,-11634.219268495879,147193.7508795707,-28330.98381658263,5.62000000000002e-07
1.1961845903372166,0.08377148453227089,-0.006265642760086949,-10977.362136280739,147239.81613915652,-28353.73103907767,5.63000000000002e-07
1.1961742700392768,0.08391877270521848,-0.006293992108583771,-10320.297939737222,147288.17294759557,-28349.348496821935,5.640000000000019e-07
1.196164605920182,0.08406611144608811,-0.0063223099517409394,-9664.119094779871,147338.74086962992,-28317.84315716828,5.650000000000019e-07
1.1961555960036159,0.08421350288172436,-0.006350569217558622,-9009.91656626746,147391.43563624885,-28259.26581768258,5.660000000000019e-07
1.196147237225515,0.08436094905100595,-0.006378742928582298,-8358.778100804035,147446.1692815922,-28173.711023675998,5.670000000000018e-07
1.1961395254390503,0.0845084519012921,-0.006406804245496928,-7711.7864648238965,147502.85028614762,-28061.31691463018,5.680000000000018e-07
1.1961324554213595,0.0846560132850181,-0.006434726510496698,-7070.0176908465755,147561.38372600655,-27922.264999770305,5.690000000000018e-07
1.1961260208820248,0.08480363495644604,-0.006462483290359857,-6434.539334773917,147621.6714279357,-27756.779863158918,5.700000000000017e-07
1.1961202144732777,0.08495131856857605,-0.006490048419158657,-5806.408747082619,147683.61213001047,-27565.128798800426,5.710000000000017e-07
1.1961150278019168,0.08509906567022359,-0.00651739604053502,-5186.6713607418515,147747.1016475478,-27347.621376362393,5.720000000000017e-07
1.1961104514429182,0.08524687770326765,-0.006544500649473255,-4576.358998657123,147812.0330440685,-27104.608938234927,5.730000000000017e-07
1.1961064749547148,0.08539475600007466,-0.006571337133502018,-3976.4882034082225,147878.29680700993,-26836.484028763214,5.740000000000016e-07
1.1961030868961229,0.08554270178110257,-0.006597880813258618,-3388.0585920111444,147945.7810279028,-26543.67975660062,5.750000000000016e-07
1.1961002748448846,0.08569071615268929,-0.006624107482349859,-2812.0512383912624,148014.3715867188,-26226.669091240386,5.760000000000016e-07
1.1960980254177984,0.08583880010502938,-0.006649993446444751,-2249.4270862078874,148083.95234008913,-25885.96409489265,5.770000000000015e-07
1.1960963242924039,0.08598695451034247,-0.006675515561535731,-1701.1253946187062,148154.40531308737,-25522.115090980173,5.780000000000015e-07
1.1960951562301843,0.08613518012123673,-0.006700651271306361,-1168.0622195166561,148225.6108942648,-25135.70977063048,5.790000000000015e-07
1.1960945051012515,0.08628347756927035,-0.006725378643545005,-651.1289327115865,148297.44803362107,-24727.37223864405,5.800000000000014e-07
1.19609435391047,0.08643184736371354,-0.006749676405545523,-151.19078146468559,148369.79444318792,-24297.76200051735,5.810000000000014e-07
1.1960946848249794,0.08658028989051343,-0.006773523978437719,330.91450928466446,148442.52679989976,-23847.572892196113,5.820000000000014e-07
1.1960954792030691,0.08672880541146386,-0.0067969015103920465,794.3780897321676,148515.5209504211,-23377.53195432757,5.830000000000013e-07
1.19609671762436,0.08687739406358146,-0.006819789908644918,1238.4212908705804,148588.6521175972,-22888.39825287077,5.840000000000013e-07
1.1960983799212408,0.08702605585868965,-0.006842170870292929,1662.2968808884207,148661.79510819202,-22380.961648011238,5.850000000000013e-07
1.1961004452115112,0.08717479068321123,-0.006864026911806338,2065.2902702765155,148734.82452157477,-21856.041513409695,5.860000000000013e-07
1.1961028919321748,0.08732359829817024,-0.006885341397214233,2446.720663699737,148807.61495901507,-21314.485407894856,5.870000000000012e-07
1.1961056978743316,0.08747247833940348,-0.00690609856491602,2805.9421567806926,148880.04123324502,-20757.167701786533,5.880000000000012e-07
1.1961088402191076,0.08762143031798143,-0.0069262835530761275,3142.3447760344907,148951.9785779459,-20184.988160107965,5.890000000000012e-07
1.1961122955745678,0.08777045362083825,-0.006945882423561142,3455.3554602888653,149023.3028568173,-19598.87048501488,5.900000000000011e-07
1.1961160400135498,0.08791954751161014,-0.006964882184380976,3744.438982021686,149093.89077188596,-18999.760819833456,5.910000000000011e-07
1.196120049112357,0.08806871113168085,-0.006983270810598136,4009.0988071480797,149163.62007071337,-18388.62621715987,5.920000000000011e-07
1.1961242979902489,0.08821794350143301,-0.007001037263671667,4248.877891891843,149232.36975216152,-17766.453073530323,5.93000000000001e-07
1.1961287613496643,0.08836724352170339,-0.007018171509204889,4463.359415480305,149300.02027037874,-17134.24553322257,5.94000000000001e-07
1.1961334135171118,0.08851660997544006,-0.007034664533068687,4652.167447508195,149366.4537366693,-16493.023863797436,5.95000000000001e-07
1.1961382284846607,0.08866604152955897,-0.007050508355874719,4814.967548924156,149431.55411891386,-15843.822806032178,5.960000000000009e-07
1.1961431799519664,0.08881553673699717,-0.007065696045775655,4951.46730570306,149495.20743821046,-15187.689900936111,5.970000000000009e-07
1.1961482413687607,0.08896509403895958,-0.007080221729572228,5061.416794378219,149557.3019624103,-14525.683796573248,5.980000000000009e-07
1.1961533859777396,0.0891147117673558,-0.007094080602109675,5144.608978719478,149617.72839622622,-13858.872537446226,5.990000000000009e-07
1.1961585868577764,0.0892643881474234,-0.007107268933948896,5200.880036956163,149676.38006759717,-13188.331839220893,6.000000000000008e-07
1.1961638169673954,0.0894141213005334,-0.007119784077300487,5230.109619057394,149733.15310999693,-12515.143351591307,6.010000000000008e-07
1.1961690491884291,0.08956390924717378,-0.007131624470212587,5232.221033696453,149787.94664038104,-11840.392912100742,6.020000000000008e-07
1.1961742563697937,0.08971374991010625,-0.007142789639006332,5207.181364640405,149840.66293247283,-11165.168793745404,6.030000000000007e-07
1.19617941137131,0.08986364111769135,-0.007153280198955526,5155.001516420757,149891.20758509514,-10490.559949194145,6.040000000000007e-07
1.1961844871074994,0.09001358060737662,-0.0071630978532099855,5075.73618925555,149939.4896852627,-9817.654254459378,6.050000000000007e-07
1.1961894565912827,0.09016356602934238,-0.007172245389964837,4969.48378330764,149985.42196575672,-9147.536754851728,6.060000000000006e-07
1.1961942929775151,0.0903135949502993,-0.007180726677880881,4836.386232477872,150028.92095691245,-8481.287916043715,6.070000000000006e-07
1.1961989696062831,0.09046366485743165,-0.007188546659763937,4676.628768045151,150069.9071323581,-7819.981883056016,6.080000000000006e-07
1.1962034600458957,0.09061377316248011,-0.0071957113445139005,4490.439612578039,150108.30504845307,-7164.684749963587,6.090000000000005e-07
1.1962077381355003,0.09076391720595729,-0.007202227797356998,4278.089604654055,150144.04347718306,-6516.452843098235,6.100000000000005e-07
1.1962117780272554,0.09091409426148957,-0.007208104128377498,4039.8917550333836,150177.05553227878,-5876.3310204991485,6.110000000000005e-07
1.1962155542279904,0.0910643015402779,-0.007213349479367831,3776.2007350428066,150207.27878833597,-5245.350990333496,6.120000000000005e-07
1.1962190416402885,0.09121453619567063,-0.007217974009018807,3487.412298033433,150234.65539272485,-4624.529650975516,6.130000000000004e-07
1.1962222156029234,0.09136479532784073,-0.007221988876474202,3173.9626348818483,150259.1321700881,-4014.8674553947185,6.140000000000004e-07
1.196225051930588,0.09151507598855996,-0.007225406223276664,2836.327664608584,150280.6607192379,-3417.34680246183,6.150000000000004e-07
1.1962275269528493,0.09166537518606223,-0.007228239153734399,2475.0222612901653,150299.19750227468,-2832.930457735186,6.160000000000003e-07
1.1962296175522678,0.09181568988998799,-0.00723050171374064,2090.5994185412105,150314.7039257616,-2262.5600062403564,6.170000000000003e-07
1.1962313012016208,0.0919660170364018,-0.0072322088680803415,1683.6493529410964,150327.14641380243,-1707.1543397020928,6.180000000000003e-07
1.1962325560001688,0.09211635353287467,-0.007233376476260971,1254.7985478752905,150336.49647288176,-1167.6081806302168,6.190000000000002e-07
1.1962333607089082,0.09226669626362301,-0.007234021266906572,804.7087393545899,150342.73074834104,-644.7906456000043,6.200000000000002e-07
1.1962336947847536,0.09241704209469538,-0.007234160810756575,334.07584546595183,150345.831072376,-139.54385000301738,6.210000000000002e-07
1.1962335384135947,0.09256738787919884,-0.007233813492313051,-156.37115880370902,150345.78450345556,347.3184435236564,6.220000000000001e-07
1.1962328725421751,0.09271773046255591,-0.007232998480182198,-665.871419544564,150342.58335707555,815.0121308530897,6.230000000000001e-07
1.1962316789087424,0.09286806668778368,-0.007231735696157951,-1193.6334327938143,150336.22522777482,1262.7840242469022,6.240000000000001e-07
1.1962299400724201,0.09301839340078603,-0.00723004578309758,-1738.8363223118681,150326.71300235568,1689.913060371629,6.25e-07
1.1962276394412559,0.0931687074556503,-0.007227950071641031,-2300.631164202681,150314.0548642648,2095.7114565487605,6.26e-07
1.1962247612988997,0.09331900571993941,-0.0072254705458276135,-2878.142356244049,150298.26428910551,2479.5258134173355,6.27e-07
1.19622129082987,0.09346928507997068,-0.0072226298076653395,-3470.4690297249335,150279.3600312669,2840.7381622738385,6.28e-07
1.1962172141433685,0.09361954244607235,-0.007219451040709897,-4076.6865015216817,150257.36610167008,3178.766955442509,6.289999999999999e-07
1.1962125182956043,0.093769774757809,-0.007215957972711778,-4695.847764083428,150232.31173664698,3493.067998119939,6.299999999999999e-07
1.1962071913105934,0.09391997898916697,-0.007212174837391547,-5326.9850109389745,150204.23135798163,3783.135320230834,6.309999999999999e-07
1.196201222199398,0.09407015215369113,-0.0072081263354046195,-5969.111195283279,150173.16452415928,4048.5019869269067,6.319999999999998e-07
1.1961946009777789,0.09422029130956401,-0.007203837594558162,-6621.221619151251,150139.15587288357,4288.74084645795,6.329999999999998e-07
1.1961873186822283,0.09437039356461895,-0.007199334129343918,-7282.295550640067,150102.25505493663,4503.4652142430095,6.339999999999998e-07
1.1961793673843617,0.09452045608127842,-0.007194641799851848,-7951.297866598578,150062.5166594726,4692.329492070111,6.349999999999997e-07
1.1961707402036434,0.09467047608140927,-0.007189786770130393,-8627.180718163801,150020.00013084905,4855.029721455103,6.359999999999997e-07
1.196161431318427,0.09482045085108638,-0.007184795466060099,-9308.88521648986,149974.76967711636,4991.304070293583,6.369999999999997e-07
1.196151435975291,0.09497037774525668,-0.007179694532808055,-9995.343135984265,149926.89417029932,5100.933252044578,6.379999999999997e-07
1.1961407504966586,0.0951202541922953,-0.007174510791931265,-10685.478632339937,149876.4470386195,5183.74087679038,6.389999999999996e-07
1.196129372286686,0.09527007769844613,-0.007169271198197641,-11378.209972629156,149823.50615082184,5239.593733623622,6.399999999999996e-07
1.1961172998354113,0.09541984585213892,-0.007164002796193721,-12072.451274707473,149768.15369278248,5268.402003920113,6.409999999999996e-07
1.1961045327211581,0.0955695563281755,-0.007158732676788558,-12767.114253161646,149710.47603658884,5270.119405164024,6.419999999999995e-07
1.1960910716111892,0.09571920689177779,-0.007153487933523457,-13461.10996902599,149650.56360229646,5244.7432651005565,6.429999999999995e-07
1.1960769182606088,0.09586879540249037,-0.0071482956189973575,-14153.350580485941,149588.51071258084,5192.3145261000645,6.439999999999995e-07
1.196062075509517,0.09601831981793088,-0.007143182701317631,-14842.751091786313,149524.41544051465,5112.91767972663,6.449999999999994e-07
1.1960465472784194,0.09616777819738159,-0.007138176020686018,-15528.231097564669,149458.37945071416,5006.680631613093,6.459999999999994e-07
1.1960303385618996,0.0963171687052157,-0.007133302246189165,-16208.716519837293,149390.50783411032,4873.774496853455,6.469999999999994e-07
1.1960134554205646,0.09646648961415231,-0.007128587832862933,-16883.141334876567,149320.9089366122,4714.413326232114,6.479999999999993e-07
1.1959959049712774,0.09661573930833425,-0.007124058979099215,-17550.44928723404,149249.6941819416,4528.853763717562,6.489999999999993e-07
1.195977695375689,0.09676491628622318,-0.007119741584463459,-18209.595588183176,149176.97788892887,4317.394635755704,6.499999999999993e-07
1.1959588358270932,0.09691401916330675,-0.007115661207990454,-18859.548595879503,149102.8770835701,4080.3764730047096,6.509999999999993e-07
1.1959393365356186,0.09706304667461291,-0.007111843027025195,-19499.29147456388,149027.5113061563,3818.1809652592306,6.519999999999992e-07
1.1959192087117885,0.0972119976770267,-0.007108311796674778,-20127.823830166537,148951.00241379405,3531.230350416608,6.529999999999992e-07
1.1958984645484687,0.09736087115140535,-0.007105091809936337,-20744.16331970557,148873.47437864693,3219.986738441305,6.539999999999992e-07
1.1958771172012368,0.09750966620448759,-0.007102206858564951,-21347.347231913664,148795.05308223405,2884.9513713860883,6.549999999999991e-07
1.1958551807672002,0.09765838207059371,-0.007099680194744321,-21936.434036570703,148715.86610613108,2526.6638206292046,6.559999999999991e-07
1.1958326702623001,0.09780701811311314,-0.0070975344936217355,-22510.504900067866,148636.0425194258,2145.701122585928,6.569999999999991e-07
1.1958096015971353,0.09795557382577642,-0.007095791816767485,-23068.665164780406,148555.7126632864,1742.6768542501507,6.57999999999999e-07
1.1957859915513454,0.09810404883370943,-0.007094473576617468,-23610.04578988187,148475.00793300726,1318.2401500170618,6.58999999999999e-07
1.195761857746594,0.09825244289426734,-0.007093600501956137,-24133.804751291544,148394.060557902,873.0746613312367,6.59999999999999e-07
1.1957372186181956,0.09840075589764676,-0.007093192604495341,-24639.128398509773,148313.00337941793,407.89746079552714,6.609999999999989e-07
1.1957120933854295,0.0985489878672746,-0.007093269146602876,-25125.232766162033,148231.9696278504,-76.54210753517077,6.619999999999989e-07
1.1956865020205913,0.09869713895997265,-0.007093848610232741,-25591.36483814243,148151.09269803838,-579.4636298650024,6.629999999999989e-07
1.195660465216829,0.09884520946589707,-0.00709494866710722,-26036.803762320367,148070.50592442555,-1100.0568744792656,6.639999999999989e-07
1.1956340043548153,0.09899319980825294,-0.007096586150198923,-26460.86201385057,147990.34235587253,-1637.483091702938,6.649999999999988e-07
1.19560714146831,0.09914111054278354,-0.007098777026558866,-26862.88650520608,147910.7345306076,-2190.876359943122,6.659999999999988e-07
1.1955798992086688,0.09928894235703525,-0.007101536371534554,-27242.259641136563,147831.81425170315,-2759.3449756880505,6.669999999999988e-07
1.195552300808352,0.09943669606939871,-0.0071048783444198176,-27598.40031683972,147753.7123634653,-3341.9728852635826,6.679999999999987e-07
1.1955243700434943,0.09958437262792784,-0.007108816165575897,-27930.764857721984,147676.55852912267,-3937.821156079695,6.689999999999987e-07
1.1954961311955952,0.09973197310893804,-0.007113362095060931,-28238.847899215776,147600.48101019886,-4545.929485034399,6.699999999999987e-07
1.19546760901239,0.099879498715386,-0.007118527412802612,-28522.183205214278,147525.60644795088,-5165.317741680989,6.709999999999986e-07
1.195438828667966,0.10002695077503325,-0.007124322400346318,-28780.34442378069,147452.05964725232,-5794.987543706585,6.719999999999986e-07
1.195409815722187,0.10017433073839654,-0.007130756324208534,-29012.945778887526,147379.9633632963,-6433.923862215699,6.729999999999986e-07
1.19538059607949,0.10032164017648804,-0.007137837420862796,-29219.642697041927,147309.43809148896,-7081.096654262175,6.739999999999985e-07
1.1953511959471224,0.10046888077834894,-0.007145572883382823,-29400.13236775573,147240.60186089884,-7735.46252002634,6.749999999999985e-07
1.1953216417928854,0.10061605434838056,-0.007153968849764814,-29554.154236923467,147173.57003162158,-8395.966381991739,6.759999999999985e-07
1.195291960302453,0.10076316280347697,-0.007163030392948252,-29681.490432277726,147108.4550964129,-9061.54318343743,6.769999999999985e-07
1.1952621783363329,0.1009102081699639,-0.007172761512551779,-29781.966120199093,147045.3664869355,-9731.119603527583,6.779999999999984e-07
1.1952323228865396,0.10105719258034887,-0.0071831651283380295,-29855.44979326711,146984.4103849582,-10403.615786250153,6.789999999999984e-07
1.1952024210330516,0.1012041182698877,-0.00719424307541846,-29901.85348804911,146925.68953883604,-11077.947080430777,6.799999999999984e-07
1.195172499900119,0.1013509875729733,-0.007205996101206487,-29921.132932735294,146869.3030855923,-11753.025788026673,6.809999999999983e-07
1.1951425866124947,0.1014978029193522,-0.007218423864124375,-29913.28762434089,146815.34637891306,-12427.762917888589,6.819999999999983e-07
1.1951127082516595,0.10164456683017556,-0.007231524934066542,-29878.36083530926,146763.91082335444,-13101.06994216638,6.829999999999983e-07
1.1950828918121101,0.10179128191389061,-0.007245296794619068,-29816.439549463572,146715.08371505287,-13771.860552526017,6.839999999999982e-07
1.1950531641577828,0.10193795086197983,-0.00725973584703241,-29727.654327368644,146668.94808921634,-14439.05241334254,6.849999999999982e-07
1.1950235519786816,0.1020845764445545,-0.007274837415941445,-29612.179101278813,146625.5825746635,-15101.568909034766,6.859999999999982e-07
1.1949940817477815,0.10223116150581017,-0.0072905957568241584,-29470.23089996182,146585.0612556653,-15758.340882713504,6.869999999999981e-07
1.1949647796782776,0.1023777089593515,-0.007307004065187484,-29302.069503802788,146547.45354133024,-16408.308363325606,6.879999999999981e-07
1.194935671681247,0.10252422178339426,-0.007324054487465975,-29107.997030705865,146512.82404276275,-17050.422278491278,6.889999999999981e-07
1.1949067833237934,0.10267070301585247,-0.007341738133616227,-28888.357453424298,146481.23245820904,-17683.646150251985,6.89999999999998e-07
1.1948781397877444,0.10281715574931886,-0.007360045091387197,-28643.536049061793,146452.73346639183,-18306.957770970646,6.90999999999998e-07
1.1948497658289627,0.10296358312594708,-0.007378964442243852,-28373.95878159949,146427.37662822104,-18919.35085665484,6.91999999999998e-07
1.1948216857373444,0.10310998833224413,-0.007398484278918859,-28080.091618412913,146405.2062970528,-19519.836675007336,6.92999999999998e-07
1.1947939232975626,0.10325637459378179,-0.007418591724564405,-27762.439781852172,146386.261537654,-20107.445645546402,6.939999999999979e-07
1.1947665017506255,0.1034027451698358,-0.007439272953473587,-27421.54693706588,146370.5760540156,-20681.228909180947,6.949999999999979e-07
1.1947394437563081,0.10354910334796194,-0.00746051321333826,-27057.994317354885,146358.17812614088,-21240.259864672567,6.959999999999979e-07
1.1947127713565198,0.10369545243851787,-0.007482296849007727,-26672.399788445564,146349.0905559212,-21783.635669468043,6.969999999999978e-07
1.1946865059396665,0.10384179576914006,-0.007504607327710169,-26265.416853173894,146343.33062219448,-22310.478702441535,6.979999999999978e-07
1.1946606682060683,0.10398813667918512,-0.0075274272656963145,-25837.733598170933,146340.91004506714,-22819.93798614566,6.989999999999978e-07
1.194635278134484,0.10413447851414469,-0.007550738456262549,-25390.071584237056,146341.83495956316,-23311.190566234753,6.999999999999977e-07
1.1946103549498017,0.10428082462004333,-0.007574521899108341,-24923.18468218652,146346.10589864902,-23783.442845791764,7.009999999999977e-07
1.1945859170919457,0.104427178337829,-0.007598757830980703,-24437.857856035276,146353.71778566626,-24235.931872362235,7.019999999999977e-07
1.1945619821860503,0.10457354299776518,-0.007623425757556278,-23934.90589549343,146364.65993618793,-24667.926575574817,7.029999999999977e-07
1.1945385670139503,0.10471992191383447,-0.007648504486509585,-23415.172099808864,146378.91606929904,-25078.728953307334,7.039999999999976e-07
1.1945156874870353,0.10486631837816277,-0.007673972161714025,-22879.52691509062,146396.46432828487,-25467.67520444058,7.049999999999976e-07
1.194493358620508,0.10501273565547346,-0.007699806298520354,-22328.86652731905,146417.2773106954,-25834.136806328686,7.059999999999976e-07
1.1944715945090947,0.1051591769775812,-0.0077259838200555596,-21764.111413324652,146441.32210773806,-26177.52153520489,7.069999999999975e-07
1.1944504083042427,0.10530564553793414,-0.0077524810944833945,-21186.20485208867,146468.56035293505,-26497.274427834516,7.079999999999975e-07
1.1944298121928438,0.10545214448621411,-0.0077792739731662175,-20596.111398785728,146498.94827996666,-26792.878682823128,7.089999999999975e-07
1.1944098173775197,0.10559867692300372,-0.007806337829666304,-19994.815324052037,146532.43678960568,-27063.85650008678,7.099999999999974e-07
1.1943904340584988,0.10574524589452935,-0.007833647599523397,-19383.319021021827,146568.97152563342,-27309.76985709272,7.109999999999974e-07
1.194371671417116,0.10589185438748897,-0.00786117782074398,-18762.641382729453,146608.49295961286,-27530.221220583142,7.119999999999974e-07
1.1943535376009635,0.10603850532397334,-0.00788890267493658,-18133.81615252512,146650.93648437932,-27724.854192600786,7.129999999999973e-07
1.1943360397107132,0.10618520155648943,-0.007916796029026323,-17497.890250198237,146696.23251609498,-27893.354089743825,7.139999999999973e-07
1.1943191837886367,0.10633194586309413,-0.00794483147748101,-16855.922076543793,146744.30660469946,-28035.448454687743,7.149999999999973e-07
1.1943029748088376,0.10647874094264671,-0.007972982384980135,-16208.979799144088,146795.0795525746,-28150.907499124183,7.159999999999973e-07
1.1942874166692155,0.10662558941018795,-0.008001221929457515,-15558.139622170227,146848.46754122814,-28239.54447738034,7.169999999999972e-07
1.1942725121851725,0.10677249379245374,-0.008029523145447613,-14904.484043035158,146904.38226578804,-28301.21599009748,7.179999999999972e-07
1.1942582630850738,0.10691945652353083,-0.008057858967665076,-14249.100098752622,146962.73107708653,-28335.82221746337,7.189999999999972e-07
1.194244670007469,0.10706647994066193,-0.008086202274746686,-13593.077604874,147023.4171311,-28343.307081610346,7.199999999999971e-07
1.194231732500079,0.10721356628020742,-0.008114525933084595,-12937.507389887873,147086.33954549974,-28323.658337908546,7.209999999999971e-07
1.194219449020551,0.10736071767377048,-0.008142802840679596,-12283.479527974907,147151.39356305654,-28276.907595002074,7.219999999999971e-07
1.194207816938978,0.10750793614449211,-0.00817100597094315,-11632.081573013615,147218.47072163114,-28203.130263554358,7.22999999999997e-07
1.1941968325421812,0.10765522360352259,-0.008199108416376938,-10984.39679673046,147287.4590304721,-28102.445433787507,7.23999999999997e-07
1.1941864910397473,0.10780258184667511,-0.008227083432058958,-10341.502433880762,147358.24315253238,-27975.015682018966,7.24999999999997e-07
1.19417678657181,0.10795001255126761,-0.008254904478865474,-9704.467937334966,147430.7045925063,-27821.04680651676,7.259999999999969e-07
1.194167712218564,0.10809751727315789,-0.008282545266358585,-9074.35324592792,147504.7218902797,-27640.787493112104,7.269999999999969e-07
1.1941592600114963,0.10824509744397737,-0.00830997979526971,-8452.2070679071,147580.17081947663,-27434.52891112489,7.279999999999969e-07
1.1941514209463135,0.10839275436856814,-0.008337182399509983,-7839.06518278919,147656.9245907793,-27202.604240273165,7.289999999999969e-07
1.1941441849975492,0.10854048922262784,-0.008364127787639335,-7235.948764402966,147734.85405968872,-26945.388129352257,7.299999999999968e-07
1.1941375411348214,0.10868830305056622,-0.008390791083726918,-6643.862727860444,147813.82793838775,-26663.29608758221,7.309999999999968e-07
1.1941314773407183,0.10883619676357757,-0.008417147867536551,-6063.794103157444,147893.71301136087,-26356.783809633693,7.319999999999968e-07
1.1941259806302802,0.10898417113793199,-0.008443174213972003,-5496.710438059437,147974.37435441985,-26026.346435452117,7.329999999999967e-07
1.1941210370720474,0.10913222681348876,-0.00846884673171811,-4943.558232878726,148055.6755567782,-25672.517746107336,7.339999999999967e-07
1.1941166318106378,0.10928036429243458,-0.008494142601015112,-4405.2614096948,148137.47894581335,-25295.869297001762,7.349999999999967e-07
1.1941127490926067,0.10942858393831939,-0.008519039610363082,-3882.7180311690045,148219.645884807,-24897.00934796969,7.359999999999966e-07
1.1941093722906682,0.10957688597518957,-0.008543516192412524,-3376.8019385652397,148302.0368701815,-24476.582049441895,7.369999999999966e-07
1.1941064839301045,0.10972527048699232,-0.008567551458799916,-2888.360563716266,148384.5118027524,-24035.266387390824,7.379999999999966e-07
1.1941040657170687,0.109873737417233,-0.008591125233860825,-2418.2130358139366,148466.93024068067,-23573.77506090844,7.389999999999965e-07
1.19410209856821,0.11002228656886516,-0.008614218087186742,-1967.14885879368,148549.15163216196,-23092.8533259174,7.399999999999965e-07
1.194100562641573,0.11017091760441372,-0.00863681136497304,-1535.9266370918717,148631.03554855764,-22593.277786299535,7.409999999999965e-07
1.1940994373687213,0.11031963004633132,-0.008658887220107476,-1125.2728518356346,148712.44191758925,-22075.855134435707,7.419999999999965e-07
1.1940987014880318,0.11046842327758753,-0.00868042864095071,-735.8806894397364,148793.23125621566,-21541.420843232765,7.429999999999964e-07
1.1940983330791073,0.11061729654249035,-0.0087014194787625,-368.4089244971272,148873.26490281406,-20990.837811791418,7.439999999999964e-07
1.1940983095982485,0.11076624894773864,-0.008721844473729444,-23.48085875859954,148952.4052482861,-20424.994966943173,7.449999999999964e-07
1.1940986079149305,0.11091527946370434,-0.008741689279552399,298.31668209694504,149030.5159657123,-19844.805822954895,7.459999999999963e-07
1.194099204349223,0.11106438692594252,-0.008760940486554165,596.4342922967553,149107.4622381796,-19251.207001766026,7.469999999999963e-07
1.1941000747100918,0.11121357003692693,-0.008779585643270351,870.360868907289,149183.11098440996,-18645.156716185862,7.479999999999963e-07
1.1941011943345243,0.11136282736800875,-0.008797613276488888,1119.6244324618258,149257.33108182054,-18027.633218536463,7.489999999999962e-07
1.1941025381274084,0.1115121573615954,-0.008815012909706169,1343.7928839819579,149329.99358665055,-17399.63321728073,7.499999999999962e-07
1.1941040806021057,0.11166155833354618,-0.008831775079970393,1542.4746971978557,149400.97195079314,-16762.170264224726,7.509999999999962e-07
1.1941057959216506,0.11181102847578116,-0.008847891353085321,1715.319544879499,149470.1422349762,-16116.273114928581,7.519999999999961e-07
1.1941076579405088,0.1119605658590991,-0.008863354337150322,1862.0188582999558,149537.38331794125,-15462.984065000976,7.529999999999961e-07
1.1941096402468276,0.11211016843620036,-0.008878157694415311,1982.306318962045,149602.57710127506,-14803.35726498846,7.539999999999961e-07
1.1941117162051094,0.11225983404490993,-0.008892296151431913,2075.9582818311574,149665.6087095556,-14138.45701660254,7.549999999999961e-07
1.1941138589992388,0.1124095604115954,-0.008905765507484967,2142.794129429468,149726.36668548046,-13469.356053054491,7.55999999999996e-07
1.194116041675795,0.11255934515477506,-0.008918562641291258,2182.6765562599876,149784.74317965325,-12797.13380629041,7.56999999999996e-07
1.194118237187578,0.11270918578890977,-0.008930685515955194,2195.511783142762,149840.6341347119,-12122.874663936813,7.57999999999996e-07
1.1941204184372791,0.11285907972837327,-0.008942133182173975,2181.2497011597648,149893.9394634907,-11447.666218780312,7.589999999999959e-07
1.194122558321224,0.11300902429159418,-0.00895290577968759,2139.883945019536,149944.56322091696,-10772.597513613546,7.599999999999959e-07
1.1941246297731198,0.11315901670536353,-0.008963004536971873,2071.451895767105,149992.41376935263,-10098.757284283422,7.609999999999959e-07
1.1941266058077327,0.11330905410930063,-0.00897243176917565,1976.0346128790939,150037.40393710096,-9427.232203777174,7.619999999999958e-07
1.1941284595644286,0.11345913356047044,-0.008981190874305826,1853.7566958979314,150079.45116980857,-8759.105130176467,7.629999999999958e-07
1.1941301643505045,0.11360925203814494,-0.008989286327667125,1704.7860758725499,150118.47767450399,-8095.453361300038,7.639999999999958e-07
1.1941316936842414,0.11375940644870096,-0.008996723674565965,1529.333736985754,150154.41055602476,-7437.34689884106,7.649999999999957e-07
1.1941330213376102,0.11390959363064655,-0.009003509521290752,1327.6533688603063,150187.18194559705,-6785.8467247867,7.659999999999957e-07
1.1941341213785603,0.1140598103597679,-0.009009651524383636,1100.040950146619,150216.72912134326,-6142.003092884146,7.669999999999957e-07
1.1941349682128244,0.1142100533543884,-0.009015158378221526,846.8342641045197,150242.99462050557,-5506.853837889889,7.679999999999957e-07
1.1941355366251714,0.11436031928073159,-0.009020039800926832,568.4123469997558,150265.92634318632,-4881.422705307234,7.689999999999956e-07
1.1941358018200416,0.11451060475837901,-0.009024306518631113,265.1948702425095,150285.47764741868,-4266.717704280985,7.699999999999956e-07
1.1941357394614989,0.11466090636581441,-0.009027970248117391,-62.358542699900624,150301.60743539484,-3663.7294862781027,7.709999999999956e-07
1.1941353257124354,0.11481122064604511,-0.00903104367786953,-413.74906348095163,150314.28023069247,-3073.429752138887,7.719999999999955e-07
1.1941345372729666,0.11496154411229147,-0.009033540447559565,-788.439468907329,150323.46624635425,-2496.7696900350816,7.729999999999955e-07
1.1941333514179542,0.11511187325373516,-0.009035475126006385,-1185.855012490877,150329.1414436894,-1934.6784468191981,7.739999999999955e-07
1.194131746033598,0.11526220454131685,-0.009036863187641579,-1605.3843560886746,150331.28758168122,-1388.0616351935378,7.749999999999954e-07
1.194129699653038,0.11541253443357374,-0.009037720987520646,-2046.380560105829,150329.89225689849,-857.799879067857,7.759999999999954e-07
1.1941271914909073,0.11556285938250757,-0.009038065734920057,-2508.162130644159,150324.94893382475,-344.74739941154473,7.769999999999954e-07
1.1941242014767854,0.1157131758394731,-0.009037915465562896,-2990.014121891261,150316.4569655339,150.26935716036877,7.779999999999953e-07
1.1941207102874936,0.11586348026107776,-0.009037289012517997,-3491.189291958618,150304.4216046563,626.4530448979338,7.789999999999953e-07
1.1941166993781833,0.11601376911508236,-0.00903620597581957,-4010.9093102945103,150288.854004595,1083.0366984273996,7.799999999999953e-07
1.1941121510121686,0.11616403888629333,-0.009034686690856327,-4548.366014717714,150269.7712109679,1519.284963242609,7.809999999999953e-07
1.1941070482894525,0.11631428608243659,-0.009032752195581091,-5102.722716041316,150247.19614326686,1934.4952752357187,7.819999999999952e-07
1.1941013751739042,0.11646450724000333,-0.009030424196593683,-5673.11554818267,150221.15756674096,2327.998987408338,7.829999999999952e-07
1.1940951165190428,0.11661469893005785,-0.009027725034151694,-6258.6548615855445,150191.69005452775,2699.162441988905,7.839999999999952e-07
1.194088258092385,0.11676485776399792,-0.009024677646165425,-6858.426657713997,150158.83394007134,3047.3879862694525,7.849999999999951e-07
1.1940807865983227,0.11691498039925781,-0.00902130553123486,-7471.494062314619,150122.63525988307,3372.114930564693,7.859999999999951e-07
1.1940726896994875,0.11706506354494453,-0.009017632710788072,-8096.898835084482,150083.14568671622,3672.820446788408,7.869999999999951e-07
1.1940639560365742,0.11721510396739777,-0.009013683690381835,-8733.662913326505,150040.4224532427,3949.0204062363864,7.87999999999995e-07
1.1940545752465872,0.11736509849566411,-0.009009483420226573,-9380.789987122202,149994.52826633494,4200.27015526143,7.88999999999995e-07
1.1940445379794837,0.11751504402687618,-0.00900505725499895,-10037.267103503742,149945.53121207285,4426.165227624071,7.89999999999995e-07
1.1940338359131866,0.11766493753152779,-0.009000430913006547,-10702.066297063284,149893.5046516113,4626.341992402555,7.909999999999949e-07
1.1940224617669422,0.11781477605863586,-0.0089956304347701,-11374.146244397358,149838.52710805883,4800.4782364471,7.919999999999949e-07
1.1940104093130024,0.1179645567407804,-0.008990682141089633,-12052.453939748035,149780.6821445347,4948.293680466374,7.929999999999949e-07
1.1939976733866133,0.11811427679901398,-0.008985612590661695,-12735.926389170547,149720.05823358553,5069.550427938319,7.939999999999949e-07
1.1939842498942927,0.11826393354763215,-0.008980448537315552,-13423.492320529085,149656.74861815924,5164.05334614283,7.949999999999948e-07
1.1939701358203862,0.1184135243987965,-0.008975216886936832,-14114.073906598649,149590.85116434738,5231.650378720107,7.959999999999948e-07
1.1939553292318876,0.11856304686700263,-0.008969944654147567,-14806.588498531128,149522.46820612272,5272.232789265718,7.969999999999948e-07
1.1939398292815206,0.11871249857338494,-0.008964658918811985,-15499.950366928306,149451.70638231258,5285.735335581241,7.979999999999947e-07
1.1939236362090728,0.118861877249851,-0.008959386782437677,-16193.072447753124,149378.6764660624,5272.136374307813,7.989999999999947e-07
1.1939067513409825,0.11901118074303807,-0.008954155324541899,-16884.868090303407,149303.49318705767,5231.4578957786525,7.999999999999947e-07
1.1938891770881779,0.11916040701808485,-0.008948991559052863,-17574.252804469368,149226.27504678548,5163.765489035701,8.009999999999946e-07
1.1938709169421733,0.11930955416221198,-0.008943922390815798,-18260.146004497437,149147.1441271297,5069.168237064572,8.019999999999946e-07
1.1938519754694268,0.11945862038810458,-0.008938974572273387,-18941.47274648855,149066.22589260596,4947.818542411087,8.029999999999946e-07
1.1938323583039698,0.11960760403709113,-0.008934174660389935,-19617.16545686862,148983.6489865548,4799.911883451409,8.039999999999945e-07
1.1938120721383207,0.11975650358211275,-0.008929548973888238,-20286.1656490829,148899.54502162195,4625.68650169626,8.049999999999945e-07
1.1937911247126949,0.11990531763047761,-0.00892512355086762,-20947.425625783933,148814.04836486664,4425.423020617548,8.059999999999945e-07
1.193769524802531,0.12005404492639546,-0.008920924106871028,-21599.91016380502,148727.29591784778,4199.44399659294,8.069999999999945e-07
1.1937472822043518,0.12020268435328751,-0.008916975993468357,-22242.59817923746,148639.42689204862,3948.113402670282,8.079999999999944e-07
1.1937244077199818,0.12035123493586752,-0.008913304157422398,-22874.4843699602,148550.58258000898,3671.836045959125,8.089999999999944e-07
1.1937009131391487,0.12049969584199006,-0.008909933100502837,-23494.580833005013,148460.90612254292,3371.056919560826,8.099999999999944e-07
1.1936768112204945,0.1206480663842625,-0.008906886840012786,-24101.91865417878,148370.54227242726,3046.2604900516703,8.109999999999943e-07
1.1936521156710271,0.12079634602141745,-0.00890418887009115,-24695.549467406825,148279.6371549541,2697.969921634917,8.119999999999943e-07
1.1936268411240458,0.12094453435944319,-0.008901862123852973,-25274.546981307703,148188.33802574623,2326.746238177596,8.129999999999943e-07
1.1936010031155753,0.12109263115246943,-0.008899928936428526,-25838.00847055981,148096.79302624104,1933.1874244460682,8.139999999999942e-07
1.1935746180593456,0.12124063630340669,-0.008898411008960576,-26385.056229674337,148005.15093725285,1517.927467950644,8.149999999999942e-07
1.1935477032203587,0.12138854986433771,-0.008897329373617672,-26914.838986846644,147913.56093102868,1081.6353429038354,8.159999999999942e-07
1.1935202766870832,0.12153637203665993,-0.008896704359679783,-27426.533275619433,147822.17232221566,625.0139378889264,8.169999999999941e-07
1.193492357342321,0.1216841031709781,-0.008896555560750858,-27919.344762156023,147731.13431816144,148.79892892535418,8.179999999999941e-07
1.1934639648327952,0.12183174376674706,-0.008896901803151154,-28392.50952599036,147640.5957689714,-346.2424002952539,8.189999999999941e-07
1.193435119537503,0.1219792944716648,-0.008897761115540297,-28845.295292192095,147550.7049177473,-859.3123891437505,8.199999999999941e-07
1.1934058425348901,0.12212675608081625,-0.008899150699820115,-29277.002612960136,147461.60915143316,-1389.5842798181507,8.20999999999994e-07
1.1933761555688933,0.12227412953556895,-0.008901086903364233,-29686.96599673631,147373.45475269418,-1936.2035441184007,8.21999999999994e-07
1.1933460810139103,0.1224214159222222,-0.008903585192619369,-30074.554983012073,147286.38665325282,-2498.2892551350596,8.22999999999994e-07
1.1933156418387492,0.1225686164704113,-0.00890666012812105,-30439.17516108548,147200.54818910587,-3074.9355016825666,8.239999999999939e-07
1.193284861569618,0.12271573255126934,-0.008910325340964288,-30780.269131112906,147116.08085804235,-3665.2128432378445,8.249999999999939e-07
1.1932537642522123,0.12286276567534922,-0.008914593510767366,-31097.31740588978,147033.12407988028,-4268.169803078378,8.259999999999939e-07
1.1932223744129604,0.12300971749030906,-0.008919476345164616,-31389.839251887275,146951.81495983552,-4882.834397250802,8.269999999999938e-07
1.1931907170194922,0.1231565897783645,-0.008924984560861557,-31657.393468166876,146872.2880554316,-5508.215696941424,8.279999999999938e-07
1.1931588174403902,0.12330338445351186,-0.008931127866283322,-31899.57910189211,146794.67514735367,-6143.305421764253,8.289999999999938e-07
1.193126701404291,0.1234501035585265,-0.008937914945844751,-32116.036099256482,146719.10501464395,-6787.079561429955,8.299999999999937e-07
1.1930943949584003,0.12359674926174112,-0.008945353445867962,-32306.44589074819,146645.70321462848,-7438.500023210921,8.309999999999937e-07
1.1930619244264906,0.12374332385360907,-0.008953449962170535,-32470.531909776015,146574.5918679579,-8096.516302573375,8.319999999999937e-07
1.193029316366447,0.1238898297430582,-0.008962210029344842,-32608.06004378605,146505.88944913622,-8760.067174307189,8.329999999999937e-07
1.19299659752743,0.1240362694536411,-0.00897163811174629,-32718.83901710607,146439.71058290254,-9428.08240144807,8.339999999999936e-07
1.192963794806725,0.12418264561948793,-0.008981737596205545,-32802.720704862826,146376.16584682115,-10099.484459254803,8.349999999999936e-07
1.1929309352063477,0.12432896098106835,-0.008992510786477021,-32859.60037742735,146315.3615804246,-10773.190271476818,8.359999999999936e-07
1.192898045789473,0.1244752183807696,-0.009003958899433145,-32889.41687495427,146257.39970124367,-11448.11295612397,8.369999999999935e-07
1.1928651536367612,0.12462142075829764,-0.009016082063011077,-32892.15271169321,146202.37752804643,-12123.163577931746,8.379999999999935e-07
1.1928322858026512,0.12476757114590924,-0.009028879315915778,-32867.83410986265,146150.38761159594,-12797.252904700708,8.389999999999935e-07
1.1927994692716881,0.12491367266348247,-0.009042348609080457,-32816.530962990444,146101.51757322397,-13469.293164679175,8.399999999999934e-07
1.1927667309149594,0.12505972851343397,-0.00905648680888261,-32738.3567287385,146055.84995150426,-14138.199802152858,8.409999999999934e-07
1.192734097446708,0.12520574197549125,-0.009071289702111013,-32633.468251343253,146013.46205729488,-14802.89322840451,8.419999999999934e-07
1.1927015953811941,0.12535171640132867,-0.009086752002676224,-32502.065513917634,145974.42583740538,-15462.300565210517,8.429999999999933e-07
1.192669250989873,0.1254976552090758,-0.009102867360054273,-32344.391320974144,145938.80774712903,-16115.357378049928,8.439999999999933e-07
1.1926370902589614,0.12564356187770767,-0.009119628369450489,-32160.730911642127,145906.66863186556,-16761.009396214577,8.449999999999933e-07
1.1926051388474572,0.12578943994132571,-0.009137026583667515,-31951.411504165597,145878.06361804364,-17398.21421702677,8.459999999999933e-07
1.192573422045685,0.12593529298333925,-0.009155052526658908,-31716.80177238023,145853.04201353717,-18025.9429913934,8.469999999999932e-07
1.19254196473443,0.126081124630557,-0.00917369570874686,-31457.31125497975,145831.6472177519,-18643.18208795245,8.479999999999932e-07
1.1925107913447315,0.12622693854719855,-0.00919294464347996,-31173.38969849236,145813.9166415431,-19248.934733099388,8.489999999999932e-07
1.1924799258183965,0.12637273842883565,-0.009212786866104177,-30865.526334996965,145799.88163710793,-19842.22262421724,8.499999999999931e-07
1.1924493915693006,0.1265185279962736,-0.009233208953617652,-30534.249095716816,145789.5674379781,-20422.087513474704,8.509999999999931e-07
1.192419211445539,0.12666431098938283,-0.009254196546377253,-30180.12376173411,145782.9931092224,-20987.5927596019,8.519999999999931e-07
1.1923894076924857,0.1268100911608908,-0.009275734371222356,-29803.753053173426,145780.1715079496,-21537.824845102896,8.52999999999993e-07
1.1923600019168274,0.12695587227014496,-0.009297806266078774,-29405.775658304075,145781.10925418558,-22071.894856418035,8.53999999999993e-07
1.1923310150516233,0.12710165807685714,-0.009320395206003381,-28986.865204111455,145785.80671218043,-22588.939924607243,8.54999999999993e-07
1.1923024673224534,0.12724745233483933,-0.00934348333062757,-28547.72916998512,145794.25798218264,-23088.124624187887,8.55999999999993e-07
1.1922743782147072,0.12739325878574204,-0.009367051972955398,-28089.107746266407,145806.4509027007,-23568.642327827154,8.569999999999929e-07
1.1922467664420677,0.1275390811528053,-0.009391081689470058,-27611.77263949069,145822.36706325356,-24029.716514659318,8.579999999999929e-07
1.1922196499162414,0.1276849231346329,-0.00941555229150013,-27116.525826248886,145841.981827594,-24470.602030072663,8.589999999999929e-07
1.1921930457179837,0.12783078839900028,-0.00944044287779502,-26604.198257679076,145865.26436737046,-24890.586294888777,8.599999999999928e-07
1.192166970069467,0.12797668057670644,-0.009465731868256957,-26075.648516682297,145892.17770617618,-25288.990461938727,8.609999999999928e-07
1.192141438308037,0.12812260325548036,-0.009491397038775082,-25531.761430036262,145922.67877391545,-25665.17051812582,8.619999999999928e-07
1.1921164648613993,0.12826855997395176,-0.009517415557105236,-24973.44663765689,145956.7184714005,-26018.51833015318,8.629999999999927e-07
1.192092063224278,0.12841455421569684,-0.009543764019737423,-24401.63712133014,145994.2417450746,-26348.462632186314,8.639999999999927e-07
1.1920682459365826,0.12856058940336856,-0.009570418489691238,-23817.28769530519,146035.18767173987,-26654.469953815515,8.649999999999927e-07
1.1920450245631213,0.1287066688929217,-0.009597354535178019,-23221.37346120476,146079.48955315186,-26936.0454867809,8.659999999999926e-07
1.1920224096748915,0.12885279596794202,-0.009624547269067042,-22614.888229768992,146127.0750203257,-27192.73388902331,8.669999999999926e-07
1.1920004108319795,0.1289989738340894,-0.00965197138909177,-21998.842912005723,146177.86614738332,-27424.120024727377,8.679999999999926e-07
1.1919790365680971,0.12914520561366416,-0.009679601218730897,-21374.263882372084,146231.7795747543,-27629.82963912853,8.689999999999925e-07
1.1919582943767804,0.12929149434030568,-0.00970741074869786,-20742.191316660046,146288.726641528,-27809.529966963448,8.699999999999925e-07
1.191938190699273,0.12943784295383243,-0.009735373678971414,-20103.677507301734,146348.61352673927,-27962.930273553022,8.709999999999925e-07
1.1919187309141142,0.1295842542952318,-0.009763463461299032,-19459.7851588489,146411.34139935515,-28089.78232761849,8.719999999999925e-07
1.1918999193284476,0.12973073110180852,-0.009791653342104077,-18811.585666414878,146476.80657671572,-28189.880805044482,8.729999999999924e-07
1.1918817591710678,0.12987727600249968,-0.009819916405726993,-18160.157379896562,146544.90069116835,-28263.063622917252,8.739999999999924e-07
1.191864252587211,0.1300238915133643,-0.009848225617930275,-17506.58385681823,146615.51086462103,-28309.212203282117,8.749999999999924e-07
1.1918474006351043,0.13017058003325502,-0.009876553869596455,-16851.952106658733,146688.51989072788,-28328.251666180888,8.759999999999923e-07
1.1918312032842748,0.1303173438396794,-0.009904874020548102,-16197.3508295381,146763.80642440706,-28320.15095164764,8.769999999999923e-07
1.1918156594156226,0.1304641850848578,-0.009933158943418561,-15543.86865214942,146841.24517837953,-28284.92287045925,8.779999999999923e-07
1.1918007668232589,0.1306111057919842,-0.009961381567502117,-14892.592363826667,146920.70712640634,-28222.624083555696,8.789999999999922e-07
1.1917865222181032,0.1307581078516971,-0.00998951492251228,-14244.605155638985,147002.05971289013,-28133.355010163727,8.799999999999922e-07
1.1917729212332377,0.13090519301876558,-0.010017532182177056,-13600.984865396898,147085.16706849754,-28017.25966477611,8.809999999999922e-07
1.1917599584310063,0.13105236290899702,-0.010045406707600313,-12962.802231445876,147169.89023144884,-27874.525423257015,8.819999999999921e-07
1.1917476273118481,0.13119961899637114,-0.010073112090318775,-12331.11915810777,147256.08737411225,-27705.382718461922,8.829999999999921e-07
1.1917359203248525,0.13134696261040568,-0.010100622194984653,-11706.986995610812,147343.61403453202,-27510.104665877534,8.839999999999921e-07
1.1917248288800153,0.1314943949337582,-0.010127911201604558,-11091.444837324221,147432.3233525116,-27289.006619903474,8.849999999999921e-07
1.1917143433621782,0.13164191700006805,-0.01015495364726607,-10485.517837083933,147522.0663098657,-27042.44566151258,8.85999999999992e-07
1.1917044531466288,0.1317895296920425,-0.010181724467284211,-9890.215549361845,147612.69197444906,-26770.820018140417,8.86999999999992e-07
1.1916951466163337,0.13193723373979005,-0.010208199035700978,-9306.530294991997,147704.04774756313,-26474.56841676693,8.87999999999992e-07
1.1916864111807786,0.1320850297194044,-0.010234353205072242,-8735.435555123657,147795.97961433738,-26154.169371263528,8.889999999999919e-07
1.1916782332963824,0.13223291805180107,-0.010260163345477429,-8177.884396023255,147888.33239667647,-25810.140405187638,8.899999999999919e-07
1.1916705984884552,0.13238089900180944,-0.010285606382688743,-7634.807927294662,147980.95000836134,-25443.03721131318,8.909999999999919e-07
1.1916634913746593,0.13252897267752134,-0.010310659835438033,-7107.113796030561,148073.67571188835,-25053.452749289532,8.919999999999918e-07
1.19165689568994,0.13267713902989797,-0.010335301851720956,-6595.684719346689,148166.35237662838,-24642.016282923287,8.929999999999918e-07
1.1916507943128825,0.13282539785263586,-0.010359511244079632,-6101.377057685619,148258.82273788535,-24209.392358676178,8.939999999999918e-07
1.1916451692934513,0.1329737487822923,-0.010383267523806701,-5625.019431207757,148350.92965643288,-23756.279727068577,8.949999999999917e-07
1.1916400018820699,0.1331221912986704,-0.010406550934015473,-5167.4113815143155,148442.51637810635,-23283.410208771325,8.959999999999917e-07
1.191635272559989,0.13327072472546342,-0.010429342481522733,-4729.322080870435,148533.42679302816,-22791.547507258598,8.969999999999917e-07
1.191630961070898,0.13341934823115748,-0.010451623967492715,-4311.489091016512,148623.50569404446,-22281.48596998127,8.979999999999917e-07
1.1916270464537244,0.13356806083019143,-0.010473378016792817,-3914.617173572232,148712.59903395252,-21754.04930010353,8.989999999999916e-07
1.1916235070765704,0.13371686138437253,-0.010494588106013742,-3539.3771539510167,148800.55418110033,-21210.08922092519,8.999999999999916e-07
1.1916203206717297,0.13386574860454548,-0.01051523859010893,-3186.404840612734,148887.2201729423,-20650.484095188152,9.009999999999916e-07
1.1916174643717283,0.1340147210525126,-0.010535314727610467,-2856.300001389724,148972.44796713756,-20076.137501537607,9.019999999999915e-07
1.1916149147463297,0.13416377714320238,-0.010554802704380944,-2549.625398525657,149056.0906897824,-19487.976770476835,9.029999999999915e-07
1.1916126478404458,0.13431291514708274,-0.010573689655863163,-2266.9058839686504,149138.00388037128,-18886.95148221859,9.039999999999915e-07
1.1916106392128896,0.13446213319281583,-0.010591963687792059,-2008.6275563595643,149218.04573308688,-18274.03192889607,9.049999999999914e-07
1.1916088639759086,0.13461142927014985,-0.01060961389533571,-1775.2369810537273,149296.07733402503,-17650.20754365237,9.059999999999914e-07
1.191607296835434,0.13476080123304382,-0.01062663038063489,-1567.1404744095937,149371.96289396612,-17016.485299178643,9.069999999999914e-07
1.1916059121319806,0.13491024680302013,-0.010643004268713209,-1384.7034534713168,149445.56997631188,-16373.888078318498,9.079999999999913e-07
1.1916046838821286,0.13505976357273994,-0.010658727721732607,-1228.2498520640097,149516.76971981354,-15723.453019398647,9.089999999999913e-07
1.1916035858205243,0.13520934900979567,-0.010673793951571591,-1098.0616042108356,149585.43705572526,-15066.229838984142,9.099999999999913e-07
1.1916025914423287,0.1353590004607147,-0.010688197230706381,-994.378195670166,149651.45091902508,-14403.279134790062,9.109999999999913e-07
1.1916016740460444,0.13550871515516805,-0.010701932901377892,-917.3962842790779,149714.69445335507,-13735.67067151066,9.119999999999912e-07
1.1916008067766548,0.13565849021037737,-0.010714997383030243,-867.269389676622,149775.0552093411,-13064.481652351367,9.129999999999912e-07
1.191599962669002,0.13580832263571335,-0.010727388178009313,-844.1076528667893,149832.42533596366,-12390.794979068953,9.139999999999912e-07
1.191599114691336,0.13595820933747801,-0.010739103875512654,-847.9776659670858,149886.70176466063,-11715.697503340272,9.149999999999911e-07
1.1915982357889636,0.13610814712386388,-0.010750144153784945,-878.902372374332,149937.78638585503,-11040.278272290681,9.159999999999911e-07
1.1915972989279262,0.1362581327100815,-0.010760509780555963,-936.8610374649218,149985.5862176112,-10365.626771019053,9.169999999999911e-07
1.1915962771386364,0.13640816272364764,-0.010770202611720922,-1021.789289832438,150030.01356613578,-9692.831164957723,9.17999999999991e-07
1.1915951435594034,0.1365582337098255,-0.010779225588265825,-1133.5792329514993,150070.98617785133,-9022.976544902347,9.18999999999991e-07
1.1915938714797765,0.13670834213720828,-0.010787582731443363,-1272.0796270431304,150108.4273827844,-8357.143177538876,9.19999999999991e-07
1.1915924343836357,0.1368584844034373,-0.010795279136207645,-1437.0961408039948,150142.26622902192,-7696.404764282409,9.20999999999991e-07
1.191590805991963,0.13700865684104532,-0.010802320962918872,-1628.3916725497345,150172.4376080042,-7041.826711225868,9.219999999999909e-07
1.191588960305223,0.13715885572341577,-0.010808715427331847,-1845.6867402115104,150198.8823704367,-6394.46441297509,9.229999999999909e-07
1.1915868716452835,0.13730907727084837,-0.010814470788884967,-2088.659939514906,150221.547432617,-5755.361553121267,9.239999999999909e-07
1.191584514696814,0.13745931765672137,-0.010819596337309039,-2356.9484695617452,150240.38587298823,-5125.548424071625,9.249999999999908e-07
1.1915818645480891,0.1376095730137401,-0.010824102377577964,-2650.1487249282545,150255.35701874548,-4506.040268924988,9.259999999999908e-07
1.1915788967311358,0.13775983944026243,-0.010828000213226004,-2967.81695328758,150266.4265223364,-3897.835648040395,9.269999999999908e-07
1.1915755872611584,0.13791011300669015,-0.010831302128058908,-3309.469977461053,150273.56642771413,-3301.914832904434,9.279999999999907e-07
1.1915719126751778,0.13806038976191637,-0.010834021366288764,-3674.5859807009633,150276.75522621523,-2719.238229856362,9.289999999999907e-07
1.191567850069824,0.13821066573981833,-0.010836172111124944,-4062.605353908094,150275.97790195254,-2150.744836179636,9.299999999999907e-07
1.1915633771382206,0.13836093696578497,-0.010837769461855959,-4472.931603390054,150271.2259666288,-1597.3507310141672,9.309999999999906e-07
1.191558472205903,0.13851119946326867,-0.010838829409459445,-4904.9323176716025,150262.49748369356,-1059.9476034855973,9.319999999999906e-07
1.1915531142657112,0.13866144926035046,-0.01083936881077983,-5357.940191775897,150249.79708178312,-539.401320386245,9.329999999999906e-07
1.1915472830116038,0.13881168239630787,-0.010839405361315509,-5831.254107306011,150233.1359573994,-36.55053567724889,9.339999999999905e-07
1.1915409588713373,0.13896189492817468,-0.010838957566659521,-6324.140266569234,150212.5318668017,447.7946559871284,9.349999999999905e-07
1.1915341230379584,0.13911208293728178,-0.010838044712639936,-6835.833378902811,150188.00910710183,912.8540195838676,9.359999999999905e-07
1.191526757500061,0.13926224253576835,-0.010836686834208097,-7365.537897278938,150159.5984865709,1357.8784318400428,9.369999999999905e-07
1.191518845070758,0.13941236987305253,-0.010834904683124926,-7912.429303189085,150127.33728418313,1782.1510831699632,9.379999999999904e-07
1.1915103694153202,0.13956246114225096,-0.010832719694497391,-8475.655437733309,150091.26919843958,2184.988627535319,9.389999999999904e-07
1.1915013150774434,0.1397125125865365,-0.010830153952218974,-9054.337876769052,150051.4442855321,2565.742278416724,9.399999999999904e-07
1.1914916675040954,0.13986252050542342,-0.010827230153369803,-9647.573347906271,150007.9188869256,2923.798849171357,9.409999999999903e-07
1.1914814130689084,0.14001248126096988,-0.010823971571633662,-10254.435187071565,149960.75554645335,3258.5817361402455,9.419999999999903e-07
1.191470539094076,0.1401623912838869,-0.010820402019790702,-10873.974832303442,149910.0229170383,3569.551842959907,9.429999999999903e-07
1.1914590338707236,0.1403122470795441,-0.010816545811346076,-11505.223352383922,149855.79565716986,3856.208444626491,9.439999999999902e-07
1.1914468866777157,0.14046204523386138,-0.01081242772135612,-12147.193007858687,149798.15431728307,4118.089989956083,9.449999999999902e-07
1.1914340877988738,0.1406117824190776,-0.010808072946514938,-12798.878841948519,149737.18521620415,4354.774841182254,9.459999999999902e-07
1.191420628538575,0.14076145539938545,-0.010803507064565407,-13459.260298809502,149672.98030784292,4565.881949531225,9.469999999999901e-07
1.1914065012357085,0.14091106103642378,-0.010798755993099691,-14127.302866557882,149605.63703832924,4751.071465715883,9.479999999999901e-07
1.191391699275966,0.1410605962946176,-0.010793845947815298,-14801.959742438012,149535.25819380712,4910.045284392319,9.489999999999901e-07
1.1913762171024487,0.1412100582463567,-0.010788803400293572,-15482.17351747837,149461.95173911628,5042.5475217263,9.499999999999901e-07
1.1913600502245707,0.14135944407700432,-0.01078365503536825,-16166.877877951169,149385.83064760602,5148.36492532208,9.5099999999999e-07
1.1913431952252498,0.14150875108972666,-0.010778427708152377,-16854.999320925865,149307.012722343,5227.32721587197,9.5199999999999e-07
1.1913256497663687,0.14165797671013564,-0.010773148400792385,-17545.45888118566,149225.62040898827,5279.3073599920135,9.5299999999999e-07
1.1913074125925018,0.14180711849073627,-0.010767844179018568,-18237.173866759116,149141.78060063472,5304.221773816825,9.5399999999999e-07
1.1912884835329016,0.14195617411517117,-0.010762542148561533,-18929.05960030617,149055.62443490964,5302.030457034904,9.5499999999999e-07
1.191268863501738,0.14210514140225483,-0.010757269411504379,-19620.031163589196,148967.28708366142,5272.7370571545125,9.5599999999999e-07
1.1912485544965958,0.1422540183097904,-0.010752053022640479,-20309.005142255388,148876.90753556284,5216.388863899194,9.569999999999902e-07
1.1912275595952277,0.14240280293816238,-0.010746919945906737,-20994.901368156425,148784.628371976,5133.076733741233,9.579999999999902e-07
1.1912058829505714,0.1425514935336988,-0.010741897010962047,-21676.64465643543,148690.59553643645,5022.93494469047,9.589999999999903e-07
1.1911835297840367,0.14270008849179694,-0.010737010869980482,-22353.166534619388,148594.9580981264,4886.140981564936,9.599999999999904e-07
1.1911605063770758,0.14284858635980666,-0.010732287954728404,-23023.406960967528,148497.8680097174,4722.915252078404,9.609999999999905e-07
1.1911368200610464,0.14299698583966663,-0.010727754433994216,-23686.31602934277,148399.47985997418,4533.520734188211,9.619999999999905e-07
1.1911124792053884,0.14314528579028815,-0.010723436171438961,-24340.855657893946,148299.95062152095,4318.262555254262,9.629999999999906e-07
1.1910874932041295,0.14329348522968233,-0.010719358683935294,-24986.001258861343,148199.43939418162,4077.4875036669578,9.639999999999907e-07
1.1910618724607427,0.14344158333682663,-0.010715547100461586,-25620.743386847054,148098.1071443129,3811.58347370766,9.649999999999908e-07
1.1910356283713797,0.1435895794532672,-0.010712026121617075,-26244.089362924482,147996.1164405588,3520.9788445101376,9.659999999999908e-07
1.1910087733065076,0.14373747308445367,-0.010708819979822981,-26855.064871998387,147893.6311864612,3206.1417940949987,9.66999999999991e-07
1.1909813205909767,0.14388526390080403,-0.01070595240027343,-27452.715530867797,147790.81635036846,2867.579549551315,9.67999999999991e-07
1.1909532844825523,0.14403295173849712,-0.01070344656269889,-28036.108424488884,147687.83769308974,2505.837574540338,9.68999999999991e-07
1.1909246801489444,0.14418053659999086,-0.010701325064003495,-28604.333607983695,147584.86149374774,2121.498695395193,9.699999999999911e-07
1.1908955236433725,0.14432801865426514,-0.010699609881836308,-29156.505571993104,147482.0542742872,1715.182167187616,9.709999999999912e-07
1.1908658318787035,0.14447539823678823,-0.01069832233915508,-29691.764669028584,147379.58252309964,1287.5426812280384,9.719999999999913e-07
1.190835622600205,0.14462267584920646,-0.010697483069839522,-30209.278498537315,147277.61241822827,839.2693155584117,9.729999999999914e-07
1.1908049143569566,0.14476985215875707,-0.010697111985409433,-30708.24324845861,147176.309550618,371.0844300880401,9.739999999999914e-07
1.1907737264719656,0.14491692799740494,-0.010697228242901322,-31187.884991116665,147075.83864787768,-116.25749188884026,9.749999999999915e-07
1.1907420790110341,0.14506390436070396,-0.010697850213955291,-31647.460931364974,146976.36329902112,-621.9710539690403,9.759999999999916e-07
1.1907099927504292,0.1452107824063846,-0.010698995455162093,-32086.260604971525,146878.04568065365,-1145.241206801979,9.769999999999917e-07
1.190677489143404,0.14535756345266967,-0.01070068067971824,-32503.60702531084,146781.0462850691,-1685.2245561483453,9.779999999999917e-07
1.1906445902856275,0.1455042489763204,-0.01070292173043501,-32898.857776508965,146685.52365072016,-2241.050716769805,9.789999999999918e-07
1.1906113188795762,0.14565084061041592,-0.010705733554145018,-33271.406051270584,146591.63409552193,-2811.8237100091674,9.799999999999919e-07
1.1905776981979446,0.14579734014186935,-0.010709130177547868,-33620.68163170351,146499.53145344506,-3396.6234028490762,9.80999999999992e-07
1.190543752046133,0.1459437495086842,-0.010713124684534036,-33946.151811544485,146409.36681484935,-3994.5069861692277,9.81999999999992e-07
1.1905095047238747,0.14609007079695518,-0.010717729195023893,-34247.32225828167,146321.2882710041,-4604.510489857456,9.829999999999921e-07
1.1904749809860609,0.1462363062376184,-0.010722954845356262,-34523.73781376326,146235.44066323468,-5225.650332368919,9.839999999999922e-07
1.190440206002829,0.14638245820295553,-0.010728811770258532,-34774.98323197799,146151.96533712745,-5856.924902270095,9.849999999999923e-07
1.1904052053189762,0.14652852920285775,-0.010735309086427782,-35000.68385279186,146070.9999022181,-6497.316169250574,9.859999999999923e-07
1.1903700048127657,0.14667452188085534,-0.010742454877749818,-35200.506210526386,145992.6779975787,-7145.791322035678,9.869999999999924e-07
1.1903346306541893,0.14682043900991903,-0.010750256182180404,-35374.15857636625,145917.12906371028,-7801.304430586978,9.879999999999925e-07
1.1902991092627557,0.14696628348804017,-0.01075871898031034,-35521.39143368889,145844.4781211366,-8462.798129935798,9.889999999999926e-07
1.1902634672648702,0.14711205833359625,-0.010767848185633297,-35641.997885514895,145774.84555608465,-9129.205322956954,9.899999999999926e-07
1.190227731450877,0.14725776668050988,-0.010777647636532653,-35735.81399338571,145708.34691362514,-9799.450899356303,9.909999999999927e-07
1.1901919287318299,0.1474034117732085,-0.010788120090000769,-35802.71904708445,145645.09269863425,-10472.453468116297,9.919999999999928e-07
1.1901560860960652,0.14754899696139342,-0.010799267217101387,-35842.635764725914,145585.1881849247,-11147.127100618618,9.929999999999929e-07
1.1901202305656422,0.1476945256946263,-0.01081108960018303,-35855.530422853124,145528.7332328803,-11822.38308164237,9.93999999999993e-07
1.190084389152726,0.1478400015167422,-0.01082358673184845,-35841.412916290115,145475.82211591463,-12497.131665420009,9.94999999999993e-07
1.1900485888159784,0.14798542806009826,-0.010836757015682371,-35800.33674761348,145426.54335605833,-13170.283833921492,9.95999999999993e-07
1.1900128564170322,0.14813080903966722,-0.0108505977687369,-35732.398946218476,145380.97956896527,-13840.75305452996,9.969999999999932e-07
1.1899772186771151,0.14827614824698582,-0.01086510522577117,-35637.73991706933,145339.20731861115,-14507.457034269597,9.979999999999932e-07
1.1899417021338958,0.14842144954396777,-0.010880274545238919,-35516.5432193371,145301.29698194176,-15169.319467748353,9.989999999999933e-07
1.1899063330986206,0.14856671685659148,-0.010896099817014903,-35369.03527524221,145267.31262371098,-15825.271775984798,9.999999999999934e-07
1.189871137613611,0.14871195416847321,-0.010912574071848202,-35195.48500953233,145237.3118817316,-16474.254833299605,1.0009999999999935e-06
1.189836141410191,0.14885716551433595,-0.01092968929252767,-34996.20342013931,145211.34586274388,-17115.220679468068,1.0019999999999935e-06
1.1898013698671104,0.14900235497338504,-0.01094743642674202,-34771.54308067143,145189.45904908841,-17747.134214350564,1.0029999999999936e-06
1.189766847969535,0.1491475266626014,-0.010965805401614263,-34521.89757550869,145171.68921635195,-18368.97487224296,1.0039999999999937e-06
1.1897326002686666,0.14929268472996352,-0.010984785139887482,-34247.70086837974,145158.0673621352,-18979.738273218798,1.0049999999999938e-06
1.189698650842061,0.1494378333476096,-0.01100436357773625,-33949.42660540834,145148.6176460732,-19578.437848769252,1.0059999999999938e-06
1.1896650232547072,0.14958297670495083,-0.011024527684175337,-33627.587353725365,145143.35734121926,-20164.10643908589,1.006999999999994e-06
1.1896317405209305,0.1497281190017477,-0.011045263482034712,-33282.73377684887,145142.2967968836,-20735.797859374372,1.007999999999994e-06
1.1895988250671823,0.1498732644411607,-0.011066556070467347,-32915.45374813953,145145.43941299905,-21292.588432635213,1.008999999999994e-06
1.1895662986957785,0.15001841722278678,-0.011088389648953747,-32526.371403741352,145152.78162606523,-21833.5784863997,1.0099999999999941e-06
1.189534182549642,0.15016358153569348,-0.011110747542764712,-32116.146136518553,145164.31290670394,-22357.893810965586,1.0109999999999942e-06
1.1895024970781094,0.1503087615514623,-0.01113361222984145,-31685.471532597494,145180.01576883745,-22864.68707673786,1.0119999999999943e-06
1.1894712620038572,0.15045396141725279,-0.011156965369049796,-31235.074252218707,145199.86579048255,-23353.139208344575,1.0129999999999944e-06
1.1894404962910006,0.15059918524889893,-0.011180787829763061,-30765.712856697024,145223.83164613243,-23822.460713266686,1.0139999999999944e-06
1.1894102181144173,0.1507444371240496,-0.011205059722725855,-30278.176583378357,145251.87515067932,-24271.89296279352,1.0149999999999945e-06
1.1893804448303467,0.1508897210753644,-0.011229760432149048,-29773.284070568858,145283.9513148108,-24700.709423192096,1.0159999999999946e-06
1.1893511929483123,0.15103504108377622,-0.011254868648984106,-29251.882034496466,145320.0084117932,-25108.216835058793,1.0169999999999947e-06
1.1893224781044118,0.15118040107183175,-0.011280362405323012,-28714.843900445703,145359.98805553617,-25493.756338905718,1.0179999999999947e-06
1.1892943150360216,0.15132580489712158,-0.011306219109868133,-28163.068390283846,145403.8252898134,-25856.704545121363,1.0189999999999948e-06
1.189266717557953,0.15147125634581007,-0.011332415584414668,-27597.47806867048,145451.4486884955,-26196.474546535715,1.0199999999999949e-06
1.1892396985401026,0.1516167591262767,-0.011358928101286582,-27019.017850312288,145502.7804666326,-26512.51687191368,1.020999999999995e-06
1.1892132698866318,0.15176231686287892,-0.011385732421665379,-26428.653470691086,145557.73660220538,-26804.32037879731,1.021999999999995e-06
1.189187442516709,0.15190793308984726,-0.011412803834749595,-25827.369922755115,145616.22696834625,-27071.4130842169,1.0229999999999951e-06
1.1891622263468469,0.15205361124532307,-0.011440117197681487,-25216.169862121453,145678.1554758139,-27313.362931892952,1.0239999999999952e-06
1.1891376302748635,0.15219935466554857,-0.011467646976176143,-24596.071983391113,145743.4202254877,-27529.778494655828,1.0249999999999953e-06
1.1891136621654932,0.1523451665792192,-0.01149536728578706,-23968.109370227605,145811.91367063188,-27720.309610916545,1.0259999999999953e-06
1.1890903288376713,0.15249105010200786,-0.011523251933741192,-23333.327821894483,145883.52278866258,-27884.647954131317,1.0269999999999954e-06
1.1890676360535124,0.15263700823127,-0.011551274461275506,-22692.78415898773,145958.12926213574,-28022.52753431314,1.0279999999999955e-06
1.1890455885090012,0.15278304384093866,-0.011579408186406263,-22047.54451113436,146035.6096686581,-28133.72513075643,1.0289999999999956e-06
1.1890241898264118,0.15292915967661808,-0.011607626247061518,-21398.682589459528,146115.83567940883,-28218.06065525465,1.0299999999999956e-06
1.1890034425484652,0.153075358350884,-0.011635901644506725,-20747.277946650596,146198.67426594577,-28275.397445206374,1.0309999999999957e-06
1.1889833481342378,0.15322164233879898,-0.011664207286992846,-20094.414227467903,146283.9879149556,-28305.642486121564,1.0319999999999958e-06
1.1889639069568252,0.15336801397364958,-0.011692516033556003,-19441.177412568402,146371.63485059544,-28308.74656315726,1.0329999999999959e-06
1.1889451183027666,0.15351447544291363,-0.011720800737897434,-18788.65405851994,146461.46926406014,-28284.704341429897,1.033999999999996e-06
1.1889269803732296,0.15366102878446364,-0.011749034292272404,-18137.92953689056,146553.34154999838,-28233.554374969906,1.034999999999996e-06
1.1889094902869544,0.15380767588301303,-0.011777189671316707,-17490.08627529888,146647.0985493893,-28155.379044302983,1.035999999999996e-06
1.188892644084951,0.15395441846681152,-0.011805239975739469,-16846.20200330846,146742.583798481,-28050.304422761208,1.0369999999999962e-06
1.1888764367369449,0.1541012581045949,-0.011833158475811215,-16207.348006040742,146839.6377833829,-27918.500071745686,1.0379999999999962e-06
1.1888608621495564,0.1542481962027948,-0.011860918654576495,-15574.587388368273,146938.0981998944,-27760.178765280627,1.0389999999999963e-06
1.188845913176204,0.15439523400301294,-0.011888494250720812,-14948.973352531711,147037.80021814434,-27575.59614431626,1.0399999999999964e-06
1.1888315816287118,0.15454237257976455,-0.011915859301022166,-14331.547492001482,147138.57675160817,-27365.05030135478,1.0409999999999965e-06
1.1888178582906075,0.1546896128384946,-0.011942988182318256,-13723.33810437714,147240.2587300624,-27128.88129608917,1.0419999999999965e-06
1.1888047329320814,0.15483695551387064,-0.011969855652921114,-13125.358526085216,147342.6753760304,-26867.470602859215,1.0429999999999966e-06
1.1887921943265898,0.1549844011683549,-0.011996436893411956,-12538.605491599086,147445.65448426796,-26581.240490842007,1.0439999999999967e-06
1.18878023026907,0.15513195019105874,-0.012022707546749962,-11964.057519862798,147549.0227038316,-26270.65333800563,1.0449999999999968e-06
1.1887688275957393,0.15527960279688102,-0.012048643757629925,-11402.67333055439,147652.6058222704,-25936.210879964216,1.0459999999999968e-06
1.1887579722054467,0.1554273590259325,-0.012074222211024905,-10855.390292773589,147756.22905147675,-25578.45339497995,1.046999999999997e-06
1.188747649082538,0.15557521874324723,-0.012099420169851369,-10323.122908683645,147859.71731473098,-25197.958826463015,1.047999999999997e-06
1.1887378423212034,0.1557231816387817,-0.012124215511695792,-9806.761334577706,147962.89553447143,-24795.341844423056,1.048999999999997e-06
1.1887285351512615,0.15587124722770204,-0.012148586764543218,-9307.169941776714,148065.58892032198,-24371.252847426204,1.0499999999999971e-06
1.188719709965342,0.15601941485095894,-0.012172513141449928,-8825.185919698228,148167.62325690768,-23926.376906709003,1.0509999999999972e-06
1.1887113483474185,0.15616768367614992,-0.012195974574104122,-8361.617923364287,148268.82519099017,-23461.43265419518,1.0519999999999973e-06
1.188703431102651,0.15631605269866738,-0.012218951745220374,-7917.244767541247,148369.02251745595,-22977.171116252655,1.0529999999999974e-06
1.1886959382884814,0.15646452074313108,-0.01224142611971549,-7492.814169625808,148468.04446369185,-22474.374495116324,1.0539999999999974e-06
1.188688849246938,0.15661308646510297,-0.012263379974615478,-7089.041543309275,148565.7219718856,-21953.854899987036,1.0549999999999975e-06
1.1886821426380931,0.15676174835308176,-0.012284796427645376,-6706.6088449665785,148661.88797879175,-21416.453029898374,1.0559999999999976e-06
1.1886757964746184,0.15691050473077428,-0.012305659464455897,-6346.163474628001,148756.37769250842,-20863.036810520505,1.0569999999999977e-06
1.188669788157385,0.15705935375964009,-0.012325953964443042,-6008.3172332998665,148849.02886581386,-20294.499987144212,1.0579999999999977e-06
1.1886640945120468,0.1572082934417057,-0.0123456657251192,-5693.645338306153,148939.68206561846,-19711.76067615807,1.0589999999999978e-06
1.1886586918265485,0.1573573216226438,-0.012364781484996597,-5402.685498225824,149028.180938093,-19115.759877397715,1.059999999999998e-06
1.1886535558894995,0.15750643599511283,-0.012383288944946405,-5135.9370489012845,149114.37246904147,-18507.459949807948,1.060999999999998e-06
1.1886486620293477,0.15765563410235192,-0.012401176787999322,-4893.860151891533,149198.10723909346,-17887.84305291596,1.061999999999998e-06
1.1886439851542911,0.15780491334202523,-0.01241843469755599,-4676.875056639751,149279.23967329995,-17257.909556667393,1.0629999999999981e-06
1.1886394997928635,0.15795427097030995,-0.012435053373978214,-4485.361427519335,149357.62828472452,-16618.67642222582,1.0639999999999982e-06
1.1886351801351267,0.15810370410622157,-0.012451024549534595,-4319.657736814865,149433.1359116314,-15971.175556380846,1.0649999999999983e-06
1.188631000074402,0.15825320973616946,-0.012466341001676845,-4180.060724585589,149505.6299478819,-15316.45214225007,1.0659999999999983e-06
1.1886269332494759,0.15840278471873562,-0.01248099656462584,-4066.8249262486183,149574.98256616088,-14655.56294899569,1.0669999999999984e-06
1.1886229530872072,0.15855242578966927,-0.012494986139249148,-3980.1622686076325,149641.07093366623,-13989.574623307532,1.0679999999999985e-06
1.1886190328454722,0.15870212956708918,-0.012508305701214579,-3920.2417349404786,149703.77741990596,-13319.561965430623,1.0689999999999986e-06
1.1886151456563725,0.15885189255688545,-0.012520952307407116,-3887.1890996459324,149762.98979625953,-12646.606192537265,1.0699999999999986e-06
1.1886112645696396,0.1590017111583124,-0.012532924100599377,-3881.0867328361705,149818.60142697237,-11971.793192260597,1.0709999999999987e-06
1.1886073625961644,0.15915158166976368,-0.012544220312368596,-3901.9734751474716,149870.51145126668,-11296.211769219191,1.0719999999999988e-06
1.1886034127515814,0.15930150029471993,-0.012554841264255967,-3949.8445829274224,149918.62495626402,-10620.95188737007,1.0729999999999989e-06
1.1885993880998376,0.15945146314786035,-0.012564788367166997,-4024.6517438427045,149962.85314043012,-9947.102911030697,1.073999999999999e-06
1.1885952617966746,0.15960146626132762,-0.012574064119014405,-4126.303162837519,150003.11346726675,-9275.751847409176,1.074999999999999e-06
1.1885910071329564,0.15975150559113663,-0.012582672100607881,-4254.663718259111,150039.32980899033,-8607.981593475857,1.075999999999999e-06
1.1885865975777685,0.15990157702371657,-0.01259061696979788,-4409.555187853819,150071.4325799522,-7944.869189999068,1.0769999999999992e-06
1.1885820068212243,0.16005167638257614,-0.012597904453883433,-4590.756544224763,150099.3588595719,-7287.4840855525845,1.0779999999999993e-06
1.188577208816905,0.1602017994350807,-0.012604541340296715,-4798.004319230988,150123.05250457002,-6636.8864132830095,1.0789999999999993e-06
1.1885721778238685,0.160351941899331,-0.012610535465579916,-5030.993036697589,150142.4642503048,-5994.1252832012615,1.0799999999999994e-06
1.1885668884481557,0.16050209945113203,-0.01261589570267265,-5289.375712697423,150157.5518010322,-5360.237092734115,1.0809999999999995e-06
1.1885613156837331,0.16065226773104097,-0.012620631946530889,-5572.764422557475,150168.27990892762,-4736.243858239171,1.0819999999999996e-06
1.1885554349527996,0.1608024423514827,-0.012624755098101039,-5880.730933637049,150174.6204417238,-4123.151570149858,1.0829999999999996e-06
1.1885492221453968,0.16095261890392154,-0.012628277046675416,-6212.807402820828,150176.5524388377,-3521.948574376171,1.0839999999999997e-06
1.1885426536582593,0.1611027929660774,-0.012631210650657957,-6568.487137567615,150174.06215587727,-2933.603982541849,1.0849999999999998e-06
1.1885357064328401,0.16125296010917484,-0.012633569716771547,-6947.225419255449,150167.14309743603,-2359.066113589831,1.0859999999999999e-06
1.1885283579924526,0.16140311590521295,-0.012635368977740782,-7348.4403874658765,150155.7960381034,-1799.2609692349863,1.087e-06
1.188520586478469,0.16155325593424458,-0.012636624068486469,-7771.513983754571,150140.02903163587,-1255.090745686579,1.088e-06
1.1885123706855156,0.16170337579165284,-0.012637351500870472,-8215.792953362476,150119.85740825313,-727.4323840027059,1.089e-06
1.1885036900956123,0.16185347109541287,-0.012637568637031847,-8680.589903231179,150095.30376004244,-217.13616137514975,1.0900000000000002e-06
1.1884945249111978,0.16200353749332735,-0.012637293661357423,-9165.18441459859,150066.397914473,274.9756744241133,1.0910000000000002e-06
1.1884848560869894,0.1621535706702234,-0.01263654555113215,-9668.824208366139,150033.17689604065,748.1102252740865,1.0920000000000003e-06
1.188474665360628,0.1623035663550995,-0.012635344045916623,-10190.726361346964,149995.68487608328,1201.5052155266853,1.0930000000000004e-06
1.1884639352820565,0.1624535203282103,-0.012633709615701214,-10730.078571425798,149953.97311082509,1634.4302154093657,1.0940000000000005e-06
1.188452649241587,0.16260342842807804,-0.012631663427888136,-11286.040469585796,149908.09986772746,2046.187813078184,1.0950000000000005e-06
1.1884407914966104,0.16275328655841828,-0.012629227313154662,-11857.744976685335,149858.1303402432,2436.1147334736597,1.0960000000000006e-06
1.1884283471969077,0.16290309069496936,-0.012626423730252445,-12444.299702799022,149804.1365510892,2803.5829022171533,1.0970000000000007e-06
1.188415302408521,0.16305283689221353,-0.012623275729799571,-13044.788386871858,149746.19724417216,3148.0004528733552,1.0980000000000008e-06
1.1884016441361465,0.16320252128997886,-0.012619806917123576,-13658.272374373762,149684.3977653194,3468.812675994819,1.0990000000000008e-06
1.1883873603440158,0.16335214011991084,-0.012616041414215119,-14283.792130583595,149618.8299319867,3765.5029084570774,1.100000000000001e-06
1.1883724399752287,0.16350168971180298,-0.01261200382085343,-14920.368787077448,149549.59189213236,4037.5933616876346,1.101000000000001e-06
1.1883568729695098,0.16365116649977546,-0.012607719174965941,-15567.005718945447,149476.7879724649,4284.645887488907,1.102000000000001e-06
1.1883406502793596,0.16380056702829174,-0.012603212912285687,-16222.690150214563,149400.52851628995,4506.262680253782,1.1030000000000011e-06
1.1883237638845747,0.16394988795800294,-0.012598510825371214,-16886.394784912183,149320.92971119928,4702.086914472836,1.1040000000000012e-06
1.1883062068051136,0.1640991260714098,-0.01259363902205468,-17557.079461166344,149238.11340686193,4871.803316534125,1.1050000000000013e-06
1.188287973112288,0.164248278278333,-0.01258862388338476,-18233.6928257037,149152.20692319455,5015.138669919805,1.1060000000000014e-06
1.188269057938262,0.1643973416211822,-0.01258349202113175,-18915.174026075594,149063.34284920458,5131.862253008423,1.1070000000000014e-06
1.188249457483844,0.164546313280015,-0.012578270234922953,-19600.454417915844,148971.6588328159,5221.786208797446,1.1080000000000015e-06
1.1882291690245594,0.16469519057737703,-0.012572985469076986,-20288.459284511377,148877.29736200246,5284.765845967253,1.1090000000000016e-06
1.1882081909149935,0.1648439709829146,-0.01256766476920617,-20978.10956594839,148780.40553757022,5320.699870815326,1.1100000000000017e-06
1.1881865225913983,0.16499265211775252,-0.012562335238656472,-21668.32359508249,148681.13483794342,5329.530549697554,1.1110000000000017e-06
1.1881641645725607,0.16514123175862885,-0.01255702399485475,-22358.018837571184,148579.6408763245,5311.243801722191,1.1120000000000018e-06
1.1881411184589274,0.16528970784177946,-0.012551758125633198,-23046.11363320128,148476.08315061108,5265.869221551088,1.1130000000000019e-06
1.1881173869299917,0.1654380784665659,-0.012546564645600927,-23731.528935741964,148370.6247864668,5193.480032272031,1.114000000000002e-06
1.188092973739943,0.16558634189883986,-0.012541470452632512,-24413.190048557022,148263.43227395508,5094.192968415302,1.115000000000002e-06
1.18806788371159,0.16573449657403802,-0.012536502284543215,-25090.028353216185,148154.67519815694,4968.168089296776,1.116000000000002e-06
1.1880421227285616,0.16588254110000222,-0.012531686676020237,-25760.983028356673,148044.52596420515,4815.608522978799,1.1170000000000022e-06
1.1880156977258056,0.1660304742595194,-0.012527049915878987,-26425.002756060945,147933.15951717782,4636.760141248589,1.1180000000000023e-06
1.1879886166783926,0.1661782950125767,-0.012522618004712865,-27081.047413035943,147820.75305730445,4431.911166121905,1.1190000000000023e-06
1.1879608885886488,0.16632600249832763,-0.012518416613004377,-27728.089743902456,147707.4857509464,4201.391708486929,1.1200000000000024e-06
1.187932523471635,0.16647359603676545,-0.012514471039764767,-28365.117013930652,147593.53843782248,3945.5732396097137,1.1210000000000025e-06
1.1879035323389964,0.1666210751301004,-0.012510806171768439,-28991.132638589337,147479.09333495816,3664.8679963279055,1.1220000000000026e-06
1.187873927181209,0.16676843946383826,-0.012507446443447576,-29605.157787312033,147364.3337378432,3359.728320863636,1.1230000000000026e-06
1.1878437209482502,0.16691568890755756,-0.012504415797511286,-30206.232958922414,147249.44371928964,3030.645936289351,1.1240000000000027e-06
1.187812927528724,0.16706282351538404,-0.012501737646352503,-30793.419526205118,147134.60782648632,2678.15115878177,1.1250000000000028e-06
1.1877815617274767,0.16720984352616078,-0.012499434834304605,-31365.801247155217,147020.01077675138,2302.812047898926,1.1260000000000029e-06
1.1877496392417362,0.16735674936331327,-0.012497529600808391,-31922.485740490705,146905.83715248745,1905.2334962132968,1.127000000000003e-06
1.187717176635813,0.16750354163440911,-0.012496043544548661,-32462.605923067273,146792.271095847,1486.056259730145,1.128000000000003e-06
1.187684191314406,0.16765022113041272,-0.012494997588618047,-32985.32140689313,146679.49600361756,1045.9559306142432,1.129000000000003e-06
1.1876507014945525,0.16779678882463556,-0.012494411946764207,-33489.81985350373,146567.6942228368,585.6418538400594,1.1300000000000032e-06
1.1876167261762691,0.1679432458713832,-0.012494306090774737,-33975.31828352201,146457.0467476487,105.85598947000278,1.1310000000000032e-06
1.1875822851119298,0.16808959360430112,-0.012494698719052384,-34441.06433929866,146347.73291791018,-392.6282776475947,1.1320000000000033e-06
1.1875473987744312,0.16823583353442118,-0.012495607726431268,-34886.33749859967,146239.93012005655,-909.0073788846247,1.1330000000000034e-06
1.1875120883241939,0.16838196734791192,-0.012497050175282853,-35310.45023738366,146133.81349073153,-1442.4488515856146,1.1340000000000035e-06
1.1874763755750541,0.1685279969035356,-0.012499042267958383,-35712.749139790765,146029.55562368385,-1992.0926755297096,1.1350000000000035e-06
1.1874402829591006,0.16867392422981603,-0.012501599320612372,-36092.61595354647,145927.32628042848,-2557.052653989656,1.1360000000000036e-06
1.1874038334905115,0.1688197515219212,-0.012504735738449575,-36449.46858906861,145827.29210516487,-3136.4178372025312,1.1370000000000037e-06
1.1873670507284508,0.16896548113826562,-0.012508464992435573,-36782.76206065355,145729.61634443895,-3729.2539859974613,1.1380000000000038e-06
1.1873299587390826,0.16911111559683764,-0.012512799597508832,-37091.989368207694,145634.458572028,-4334.605073259476,1.1390000000000038e-06
1.1872925820567646,0.16925665757125716,-0.012517751092329677,-37376.68231808352,145541.9744195203,-4951.49482084603,1.140000000000004e-06
1.187254945644483,0.1694021098865702,-0.012523330020599192,-37636.41228167458,145452.31531305212,-5578.928269513676,1.141000000000004e-06
1.1872170748535924,0.16954747551478686,-0.012529545913978549,-37870.79089052175,145365.6282166556,-6215.893379357053,1.142000000000004e-06
1.1871789953829257,0.16969275757016952,-0.01253640727663676,-38079.47066678255,145282.0553826599,-6861.362658210807,1.1430000000000041e-06
1.1871407332373376,0.1698379593042791,-0.012543921571452177,-38262.14558801757,145201.7341095775,-7514.29481541745,1.1440000000000042e-06
1.1871023146857522,0.169983084100787,-0.012552095207890497,-38418.55158535143,145124.79650789505,-8173.636438320505,1.1450000000000043e-06
1.187063766218778,0.17012813547006117,-0.0125609335315793,-38548.46697417147,145051.3692741756,-8838.323688802731,1.1460000000000044e-06
1.1870251145059614,0.17027311704353504,-0.012570440815596454,-38651.71281663415,144981.57347386496,-9507.284017153836,1.1470000000000044e-06
1.1869863863527461,0.17041803256786822,-0.012580620253486975,-38728.153215357815,144915.5243331814,-10179.43789052088,1.1480000000000045e-06
1.1869476086572084,0.17056288589890867,-0.012591473954020143,-38777.69553778994,144853.33104045235,-10853.700533167805,1.1490000000000046e-06
1.1869088083666375,0.1707076809954659,-0.012603002937695892,-38800.29057084795,144795.09655724603,-11528.983675747957,1.1500000000000047e-06
1.186870012434032,0.17085242191290553,-0.012615207135006667,-38795.93260554424,144740.91743963014,-12204.197310775478,1.1510000000000047e-06
1.1868312477745804,0.1709971127965754,-0.012628085386458135,-38764.65945141853,144690.88366987192,-12878.25145146788,1.1520000000000048e-06
1.1867925412221996,0.17114175787507427,-0.012641635444349259,-38706.55238071352,144645.07849887735,-13550.057891123051,1.1530000000000049e-06
1.1867539194861971,0.17128636145337392,-0.012655853976309448,-38621.73600234339,144603.5782996481,-14218.531960189515,1.154000000000005e-06
1.1867154091081313,0.17143092790580594,-0.012670736570587636,-38510.378065817866,144566.4524320172,-14882.594278188855,1.155000000000005e-06
1.1866770364189358,0.17157546166892484,-0.01268627774308529,-38372.689195398554,144533.76311890452,-15541.172497653999,1.1560000000000051e-06
1.186638827496381,0.17171996723425917,-0.012702470946122547,-38208.922554877165,144505.565334314,-16193.2030372564,1.1570000000000052e-06
1.1866008081229376,0.17186444914096244,-0.012719308578923857,-38019.37344347862,144481.9067032744,-16837.63280130922,1.1580000000000053e-06
1.186563003744114,0.17200891196837634,-0.012736781999806709,-37804.37882350423,144462.8274139053,-17473.42088285224,1.1590000000000053e-06
1.1865254394273335,0.1721533603285181,-0.012754881540054256,-37564.31678044205,144448.36014176867,-18099.540247547557,1.1600000000000054e-06
1.186488139821417,0.17229779885850474,-0.012773596519449898,-37299.60591638201,144438.5299866464,-18714.979395643008,1.1610000000000055e-06
1.1864511291167394,0.1724422322129266,-0.012792915263449191,-37010.704677683396,144433.35442186194,-19318.743999292783,1.1620000000000056e-06
1.1864144310061215,0.17258666505618284,-0.012812825121961753,-36698.11061795039,144432.8432562433,-19909.858512561717,1.1630000000000056e-06
1.186378068646524,0.17273110205479164,-0.012833312489713235,-36362.3595974782,144436.99860880294,-20487.36775148139,1.1640000000000057e-06
1.1863420646216034,0.17287554786968784,-0.012854362828154806,-36004.024920437616,144445.81489618824,-21050.338441572083,1.1650000000000058e-06
1.1863064409051922,0.17302000714852078,-0.012875960688885102,-35623.716411168956,144459.27883293436,-21597.86073029521,1.1660000000000059e-06
1.1862712188257611,0.17316448451796532,-0.012898089738547058,-35222.07943105764,144477.3694445295,-22129.049661955494,1.167000000000006e-06
1.1862364190319237,0.1733089845760586,-0.01292073278515969,-34799.793837562596,144500.0580932805,-22643.04661263126,1.168000000000006e-06
1.1862020614590365,0.17345351188457553,-0.012943871805842465,-34357.572887065224,144527.30851694508,-23139.020682774426,1.169000000000006e-06
1.1861681652969531,0.1735980709614556,-0.012967487975887653,-33896.16208330066,144559.07688007495,-23616.170045188985,1.1700000000000062e-06
1.18613474895898,0.1737426662732936,-0.01299156169913382,-33416.33797322417,144595.31183799234,-24073.723246168123,1.1710000000000062e-06
1.1861018300520878,0.1738873022279069,-0.013016072639591467,-32918.90689225379,144635.9546133014,-24510.94045764519,1.1720000000000063e-06
1.186069425348427,0.17403198316699173,-0.013040999754269759,-32404.703660915544,144680.93908481373,-24927.114678292608,1.1730000000000064e-06
1.186037550758192,0.17417671335888046,-0.013066321327151345,-31874.590234999192,144730.19188874704,-25321.57288158539,1.1740000000000065e-06
1.1860062213038804,0.1743214969914125,-0.013092015004260276,-31329.454311411268,144783.63253203462,-25693.67710893182,1.1750000000000065e-06
1.1859754510959886,0.17446633816493007,-0.01311805782976634,-30770.207891986738,144841.17351756283,-26042.82550606326,1.1760000000000066e-06
1.185945253310181,0.1746112408854112,-0.013144426283067306,-30197.78580759194,144902.72048113376,-26368.45330096756,1.1770000000000067e-06
1.185915640165976,0.17475620905775113,-0.013171096316789052,-29613.144204918775,144968.17233993017,-26670.03372174619,1.1780000000000068e-06
1.1858866229069775,0.17490124647920338,-0.013198043395641925,-29017.258998433455,145037.42145224087,-26947.078852873517,1.1790000000000068e-06
1.1858582117826875,0.17504635683299158,-0.013225242536070363,-28411.12429000234,145110.35378818508,-27199.140428438084,1.180000000000007e-06
1.1858304160319286,0.17519154368210274,-0.013252668346631413,-27795.75075877248,145186.84911115654,-27425.810561049177,1.181000000000007e-06
1.1858032438679047,0.17533681046327243,-0.01328029506903661,-27172.164023935173,145266.7811696899,-27626.722405198292,1.182000000000007e-06
1.1857767024649217,0.17548216048117185,-0.013308096619790584,-26541.40298304711,145350.0178994342,-27801.55075397318,1.1830000000000071e-06
1.1857507979467932,0.17562759690280674,-0.013336046632358716,-25904.51812862552,145436.42163490216,-27950.012568132486,1.1840000000000072e-06
1.1857255353769474,0.17577312275213738,-0.013364118499795378,-25262.56984577083,145525.849330647,-28071.86743666094,1.1850000000000073e-06
1.1857009187502539,0.1759187409049289,-0.013392285417763416,-24616.62669360295,145618.1527915035,-28166.91796803871,1.1860000000000074e-06
1.1856769509865805,0.17606445408384042,-0.013420520427874989,-23967.763673325,145713.17891151464,-28235.010111573476,1.1870000000000074e-06
1.1856536339260948,0.17621026485376157,-0.013448796461283248,-23317.060485751324,145810.76992115114,-28276.033408259973,1.1880000000000075e-06
1.1856309683263135,0.176356175617404,-0.013477086382453997,-22665.599781154764,145910.7636424175,-28289.921170748836,1.1890000000000076e-06
1.1856089538609091,0.1765021886111554,-0.01350536303304612,-22014.465404301427,146012.99375142544,-28276.650592124555,1.1900000000000077e-06
1.1855875891202716,0.17664830590120342,-0.01353359927582943,-21364.740637549592,146117.29004800308,-28236.242783310663,1.1910000000000077e-06
1.1855668716138268,0.1767945293799353,-0.01356176803856847,-20717.506444892813,146223.47873189734,-28168.76273903916,1.1920000000000078e-06
1.185546797774107,0.17694086076262042,-0.01358984235780091,-20073.839719825777,146331.38268511606,-28074.319232439993,1.1930000000000079e-06
1.185527362962567,0.17708730158438035,-0.013617795422439335,-19434.811539905157,146440.8217599467,-27953.064638425185,1.194000000000008e-06
1.1855085614771363,0.17723385319745252,-0.013645600617125496,-18801.485430866283,146551.61307217914,-27805.194686160747,1.195000000000008e-06
1.1854903865614932,0.17738051676875158,-0.013673231565266532,-18174.9156431403,146663.57129905207,-27630.94814103734,1.1960000000000081e-06
1.1854728304160496,0.177527293277733,-0.013700662171683201,-17556.14544359537,146776.508981435,-27430.606416667968,1.1970000000000082e-06
1.1854558842106242,0.17767418351456277,-0.013727866664800758,-16946.20542529962,146890.2368297513,-27204.49311755714,1.1980000000000083e-06
1.185439538098786,0.1778211880785959,-0.013754819638313959,-16346.111838072797,147004.56403314145,-26952.97351320107,1.1990000000000083e-06
1.1854237812338435,0.17796830737716726,-0.013781496092258452,-15756.864942558295,147119.29857136164,-26676.453944492194,1.2000000000000084e-06
1.185408601786453,0.17811554162469617,-0.013807871473421865,-15179.447390507103,147234.24752890738,-26375.381163413444,1.2010000000000085e-06
1.185393986963819,0.17826289084210703,-0.013833921715028983,-14614.82263392068,147349.21741084987,-26050.24160711804,1.2020000000000086e-06
1.1853799230304534,0.1784103548565669,-0.013859623275636583,-14063.933365650679,147464.01445986927,-25701.56060759907,1.2030000000000086e-06
1.1853663953304594,0.17855793330154085,-0.013884953177174843,-13527.69999399995,147578.44497396803,-25329.901538259255,1.2040000000000087e-06
1.1853533883113057,0.1787056256171652,-0.013909889042073638,-13007.019153811541,147692.31562434617,-24935.86489879537,1.2050000000000088e-06
1.1853408855490493,0.1788534310509381,-0.013934409129413551,-12502.762256470483,147805.4337729209,-24520.087339912963,1.2060000000000089e-06
1.185328869774968,0.17900134865872708,-0.013958492370043037,-12015.774081177156,147917.6077889731,-24083.240629485917,1.207000000000009e-06
1.1853173229035583,0.17914937730609148,-0.013982118400604909,-11546.871409781197,148028.6473644058,-23626.03056187106,1.208000000000009e-06
1.185306226061851,0.17929751566991858,-0.01400526759641709,-11096.84170739115,148138.36382710087,-23149.195812180882,1.209000000000009e-06
1.18529555962,0.17944576224037045,-0.014027921103154496,-10666.44185089777,148246.57045186497,-22653.506737407,1.2100000000000092e-06
1.1852853032230926,0.1795941153231389,-0.014050060867280868,-10256.396907468034,148353.0827684586,-22139.764126373244,1.2110000000000092e-06
1.1852754358241275,0.1797425730420051,-0.014071669665181448,-9867.398964982694,148457.7188662073,-21608.797900580048,1.2120000000000093e-06
1.1852659357181112,0.17989113334169982,-0.01409273113094953,-9500.106016302889,148560.2996946999,-21061.46576808098,1.2130000000000094e-06
1.185256780577212,0.1800397939910599,-0.014113229782782137,-9155.140899160775,148660.649360085,-20498.651832607626,1.2140000000000095e-06
1.1852479474869186,0.1801885525864764,-0.014133151047942369,-8833.090293376017,148758.5954164832,-19921.265160230672,1.2150000000000095e-06
1.1852394129831416,0.18033740655562844,-0.014152481286248282,-8534.503777003873,148853.96915204186,-19330.238305912557,1.2160000000000096e-06
1.1852311530901987,0.1804863531614976,-0.014171207812050652,-8259.89294292218,148946.6058691661,-18726.525802370572,1.2170000000000097e-06
1.1852231433596214,0.18063538950665609,-0.014189318914664382,-8009.730577263751,149036.3451584704,-18111.10261372872,1.2180000000000098e-06
1.1852153589097205,0.1807845125378221,-0.014206803877220873,-7784.449900997636,149123.0311660041,-17484.962556491584,1.2190000000000098e-06
1.1852077744658447,0.18093371905067543,-0.014223652993911297,-7584.443875857882,149206.5128533152,-16849.116690424366,1.22000000000001e-06
1.185200364401269,0.18108300569492536,-0.014239857585593266,-7410.064575711626,149286.64424992783,-16204.591681969468,1.22100000000001e-06
1.1851931027786446,0.1812323689796232,-0.014255410013736139,-7261.622624350118,149363.28469782128,-15552.42814287203,1.22200000000001e-06
1.1851859633919442,0.1813818052787107,-0.014270303692682862,-7139.386700576544,149436.2990875096,-14893.678946724054,1.2230000000000101e-06
1.1851789198088327,0.18153131083679602,-0.014284533100209032,-7043.583111353681,149505.55808533583,-14229.407526169716,1.2240000000000102e-06
1.185171945413399,0.18168088177514763,-0.014298093786362575,-6974.395433662458,149570.93835160663,-13560.686153542594,1.2250000000000103e-06
1.1851650134491736,0.18183051409789683,-0.014310982380570304,-6931.964225609855,149632.32274920898,-12888.594207729213,1.2260000000000104e-06
1.1851580970623663,0.1819802036984392,-0.014323196597000376,-6916.386807211168,149689.6005423639,-12214.216430072263,1.2270000000000104e-06
1.1851511693452552,0.1821299463660244,-0.014334735238172518,-6927.717111157975,149742.66758518905,-11538.641172141202,1.2280000000000105e-06
1.1851442033796515,0.18227973779252415,-0.014345598196810725,-6965.965603769084,149791.42649975594,-10862.958638207609,1.2290000000000106e-06
1.1851371722803754,0.1824295735793675,-0.014355786455935993,-7031.099276207739,149835.78684334594,-10188.25912526776,1.2300000000000107e-06
1.1851300492386694,0.18257944924463212,-0.014365302087199447,-7123.041705934405,149875.6652646238,-9515.63126345527,1.2310000000000107e-06
1.1851228075654812,0.18272936023028058,-0.01437414824745913,-7241.673188250935,149910.9856484663,-8846.160259682516,1.2320000000000108e-06
1.1851154207345436,0.18287930190952978,-0.01438232917360647,-7386.830937678806,149941.67924920007,-8180.926147340765,1.233000000000011e-06
1.1851078624251847,0.1830292695943418,-0.014389850175651347,-7558.309358801758,149967.68481202112,-7521.002044875711,1.234000000000011e-06
1.1851001065647986,0.1831792585430242,-0.014396717628077383,-7755.860386091672,149988.94868238678,-6867.452426037279,1.235000000000011e-06
1.1850921273709065,0.18332926396792737,-0.014402938959481963,-7979.193892126047,150005.42490318918,-6221.3314045803945,1.2360000000000111e-06
1.185083899392743,0.18347928104322692,-0.01440852264051813,-8227.978163496247,150017.0752995387,-5583.681036166807,1.2370000000000112e-06
1.1850753975522994,0.18362930491277793,-0.014413478170158317,-8501.840443597783,150023.86955100484,-4955.529640187133,1.2380000000000113e-06
1.185066597184758,0.1837793306980291,-0.014417816060302504,-8800.367541387659,150025.7852511812,-4337.890144187143,1.2390000000000113e-06
1.185057474078253,0.18392935350598355,-0.014421547818756047,-9123.10650508921,150022.8079544617,-3731.7584535429587,1.2400000000000114e-06
1.1850480045128933,0.1840793684371935,-0.014424685930605034,-9469.565359722128,150014.93120993418,-3138.111848986428,1.2410000000000115e-06
1.185038165298986,0.1842293705937758,-0.014427243838019568,-9839.213907234733,150002.1565823186,-2557.907414534514,1.2420000000000116e-06
1.185027933814398,0.1843793550874357,-0.014429235918517894,-10231.484587916984,149984.49365989634,-1992.0804983251885,1.2430000000000116e-06
1.1850172880409964,0.1845293170474851,-0.014430677461726701,-10645.773401676568,149961.96004939845,-1441.5432088071907,1.2440000000000117e-06
1.1850062066001088,0.18467925162884294,-0.014431584644675373,-11081.44088766658,149934.58135784042,-907.1829486721449,1.2450000000000118e-06
1.1849946687869481,0.18482915402000424,-0.014431974505664228,-11537.813160662208,149902.39116131235,-389.8609888550719,1.2460000000000119e-06
1.1849826546039457,0.184979019450965,-0.01443186491674909,-12014.18300249532,149865.4309607533,109.58891513662354,1.247000000000012e-06
1.1849701447929388,0.18512884320108977,-0.014431274554886716,-12509.811006770246,149823.75012475968,590.3618623749353,1.248000000000012e-06
1.1849571208661638,0.18527862060690928,-0.01443022287178769,-13023.92677500135,149777.40581949838,1051.6830990256503,1.249000000000012e-06
1.1849435651360016,0.1854283470698351,-0.014428730062525508,-13555.730162233376,149726.46292581529,1492.8092621829223,1.2500000000000122e-06
1.1849294607434315,0.18557801806377874,-0.014426817032952448,-14104.392570129117,149670.99394365083,1913.0295730603366,1.2510000000000122e-06
1.1849147916851461,0.18572762914266264,-0.014424505365974791,-14669.058285435727,149611.07888389478,2311.666977656398,1.2520000000000123e-06
1.1848995428392846,0.18587717594781047,-0.014421817286741695,-15248.845861671252,149546.8051478321,2688.0792330967574,1.2530000000000124e-06
1.1848836999897427,0.18602665421520484,-0.014418775626803751,-15842.84954180653,149478.26739435294,3041.659937942489,1.2540000000000125e-06
1.1848672498490231,0.18617605978259996,-0.014415403787298909,-16450.140719654857,149405.5673951182,3371.839504843213,1.2550000000000125e-06
1.1848501800795854,0.18632538859647785,-0.014411725701224903,-17069.76943762258,149328.81387789393,3678.0860740056883,1.2560000000000126e-06
1.184832479313667,0.18647463671883613,-0.01440776579485886,-17700.765918418303,149248.122358285,3959.906366042524,1.2570000000000127e-06
1.1848141371715388,0.18662380033379625,-0.014403548948385999,-18342.142128266663,149163.61496011974,4216.846472861768,1.2580000000000128e-06
1.1847951442781697,0.186772875754021,-0.014399100455800642,-18992.893369124766,149075.42022475458,4448.49258535613,1.2590000000000128e-06
1.1847754922782723,0.18692185942693057,-0.014394445984143892,-19651.999897355265,148983.67290958742,4654.4716567503965,1.260000000000013e-06
1.184755173849706,0.18707074794070666,-0.014389611532143324,-20318.42856627017,148888.51377608572,4834.452000567004,1.261000000000013e-06
1.184734182715216,0.18721953803007432,-0.014384623388321052,-20991.134489923203,148790.08936765365,4988.1438222726265,1.262000000000013e-06
1.1847125136524905,0.187368226581852,-0.014379508088637279,-21669.062725496642,148688.5517776798,5115.2996837728715,1.2630000000000131e-06
1.184690162502519,0.18751681064026013,-0.014374292373737252,-22351.14997160053,148584.05840812376,5215.714900027557,1.2640000000000132e-06
1.1846671261762391,0.18766528741197913,-0.014369003145870087,-23036.32627977828,148476.7717190163,5289.227867165497,1.2650000000000133e-06
1.1846434026594626,0.1878136542709484,-0.014363667425548501,-23723.516776492972,148366.85896926365,5335.720321585018,1.2660000000000134e-06
1.1846189910160696,0.18796190876289756,-0.014358312308018867,-24411.64339285309,148254.49194916172,5355.117529634462,1.2670000000000134e-06
1.1845938913894702,0.1881100486096026,-0.014352964919611291,-25099.626599324954,148139.84670504107,5347.38840757553,1.2680000000000135e-06
1.1845681050023276,0.18825807171285908,-0.014347652374039649,-25786.387142671945,148023.1032564767,5312.54557164137,1.2690000000000136e-06
1.1845416341545452,0.1884059761581656,-0.014342401728721539,-26470.847782357523,147904.44530651113,5250.645318110548,1.2700000000000137e-06
1.1845144822195215,0.18855376021811093,-0.014337239941188112,-27151.935023650236,147784.0599453517,5161.787533427512,1.2710000000000138e-06
1.184486653638677,0.18870142235545895,-0.014332193825653603,-27828.58084467418,147662.13734801448,5046.1155345094385,1.2720000000000138e-06
1.1844581539142622,0.18884896122592534,-0.014327290009814114,-28499.724414657972,147538.8704663995,4903.815839488571,1.273000000000014e-06
1.1844289896004616,0.18899637568064165,-0.014322554891944866,-29164.313800648873,147414.45471629195,4735.11786924795,1.274000000000014e-06
1.1843991682928017,0.18914366476830144,-0.01431801459836465,-29821.3076599766,147289.0876597942,4540.293580216727,1.275000000000014e-06
1.184368698615886,0.18929082773698513,-0.01431369494133565,-30469.676915773296,147162.9686837021,4319.65702899895,1.2760000000000141e-06
1.184337590209473,0.1894378640356595,-0.014309621377466133,-31108.40641288215,147036.29867434775,4073.563869516506,1.2770000000000142e-06
1.1843058537129216,0.18958477331534893,-0.01430581896668268,-31736.49655151726,146909.2796894379,3802.410783452815,1.2780000000000143e-06
1.1842735007480256,0.18973155542997636,-0.014302312331837791,-32352.964896071535,146782.11462742405,3506.6348448886592,1.2790000000000144e-06
1.184240543900269,0.1898782104368713,-0.014299125619017666,-32956.84775650742,146655.00689494552,3186.7128201250052,1.2800000000000144e-06
1.1842069966985291,0.1900247385969442,-0.014296282458613876,-33547.201739807424,146528.160072892,2843.160403789807,1.2810000000000145e-06
1.1841728735932602,0.19017114037452582,-0.01429380592722145,-34123.105269007196,146401.77758163546,2476.5313924263046,1.2820000000000146e-06
1.1841381899331929,0.1903174164368718,-0.014291718510424592,-34683.660067383804,146276.0623459848,2087.416796859175,1.2830000000000147e-06
1.1841029619405874,0.19046356765333222,-0.014290042066529859,-35227.99260542523,146151.21646041813,1676.443894731855,1.2840000000000147e-06
1.184067206685079,0.19060959509418737,-0.014288797791305156,-35755.25550826441,146027.44085514883,1244.2752247033623,1.2850000000000148e-06
1.1840309420561577,0.19075550002915095,-0.01428800618378127,-36264.6289213219,145904.93496358176,791.6075238857538,1.2860000000000149e-06
1.1839941867343258,0.19090128392554268,-0.014287687013171076,-36755.32183196555,145783.896391715,319.17061019394066,1.287000000000015e-06
1.1839569601609807,0.1910469484461327,-0.014287859286959708,-37226.57334506357,145664.5205900408,-172.27378863229353,1.288000000000015e-06
1.1839192825070703,0.1911924954466612,-0.014288541220217197,-37677.653910378256,145547.0005284965,-681.9332574886522,1.289000000000015e-06
1.1838811746405706,0.1913379269730362,-0.014289750206183118,-38107.86649982239,145431.52637501262,-1208.9859659207382,1.2900000000000152e-06
1.183842658092838,0.1914832452582144,-0.014291502788170802,-38516.547732677725,145318.28517820072,-1752.581987684161,1.2910000000000153e-06
1.1838037550238911,0.1916284527187691,-0.014293814632836566,-38903.06894695576,145207.46055471755,-2311.844665764852,1.2920000000000153e-06
1.183764488186676,0.19177355195115095,-0.014296700504857266,-39266.8372151647,145099.23238183573,-2885.8720207000893,1.2930000000000154e-06
1.183724880890373,0.1919185457276467,-0.014300174243057236,-39607.29630283286,144993.77649574392,-3473.738199969919,1.2940000000000155e-06
1.183684956962805,0.19206343699204279,-0.014304248738023398,-39923.92756822827,144891.26439609,-4074.4949661611477,1.2950000000000156e-06
1.1836447407120032,0.19220822885500005,-0.01430893591124494,-40216.250801805676,144791.86295727253,-4687.173221542051,1.2960000000000156e-06
1.183604256886999,0.19235292458914702,-0.014314246695811566,-40483.82500400698,144695.73414697443,-5310.784566625425,1.2970000000000157e-06
1.1835635306378989,0.19249752762389943,-0.014320191018701807,-40726.24910013734,144603.0347524221,-5944.32289024079,1.2980000000000158e-06
1.1835225874753077,0.19264204154001427,-0.01432677778469039,-40943.16259113833,144513.91611484106,-6586.76598858346,1.2990000000000159e-06
1.1834814532291684,0.19278647006388683,-0.014334014861901048,-41134.24613918048,144428.52387256591,-7237.077210659028,1.300000000000016e-06
1.1834401540070814,0.19293081706160006,-0.014341909069028545,-41299.22208710031,144346.99771324865,-7894.207127496531,1.301000000000016e-06
1.1833987161521706,0.19307508653273567,-0.014350466164251008,-41437.85491081159,144269.4711355951,-8557.0952224624,1.302000000000016e-06
1.1833571662005666,0.1932192826039567,-0.014359690835850978,-41549.95160392703,144196.07122104295,-9224.671599970241,1.3030000000000162e-06
1.1833155308385728,0.1933634095223725,-0.014369586694560827,-41635.36199393405,144126.91841577983,-9895.858709848637,1.3040000000000162e-06
1.1832738368595834,0.19350747164869597,-0.014380156267645428,-41693.97898937754,144062.12632348135,-10569.573084600615,1.3050000000000163e-06
1.1832321111208257,0.1936514734502051,-0.014391400994732193,-41725.73875761247,144001.801509133,-11244.727086764253,1.3060000000000164e-06
1.1831903804999928,0.1937954194935194,-0.014403321225395756,-41730.62083280052,143946.04331427984,-11920.230663564045,1.3070000000000165e-06
1.183148671851839,0.19393931443720341,-0.014415916218501783,-41708.64815393665,143894.9436840305,-12594.993106027434,1.3080000000000165e-06
1.1831070119648062,0.19408316302420953,-0.014429184143311513,-41659.887032804014,143848.58700612054,-13267.924809730019,1.3090000000000166e-06
1.1830654275177543,0.19422697007417186,-0.01444312208234584,-41584.44705186883,143807.04996232202,-13937.939034326777,1.3100000000000167e-06
1.183023945036862,0.19437074047556432,-0.014457726036004865,-41482.48089223964,143770.4013924636,-14603.953659024975,1.3110000000000168e-06
1.18298259085277,0.19451447917773562,-0.014472990928936022,-41354.18409192899,143738.70217130534,-15264.89293115738,1.3120000000000168e-06
1.1829413910580353,0.19465819118283412,-0.014488910618141044,-41199.79473476852,143712.00509849034,-15919.68920502202,1.313000000000017e-06
1.1829003714649649,0.1948018815376359,-0.014505477902809212,-41019.59307044141,143690.3548017729,-16567.284668166998,1.314000000000017e-06
1.1828595575638987,0.1949455553252896,-0.014522684535861528,-40813.90106620848,143673.787653701,-17206.633052315694,1.315000000000017e-06
1.1828189744820077,0.1950892176569915,-0.014540521237187678,-40583.08189101578,143662.33170190756,-17836.70132614932,1.3160000000000171e-06
1.1827786469426749,0.19523287366360464,-0.014558977708554868,-40327.53933278275,143656.00661314174,-18456.471367189857,1.3170000000000172e-06
1.182738599225525,0.1953765284872358,-0.014578042650164925,-40047.71714977915,143654.82363114876,-19064.941610057278,1.3180000000000173e-06
1.182698855127168,0.19552018727278428,-0.014597703778833335,-39744.0983571082,143658.78554848218,-19661.128668410205,1.3190000000000174e-06
1.1826594379227187,0.1956638551594766,-0.014617947847761254,-39417.20444941983,143667.88669230978,-20244.068927919106,1.3200000000000174e-06
1.1826203703281575,0.19580753727240086,-0.01463876066786892,-39067.594561083846,143682.11292424952,-20812.82010766547,1.3210000000000175e-06
1.1825816744635924,0.1959512387140551,-0.01466012713065633,-38695.86456515631,143701.44165424854,-21366.462787409208,1.3220000000000176e-06
1.1825433718174798,0.1960949645559236,-0.01468203123255455,-38302.64611257404,143725.84186849414,-21904.101898219724,1.3230000000000177e-06
1.1825054832118667,0.19623871983009492,-0.014704456100728574,-37888.605613111744,143755.27417132148,-22424.86817402349,1.3240000000000177e-06
1.1824680287687068,0.19638250952093597,-0.014727384020290257,-37454.443159733426,143789.69084105914,-22927.919561682764,1.3250000000000178e-06
1.1824310278773087,0.1965263385568357,-0.014750796462877542,-37000.89139806423,143829.03589972982,-23412.44258728574,1.3260000000000179e-06
1.1823944991629658,0.1966702118020322,-0.01477467411655394,-36528.71434280087,143873.2451964996,-23877.653676398346,1.327000000000018e-06
1.182358460456823,0.19681413404853695,-0.014798996916980042,-36038.70614296776,143922.24650474612,-24322.80042610163,1.328000000000018e-06
1.182322928767025,0.19695811000816954,-0.014823744079806758,-35531.68979801202,143975.9596325925,-24747.162826716136,1.3290000000000181e-06
1.1822879202511982,0.19710214430471626,-0.014848894134237954,-35008.5158268132,144034.2965467312,-25150.054431196007,1.3300000000000182e-06
1.1822534501903064,0.1972462414662256,-0.014874424957708214,-34470.06089176315,144097.16150933926,-25530.82347026019,1.3310000000000183e-06
1.1822195329639262,0.19739040591745347,-0.014900313811619631,-33917.22638014716,144164.45122786422,-25888.853911416383,1.3320000000000183e-06
1.182186182026981,0.1975346419724709,-0.014926537378079755,-33350.93694513006,144236.0550174381,-26223.56646012474,1.3330000000000184e-06
1.1821534098879722,0.19767895382744655,-0.014953071797581197,-32772.139008719016,144311.85497565573,-26534.41950144291,1.3340000000000185e-06
1.1821212280887432,0.19782334555361597,-0.014979892707561789,-32181.799229139862,144391.72616943254,-26820.909980591437,1.3350000000000186e-06
1.182089647185808,0.1979678210904496,-0.015006975281782768,-31580.902935123748,144475.53683363667,-27082.5742209789,1.3360000000000186e-06
1.1820586767332784,0.19811238423903077,-0.015034294270461096,-30970.452529657618,144563.1485811706,-27318.98867832891,1.3370000000000187e-06
1.1820283252674126,0.19825703865565492,-0.015061824041090754,-30351.46586580389,144654.416624158,-27529.77062965657,1.3380000000000188e-06
1.1819986002928153,0.1984017878456608,-0.015089538619886702,-29724.97459724249,144749.19000587342,-27714.578795949335,1.3390000000000189e-06
1.181969508270309,0.19854663515750381,-0.01511741173378422,-29092.022506231504,144847.31184303353,-27873.113897517076,1.340000000000019e-06
1.1819410546064972,0.19869158377708188,-0.015145416852925307,-28453.663811721475,144948.6195780528,-28005.11914108736,1.341000000000019e-06
1.1819132436450368,0.1988366367223227,-0.015173527233563142,-27810.9614603923,145052.9452408486,-28110.380637835347,1.342000000000019e-06
1.1818860786596335,0.19898179683804249,-0.015201715961314794,-27164.985403411018,145160.11571976563,-28188.727751652095,1.3430000000000192e-06
1.1818595618487717,0.19912706679108366,-0.015229955994691865,-26516.810861733346,145269.9530411744,-28240.033377071097,1.3440000000000192e-06
1.181833694332189,0.19927244906574096,-0.015258220208838255,-25867.51658279155,145382.27465728438,-28264.214146389655,1.3450000000000193e-06
1.1818084761490975,0.19941794595948265,-0.015286481439403895,-25218.183091426126,145496.89374169853,-28261.230565639562,1.3460000000000194e-06
1.1817839062581594,0.19956355957897487,-0.015314712526483074,-24569.890937928714,145613.61949222366,-28231.08707917984,1.3470000000000195e-06
1.1817599825392133,0.1997092918364153,-0.015342886358545877,-23923.71894606891,145732.25744043943,-28173.832062803158,1.3480000000000195e-06
1.1817367017967493,0.19985514444618283,-0.015370975916291243,-23280.74246397763,145852.6097675174,-28089.55774536649,1.3490000000000196e-06
1.1817140597651286,0.2000011189218086,-0.015398954316350319,-22642.031620755097,145974.47562577194,-27978.40005907559,1.3500000000000197e-06
1.1816920511155369,0.20014721657327403,-0.01542679485476899,-22008.64959166184,146097.65146541526,-27840.538418671593,1.3510000000000198e-06
1.1816706694646621,0.20029343850464001,-0.015454471050198877,-21381.65087473649,146221.931365981,-27676.195429886313,1.3520000000000198e-06
1.1816499073850806,0.2004397856120119,-0.015481956686726528,-20762.079581664853,146347.10737187305,-27485.63652765049,1.35300000000002e-06
1.1816297564173348,0.2005862585818434,-0.015509225856271184,-20150.967745700465,146472.96983149002,-27269.16954465602,1.35400000000002e-06
1.1816102070836854,0.20073285788958276,-0.015536253000482173,-19549.3336494078,146599.30773937027,-27027.14421098877,1.35500000000002e-06
1.1815912489035103,0.20087958379866355,-0.015563012952067837,-18958.18017496564,146725.9090807978,-26759.951585663137,1.3560000000000201e-06
1.1815728704103305,0.20102643635984185,-0.01558948097548884,-18378.493179729667,146852.56117830545,-26468.02342100226,1.3570000000000202e-06
1.181555059170431,0.20117341541088135,-0.01561563280694976,-17811.23989971033,146979.05103950933,-26151.831460919046,1.3580000000000203e-06
1.1815378018030473,0.20132052057658706,-0.015641444693624024,-17257.367383574692,147105.1657057066,-25811.886674262492,1.3590000000000204e-06
1.1815210840020876,0.20146775126918773,-0.015666893432048523,-16717.800959728884,147230.6926006675,-25448.73842450098,1.3600000000000204e-06
1.1815048905593486,0.2016151066890668,-0.01569195640562564,-16193.442738981748,147355.4198790529,-25062.973577119137,1.3610000000000205e-06
1.1814892053891934,0.20176258582584067,-0.01571661162117185,-15685.170155229769,147479.1367738894,-24655.215546207368,1.3620000000000206e-06
1.181474011554647,0.2019101874597832,-0.015740837744453673,-15193.83454653891,147601.63394253582,-24226.123281822995,1.3630000000000207e-06
1.181459291294868,0.20205791016359378,-0.015764614134653472,-14720.259778930553,147722.70381057792,-23776.39019979896,1.3640000000000207e-06
1.1814450260539529,0.20220575230450688,-0.015787920877709243,-14265.24091510641,147842.1409130912,-23306.743055770115,1.3650000000000208e-06
1.1814311965110227,0.2023537120467396,-0.015810738818474522,-13829.542930271331,147959.74223271705,-22817.94076527805,1.3660000000000209e-06
1.1814177826115455,0.2025017873542736,-0.015833049591646425,-13413.899477133407,148075.30753400203,-22310.773171903023,1.367000000000021e-06
1.1814047635998435,0.20264997599396706,-0.01585483565141188,-13019.011702077822,148188.63969345685,-21786.059765455797,1.368000000000021e-06
1.1813921180527291,0.20279827553899185,-0.015876080299764225,-12645.547114424742,148299.54502479834,-21244.64835234278,1.3690000000000211e-06
1.1813798239142186,0.2029466833725907,-0.015896767713444518,-12294.138510592327,148407.83359884593,-20687.413680294867,1.3700000000000212e-06
1.1813678585312637,0.20309519669214826,-0.015916882969464242,-11965.382954893703,148513.31955755263,-20115.25601972338,1.3710000000000213e-06
1.181356198690445,0.20324381251356993,-0.01593641206916828,-11659.840818601915,148615.82142165993,-19529.09970403585,1.3720000000000213e-06
1.1813448206555663,0.20339252767596142,-0.015955341960799587,-11378.03487881935,148715.16239147668,-18929.89163130935,1.3730000000000214e-06
1.1813337002060877,0.20354133884660172,-0.015973660560529367,-11120.449478588269,148811.1706402926,-18318.599729780224,1.3740000000000215e-06
1.1813228126763382,0.20369024252620166,-0.015991356771919034,-10887.529749577026,148903.67959994933,-17696.21138966571,1.3750000000000216e-06
1.1813121329954397,0.20383923505443977,-0.01600842050378292,-10679.68089857244,148992.52823810364,-17063.731863885532,1.3760000000000216e-06
1.1813016357278807,0.2039883126157665,-0.01602484268642322,-10497.267558902868,149077.56132673178,-16422.18264029951,1.3770000000000217e-06
1.181291295114673,0.20413747124546794,-0.016040615286211344,-10340.61320780895,149158.62970143658,-15772.599788120924,1.3780000000000218e-06
1.1812810851150224,0.20428670683597908,-0.01605573131849255,-10209.999650669966,149235.59051113419,-15116.03228120451,1.3790000000000219e-06
1.1812709794484495,0.2044360151434368,-0.016070184858793492,-10105.666572883434,149308.30745771233,-14453.540300942504,1.380000000000022e-06
1.1812609516372894,0.20458539179446206,-0.016083971052315026,-10027.811160084246,149376.65102526758,-13786.193521532186,1.381000000000022e-06
1.1812509750495022,0.2047348322931606,-0.01609708612169543,-9976.587787277364,149440.49869854545,-13115.069380403771,1.382000000000022e-06
1.1812410229417247,0.20488433202833084,-0.016109527373032048,-9952.107777345189,149499.73517022436,-12441.251336618203,1.3830000000000222e-06
1.1812310685024954,0.20503388628086755,-0.01612129320015211,-9954.439229277305,149554.2525367015,-11765.827120060561,1.3840000000000222e-06
1.181221084895579,0.2051834902313496,-0.016132383087126376,-9983.606916356552,149603.95048205677,-11089.886974266203,1.3850000000000223e-06
1.1812110453033247,0.2053331389677995,-0.0161427976090221,-10039.592254421594,149648.73644988943,-10414.52189572359,1.3860000000000224e-06
1.1812009229699845,0.20548282749360225,-0.0161525384308946,-10122.333340212352,149688.52580274103,-9740.821872499915,1.3870000000000225e-06
1.1811906912449248,0.20563255073557107,-0.016161608305019632,-10231.725059691247,149723.24196883713,-9069.87412503318,1.3880000000000225e-06
1.1811803236256586,0.20578230355214697,-0.01617001106637156,-10367.619266120115,149752.81657590065,-8402.761351927351,1.3890000000000226e-06
1.1811697938006311,0.2059320807417188,-0.016177751626355135,-10529.825027560286,149777.1895718091,-7740.55998357562,1.3900000000000227e-06
1.1811590756916879,0.2060818770510507,-0.016184835964801556,-10718.108943351739,149796.30933188915,-7084.338446420683,1.3910000000000228e-06
1.1811481434961588,0.20623168718380336,-0.0161912711202422,-10932.19552901663,149810.13275266183,-6435.155440640375,1.3920000000000228e-06
1.1811369717284899,0.20638150580913522,-0.01619706517847622,-11171.767668923087,149818.6253318738,-5794.0582340220235,1.393000000000023e-06
1.1811255352613539,0.2065313275703699,-0.01620222725945098,-11436.467135937044,149821.76123467067,-5162.080974759532,1.394000000000023e-06
1.1811138093661766,0.20668114709371568,-0.016206767502476856,-11725.895177183309,149819.52334579005,-4540.243025873606,1.395000000000023e-06
1.1811017697530117,0.20683095899702336,-0.016210697049800774,-12039.613164932105,149811.9033076741,-3929.5473239176913,1.3960000000000231e-06
1.1810893926097001,0.2069807578985678,-0.016214028028565364,-12377.143311524216,149798.9015444234,-3330.9787645902907,1.3970000000000232e-06
1.181076654640253,0.20713053842583934,-0.01621677353118319,-12737.969447146712,149780.5272715351,-2745.50261782827,1.3980000000000233e-06
1.1810635331023938,0.20728029522433072,-0.0162189475941581,-13121.5378591722,149756.79849139226,-2174.062974905888,1.3990000000000234e-06
1.1810500058442022,0.20743002296630522,-0.01622056517538811,-13527.258191677807,149727.74197449186,-1617.5812300104587,1.4000000000000234e-06
1.1810360513397986,0.20757971635953165,-0.016221642129986818,-13954.50440366568,149693.39322642266,-1076.9545987080114,1.4010000000000235e-06
1.1810216487240142,0.2077293701559723,-0.016222195184662468,-14402.615784415037,149653.7964406258,-553.0546756511263,1.4020000000000236e-06
1.1810067778259898,0.2078789791604093,-0.016222241910696284,-14870.898024306596,149609.00443699383,-46.7260338163793,1.4030000000000237e-06
1.1809914192016504,0.20802853823899567,-0.016221800695563775,-15358.62433937386,149559.0785863862,441.21513250932253,1.4040000000000237e-06
1.1809755541650027,0.20817804232771683,-0.01622089071324493,-15865.036647752266,149504.0887211613,909.982318845714,1.4050000000000238e-06
1.1809591648182065,0.2083274864407487,-0.016219531893271265,-16389.3467961168,149444.11303184807,1358.8199736662955,1.4060000000000239e-06
1.1809422340803724,0.2084768656786988,-0.016217744888559683,-16930.73783412134,149379.2379501015,1787.0047115801867,1.407000000000024e-06
1.1809247457150376,0.20862617523671692,-0.01621555104208505,-17488.365334778973,149309.55801810895,2193.846474633935,1.408000000000024e-06
1.180906684356279,0.20877541041246156,-0.01621297235244515,-18061.358758651702,149235.17574463584,2578.6896399019715,1.4090000000000241e-06
1.1808880355334193,0.20892456661390948,-0.016210031438373528,-18648.822859650798,149156.20144792076,2940.914071620543,1.4100000000000242e-06
1.180868785694289,0.20907363936699513,-0.01620675150225732,-19249.83913018508,149072.7530856514,3279.936116208627,1.4110000000000243e-06
1.1808489222270055,0.2092226243230674,-0.01620315629271871,-19863.467283334343,148984.95607227396,3595.2095386104065,1.4120000000000243e-06
1.180828433480236,0.2093715172661513,-0.016199270066320222,-20488.74676966856,148892.94308390882,3886.2263984872247,1.4130000000000244e-06
1.1808073087819095,0.20952031412000247,-0.01619511754845534,-21124.698326280617,148796.85385116676,4152.517864882378,1.4140000000000245e-06
1.180785538456354,0.20966901095494264,-0.01619072389348726,-21770.325555551502,148696.83494017881,4393.654968079559,1.4150000000000246e-06
1.180763113839823,0.2098176039944648,-0.016186114644199785,-22424.616531121625,148593.039522173,4609.249287475004,1.4160000000000246e-06
1.1807400272943944,0.20996608962159677,-0.016181315690625402,-23086.545428500733,148485.62713195066,4798.953574384339,1.4170000000000247e-06
1.1807162722202167,0.2101144643850124,-0.016176353228316596,-23755.074177711744,148374.76341563306,4962.4623088076205,1.4180000000000248e-06
1.1806918430660813,0.21026272500488047,-0.016171253716127317,-24429.154135330497,148260.61986806765,5099.512189279912,1.4190000000000249e-06
1.180666735338308,0.21041086837844078,-0.01616604383357228,-25107.72777325431,148143.37356030085,5209.882555039842,1.420000000000025e-06
1.1806409456079265,0.2105588915852983,-0.016160750437832425,-25789.730381507106,148023.20685754128,5293.395739854802,1.421000000000025e-06
1.1806144715161442,0.21070679189242636,-0.016155400520475476,-26474.09178236793,147900.3071280536,5349.917356948523,1.422000000000025e-06
1.1805873117780912,0.2108545667588698,-0.01615002116396089,-27159.738053092853,147774.86644343947,5379.356514584731,1.4230000000000252e-06
1.1805594661848366,0.21100221384014056,-0.016144639497998922,-27845.593254487532,147647.08127077698,5381.665961969058,1.4240000000000252e-06
1.1805309356036742,0.21114973099229767,-0.01613928265583368,-28530.58116257924,147517.15215710402,5356.842165240452,1.4250000000000253e-06
1.1805017219766736,0.2112971162757044,-0.01613397773052025,-29213.62700063286,147385.28340674585,5304.925313432614,1.4260000000000254e-06
1.1804718283175049,0.21144436795845642,-0.016128751731265854,-29893.6591687551,147251.682751999,5225.999254395521,1.4270000000000255e-06
1.1804412587065365,0.21159148451947413,-0.01612363153990508,-30569.610968335375,147116.56101769663,5120.1913607766255,1.4280000000000255e-06
1.1804100182842179,0.21173846465125432,-0.01611864386757881,-31240.422318579822,146980.13178019173,4987.67232627063,1.4290000000000256e-06
1.1803781132427555,0.2118853072622756,-0.016113815211686353,-31905.041462407436,146842.61102130509,4828.655892455926,1.4300000000000257e-06
1.1803455508160965,0.2120320114790534,-0.01610917181317971,-32562.42665899375,146704.2167777946,4643.398506644325,1.4310000000000258e-06
1.1803123392682362,0.21217857664784032,-0.01610473961426843,-33211.54786026809,146565.16878691193,4432.198911278811,1.4320000000000258e-06
1.1802784878798676,0.21232500233596893,-0.01610054421660291,-33851.388368695225,146425.68812862007,4195.397665521298,1.433000000000026e-06
1.180244006933394,0.212471288332834,-0.01609661084000313,-34480.94647370099,146285.99686505226,3933.376599778779,1.434000000000026e-06
1.1802089076963298,0.21261743465051178,-0.01609296428179911,-35099.23706413427,146146.31767779982,3646.5582040215486,1.435000000000026e-06
1.1801732024031155,0.21276344152401538,-0.01608962887684826,-35705.293214194484,146006.87350362047,3335.404950851329,1.4360000000000261e-06
1.1801369042353753,0.21290930941118455,-0.01608662845829388,-36298.16774029459,145867.88716916402,3000.418554379861,1.4370000000000262e-06
1.180100027300649,0.21305503899220987,-0.016083986319127802,-36876.93472637413,145729.58102531484,2642.139166079778,1.4380000000000263e-06
1.1800625866096337,0.21320063116879162,-0.016081725174618932,-37440.69101522521,145592.1765817533,2261.1445088691917,1.4390000000000264e-06
1.1800245980519704,0.21334608706293395,-0.016079867125668144,-37988.55766344685,145455.89414233936,1858.0489507891823,1.4400000000000264e-06
1.1799860783706126,0.2134914080153759,-0.016078433623148414,-38519.68135769866,145320.95244192175,1433.5025197292618,1.4410000000000265e-06
1.1799470451348226,0.21363659558366108,-0.016077445433287665,-39033.23578998461,145187.56828517574,988.1898607496073,1.4420000000000266e-06
1.179907516711833,0.21378165153984915,-0.016076922604150026,-39528.422989760715,145055.95618807035,522.8291376404029,1.4430000000000267e-06
1.1798675122372222,0.21392657786787173,-0.016076884433269576,-40004.474610727004,144926.32802256316,38.17088044776074,1.4440000000000267e-06
1.1798270515840519,0.21407137676053684,-0.016077349436488794,-40460.65317023403,144798.89266511722,-465.00321921765953,1.4450000000000268e-06
1.1797861553308127,0.21421605061618645,-0.016078335318051983,-40896.25323930761,144673.8556496293,-985.8815631892321,1.446000000000027e-06
1.1797448447282313,0.2143606020350118,-0.016079858942002073,-41310.60258137178,144551.41882535315,-1523.6239500888366,1.447000000000027e-06
1.1797031416649935,0.2145050338150322,-0.01608193630492702,-41703.06323782948,144431.7800203945,-2077.362924947605,1.448000000000027e-06
1.1796610686324347,0.21464934894774354,-0.016084582510099987,-42073.03255874318,144315.13271134623,-2646.205172968085,1.4490000000000271e-06
1.1796186486882578,0.21479355061344316,-0.016087811743055208,-42419.94417694284,144201.66569962344,-3229.232955220848,1.4500000000000272e-06
1.1795759054193338,0.2149376421762382,-0.01609163724863921,-42743.268923976924,144091.56279504835,-3825.5055839997767,1.4510000000000273e-06
1.1795328629036474,0.21508162717874543,-0.016096071309574703,-43042.51568641295,143985.00250722363,-4434.060935494856,1.4520000000000273e-06
1.1794895456714463,0.21522550933649065,-0.01610112522657208,-43317.232201087274,143882.15774522105,-5053.916997379393,1.4530000000000274e-06
1.1794459786656584,0.21536929253201675,-0.01610680930002093,-43567.005787999646,143783.19552609918,-5684.073448850359,1.4540000000000275e-06
1.1794021872016387,0.2155129808087095,-0.016113132813291537,-43791.464019645944,143688.2766927508,-6323.513270605973,1.4550000000000276e-06
1.179358196926313,0.21565657836435106,-0.01612010401767373,-43990.2753256825,143597.55564156486,-6971.204382194019,1.4560000000000276e-06
1.1793140337767811,0.21580008954441143,-0.016127730118977848,-44163.1495319175,143511.18006037307,-7626.101304117556,1.4570000000000277e-06
1.1792697239384484,0.21594351883508855,-0.01613601726581989,-44309.83833272876,143429.29067713424,-8287.146842042022,1.4580000000000278e-06
1.1792252938027523,0.21608687085610834,-0.0161449705396103,-44430.13569611257,143352.02101979236,-8953.273790409037,1.4590000000000279e-06
1.1791807699245516,0.21623015035329607,-0.016154593946263028,-44523.87820067545,143279.4971877262,-9623.406652727821,1.460000000000028e-06
1.1791361789792476,0.21637336219093126,-0.016164890409638814,-44590.945303988774,143211.83763518918,-10296.463375784973,1.461000000000028e-06
1.1790915477197057,0.21651651134389838,-0.0161758617667338,-44631.25954183594,143149.15296711866,-10971.35709498751,1.462000000000028e-06
1.1790469029330477,0.21665960288964606,-0.016187508764621834,-44644.78665799206,143091.54574767346,-11646.99788803263,1.4630000000000282e-06
1.1790022713973833,0.2168026419999679,-0.016199831059155914,-44631.53566428773,143039.1103218374,-12322.294534080733,1.4640000000000283e-06
1.1789576798385526,0.21694563393261831,-0.01621282721543151,-44591.55883082026,142991.93265040437,-12996.156275595697,1.4650000000000283e-06
1.1789131548869463,0.21708858402277695,-0.016226494710011516,-44524.95160628833,142950.0901586393,-13667.494580008557,1.4660000000000284e-06
1.1788687230344777,0.21723149767437583,-0.016240829934909874,-44431.85246853893,142913.65159888502,-14335.22489835734,1.4670000000000285e-06
1.1788244105917722,0.2173743803513032,-0.01625582820332793,-44312.442705528265,142882.67692736292,-14998.26841805713,1.4680000000000286e-06
1.1787802436456452,0.21751723756849858,-0.016271483757134893,-44166.946127011244,142857.21719539072,-15655.553806960328,1.4690000000000286e-06
1.1787362480169377,0.2176600748829538,-0.01628778977608077,-43995.628707386815,142837.31445521658,-16306.018945877666,1.4700000000000287e-06
1.1786924492187774,0.21780289788463444,-0.016304738388727515,-43798.798160238744,142823.00168064394,-16948.61264674569,1.4710000000000288e-06
1.1786488724153321,0.21794571218733705,-0.01632232068508116,-43576.80344522275,142814.30270259685,-17582.296353646358,1.4720000000000289e-06
1.1786055423811241,0.2180885234194968,-0.01634052673090507,-43330.034208062076,142811.23215974955,-18206.045823908877,1.473000000000029e-06
1.1785624834609696,0.21823133721496113,-0.016359345583691624,-43058.92015452308,142813.79546431932,-18818.852786553012,1.474000000000029e-06
1.1785197195306103,0.21837415920374423,-0.01637876531026699,-42763.930359351245,142821.98878309506,-19419.726575366883,1.475000000000029e-06
1.178477273958099,0.21851699500277796,-0.01639877300600094,-42445.57251125513,142835.79903374866,-20007.69573395044,1.4760000000000292e-06
1.178435169566004,0.21865985020667442,-0.01641935481559104,-42104.39209513164,142855.20389645008,-20581.80959009872,1.4770000000000292e-06
1.1783934285944913,0.2188027303785152,-0.016440495955387987,-41740.971512829776,142880.171840781,-21141.13979694616,1.4780000000000293e-06
1.1783520726653474,0.21894564104068312,-0.016462180737226332,-41355.92914385216,142910.66216791546,-21684.781838344898,1.4790000000000294e-06
1.1783111227469998,0.21908858766575112,-0.01648439259372234,-40949.91834749358,142946.62506801076,-22211.856496005978,1.4800000000000295e-06
1.1782705991205917,0.21923157566744383,-0.016507114104998333,-40523.62640801326,142988.0016927249,-22721.51127599267,1.4810000000000295e-06
1.178230521347167,0.2193746103916866,-0.016530327026790553,-40077.773424532934,143034.72424275198,-23212.921792219327,1.4820000000000296e-06
1.1781909082360196,0.21951769710775684,-0.01655401231989523,-39613.11114744513,143086.7160702406,-23685.293104677872,1.4830000000000297e-06
1.1781517778142563,0.21966084099955277,-0.01657815018090542,-39130.4217632059,143143.8917959357,-24137.861010186236,1.4840000000000298e-06
1.1781131472976267,0.21980404715699361,-0.016602720074188948,-38630.516629472884,143206.15744085863,-24569.893283529436,1.4850000000000298e-06
1.1780750330626641,0.21994732056756594,-0.016627700765055892,-38114.2349626332,143273.4105723158,-24980.69086694394,1.48600000000003e-06
1.1780374506201843,0.22009066610802994,-0.016653070354061873,-37582.44247984591,143345.54046400174,-25369.589005979542,1.48700000000003e-06
1.1780004145901866,0.2202340885362999,-0.01667880631239173,-37036.0299978007,143422.4282699387,-25735.958329860034,1.48800000000003e-06
1.1779639386781962,0.22037759248351185,-0.016704885518266287,-36475.91199046761,143503.9472119714,-26079.205874554325,1.4890000000000301e-06
1.177928035653088,0.22052118244629237,-0.01673128429431315,-35903.02510818202,143589.96278051197,-26398.776046863233,1.4900000000000302e-06
1.1778927173264275,0.22066486277924058,-0.016757978445841072,-35318.32666047505,143680.33294820914,-26694.15152792364,1.4910000000000303e-06
1.1778579945333625,0.22080863768763678,-0.016784943299955703,-34722.79306512081,143774.9083961922,-26964.85411463121,1.4920000000000304e-06
1.1778238771150966,0.2209525112203893,-0.01681215374545329,-34117.41826592957,143873.53275252046,-27210.445497584842,1.4930000000000304e-06
1.1777903739029747,0.22109648726323175,-0.01683958427342755,-33503.21212186939,143976.04284244767,-27430.527974260694,1.4940000000000305e-06
1.1777574927042045,0.22124056953218185,-0.01686720901852378,-32881.198770147326,144082.268950091,-27624.745096230396,1.4950000000000306e-06
1.1777252402892386,0.22138476156727294,-0.016895001800773128,-32252.414965926197,144192.03509107593,-27792.7822493472,1.4960000000000307e-06
1.1776936223808372,0.22152906672656864,-0.01692293616793906,-31617.908401392626,144305.1592957088,-27934.367165934713,1.4970000000000307e-06
1.1776626436448303,0.22167348818047083,-0.016950985438307187,-30978.7360069277,144421.45390221247,-28049.27036812552,1.4980000000000308e-06
1.1776323076825932,0.22181802890633037,-0.016979122743848798,-30335.962237162083,144540.72585954273,-28137.305541611342,1.4990000000000309e-06
1.1776026170252485,0.22196269168336966,-0.017007321073687978,-29690.65734472363,144662.77703928857,-28198.329839181846,1.500000000000031e-06
1.177573573129604,0.2221074790879258,-0.017035553317801523,-29043.895644506574,144787.4045561428,-28232.244113545963,1.501000000000031e-06
1.1775451763758327,0.22225239348902223,-0.01706379231088057,-28396.753771307896,144914.40109641704,-28238.9930790472,1.502000000000031e-06
1.177517426066899,0.22239743704427628,-0.017092010876282572,-27750.308933687902,145043.55525406078,-28218.565402002707,1.5030000000000312e-06
1.177490320429732,0.22254261169614992,-0.017120181870002086,-27105.637166918703,145174.6518736326,-28170.99371951475,1.5040000000000313e-06
1.1774638566181441,0.22268791916854958,-0.01714827822458881,-26463.811587886048,145307.4723996603,-28096.354586722224,1.5050000000000313e-06
1.1774380307174894,0.2228333609637814,-0.017176272992941388,-25825.900654806766,145441.79523181595,-27994.768352579107,1.5060000000000314e-06
1.1774128377510549,0.2229789383598667,-0.017204139391905755,-25192.966434615977,145577.39608532333,-27866.398964365646,1.5070000000000315e-06
1.177388271688174,0.2231246524082227,-0.01723185084560701,-24566.06288086532,145714.04835600604,-27711.453701256796,1.5080000000000316e-06
1.1773643254540491,0.22327050393171208,-0.0172593810284444,-23946.234124955623,145851.52348937828,-27530.182837390366,1.5090000000000316e-06
1.1773409909412655,0.22341649352306525,-0.017286703907679394,-23334.51278350471,145989.59135317267,-27322.879234994674,1.5100000000000317e-06
1.177318259022981,0.22356262154367795,-0.017313793785547645,-22731.918284623716,146128.0206126956,-27089.87786825167,1.5110000000000318e-06
1.1772961195677651,0.22370888812278636,-0.01734062534082633,-22139.455215843045,146266.5791083953,-26831.555278686566,1.5120000000000319e-06
1.1772745614560687,0.22385529315702138,-0.01736717366978932,-21558.111696392243,146405.03423502488,-26548.328962988537,1.513000000000032e-06
1.1772535725982922,0.22400183631034315,-0.0173934143264836,-20988.857776496712,146543.15332178085,-26240.65669427909,1.514000000000032e-06
1.177233139954426,0.22414851701435595,-0.017419323362261555,-20432.643866308124,146680.70401279532,-25909.035777954807,1.515000000000032e-06
1.177213249555229,0.22429533446900332,-0.017444877364504893,-19890.39919703509,146817.45464736127,-25554.00224333928,1.5160000000000322e-06
1.1771938865249123,0.2244422876436426,-0.01747005349447738,-19363.03031678584,146953.1746392699,-25176.129972484963,1.5170000000000322e-06
1.1771750351052888,0.22458937527849723,-0.017494829524244946,-18851.419623575795,147087.63485464157,-24776.0297675692,1.5180000000000323e-06
1.1771566786813508,0.22473659588648487,-0.017519183872603376,-18356.423937889784,147220.60798763434,-24354.34835842961,1.5190000000000324e-06
1.1771387998082337,0.22488394775541828,-0.017543095639955257,-17878.873117121613,147351.8689334184,-23911.767351882118,1.5200000000000325e-06
1.1771213802395195,0.2250314289505761,-0.017566544642079816,-17419.568714142813,147481.1951578085,-23449.00212456036,1.5210000000000325e-06
1.1771044009568374,0.22517903731763905,-0.017589511442740922,-16979.282682177654,147608.36706295362,-22966.800661107118,1.5220000000000326e-06
1.1770878422007094,0.22532677048598754,-0.01761197738508056,-16558.756128083336,147733.16834848808,-22465.942339637593,1.5230000000000327e-06
1.1770716835025934,0.2254746258723551,-0.017633924621747038,-16158.698116052552,147855.38636755774,-21947.236666479792,1.5240000000000328e-06
1.1770559037180697,0.22562260068483223,-0.017655336143709316,-15779.784523670676,147974.81247714197,-21411.521962279312,1.5250000000000328e-06
1.1770404810611175,0.22577069192721433,-0.01767619580771095,-15422.656952171686,148091.24238210215,-20859.664001634228,1.526000000000033e-06
1.1770253931394248,0.22591889640368673,-0.01769648836231945,-15087.921692645914,148204.47647239806,-20292.554608500337,1.527000000000033e-06
1.1770106169906749,0.22606721072383965,-0.017716199472529125,-14776.14874985885,148314.32015292373,-19711.11020967774,1.528000000000033e-06
1.1769961291197497,0.22621563130800507,-0.017735315742877882,-14487.870925243758,148420.58416542737,-19116.270348756356,1.5290000000000331e-06
1.1769819055367892,0.22636415439290705,-0.017753824739040844,-14223.582960531945,148523.0849019921,-18508.996162960608,1.5300000000000332e-06
1.1769679217960458,0.22651277603761663,-0.017771715007866236,-13983.740743383363,148621.6447095679,-17890.26882539179,1.5310000000000333e-06
1.1769541530354695,0.2266614921298017,-0.017788976095821456,-13768.76057627697,148716.09218506,-17261.087955220795,1.5320000000000334e-06
1.1769405740169596,0.2268102983922622,-0.01780559856581989,-13579.018509815138,148806.2624604934,-16622.4699984335,1.5330000000000334e-06
1.1769271591672181,0.22695919038973997,-0.017821574012401666,-13414.849741489546,148891.99747778938,-15975.446581776447,1.5340000000000335e-06
1.1769138826191372,0.22710816353599267,-0.017836895075244257,-13276.548080847664,148973.1462527065,-15321.06284259126,1.5350000000000336e-06
1.1769007182536553,0.22725721310112018,-0.01785155545098152,-13164.36548188923,149049.56512751555,-14660.3757372624,1.5360000000000337e-06
1.1768876397420118,0.22740633421913217,-0.017865549903312555,-13078.511643411355,149121.1180119956,-13994.452331034663,1.5370000000000337e-06
1.1768746205883338,0.22755552189574452,-0.01787887427138454,-13019.153677909118,149187.6766123571,-13324.368071983805,1.5380000000000338e-06
1.1768616341724842,0.22770477101639222,-0.017891525476436486,-12986.415849526058,149249.1206477169,-12651.205051946123,1.5390000000000339e-06
1.1768486537931029,0.227854076354446,-0.017903501526693715,-12980.379381435938,149305.338053769,-11976.050257230636,1.540000000000034e-06
1.17683565271077,0.2280034325796193,-0.017914801520505667,-13001.082332923752,149356.22517331634,-11299.993811950577,1.541000000000034e-06
1.1768226041912235,0.22815283426655264,-0.01792542564772249,-13048.519546320398,149401.68693334787,-10624.127216819425,1.5420000000000341e-06
1.1768094815485597,0.228302275903561,-0.01793537518930875,-13122.642663831926,149441.63700836728,-9949.541586260475,1.5430000000000342e-06
1.1767962581883455,0.2284517519015307,-0.017944652515195426,-13223.360214190903,149475.99796970107,-9277.325886678183,1.5440000000000343e-06
1.1767829076505767,0.22860125660295122,-0.01795326108037416,-13350.537768944547,149504.70142053536,-8608.565178734036,1.5450000000000343e-06
1.1767694036524086,0.22875078429106768,-0.01796120541924062,-13503.998168081907,149527.68811645304,-7944.33886645975,1.5460000000000344e-06
1.176755720130594,0.22890032919913894,-0.017968491138196645,-13683.521814590777,149544.9080712659,-7285.718956026058,1.5470000000000345e-06
1.1767418312835567,0.2290498855197869,-0.01797512490652361,-13888.847037424386,149556.32064795896,-6633.768326966301,1.5480000000000346e-06
1.1767277116130344,0.22919944741442147,-0.01798111444554224,-14119.67052224833,149561.89463458734,-5989.539018630595,1.5490000000000346e-06
1.176713335965225,0.22934900902272645,-0.01798646851607686,-14375.64780922996,149561.60830499005,-5354.070534618504,1.5500000000000347e-06
1.176698679571368,0.22949856447219066,-0.017991196904244767,-14656.393857025632,149555.4494642081,-4728.3881679060105,1.5510000000000348e-06
1.1766837180876961,0.22964810788766918,-0.017995310405594114,-14961.48367201598,149543.41547851876,-4113.501349346156,1.5520000000000349e-06
1.1766684276346944,0.2297976334009592,-0.017998820807616295,-15290.453001735952,149525.51329002125,-3510.402022182205,1.553000000000035e-06
1.176652784835603,0.22994713516037493,-0.018001740870661462,-15642.799091344825,149501.75941573406,-2920.0630451675506,1.554000000000035e-06
1.1766367668541011,0.23009660734030613,-0.0180040843072883,-16017.98150188196,149472.1799311876,-2343.436626837941,1.555000000000035e-06
1.1766203514311122,0.23024604415074465,-0.01800586576008173,-16415.42298895685,149436.81043852068,-1781.4527934291298,1.5560000000000352e-06
1.1766035169206719,0.23039543984676375,-0.018007100777974606,-16834.51044042709,149395.69601911356,-1235.0178928767289,1.5570000000000352e-06
1.1765862423248004,0.23054478873793458,-0.018007805791111883,-17274.59587152561,149348.89117081417,-705.0131372750337,1.5580000000000353e-06
1.1765685073273247,0.2306940851976644,-0.01800799808429799,-17734.99747580866,149296.45972983952,-192.2931861080383,1.5590000000000354e-06
1.1765502923265945,0.23084332367244187,-0.01800769576907049,-18215.000730209136,149238.47477745696,302.3152275012228,1.5600000000000355e-06
1.176531578467042,0.23099249869097344,-0.018006917754445143,-18713.85955239558,149175.01853157557,778.0146253472564,1.5610000000000355e-06
1.1765123476695334,0.23114160487319685,-0.01800568371637974,-19230.79750855621,149106.1822234008,1234.038065402524,1.5620000000000356e-06
1.1764925826604637,0.2312906369391562,-0.01800401406600598,-19765.00906964909,149032.06595932992,1669.6503737563423,1.5630000000000357e-06
1.1764722669995498,0.2314395897177245,-0.018001929916680693,-20315.66091408491,148952.77856828918,2084.149325286665,1.5640000000000358e-06
1.176451385106275,0.23158845815515922,-0.017999453049909492,-20881.89327473707,148868.43743473687,2476.866771201746,1.5650000000000358e-06
1.1764299222849468,0.23173723732347679,-0.017996605880197816,-21462.82132810582,148779.16831757964,2847.1697116740024,1.566000000000036e-06
1.1764078647483234,0.23188592242863207,-0.01799341141888594,-22057.53662339837,148685.10515527212,3194.4613118762977,1.567000000000036e-06
1.176385199639774,0.23203450881848947,-0.01798989323702612,-22665.108549225864,148586.38985739238,3518.1818598212453,1.568000000000036e-06
1.1763619150539384,0.2321829919905725,-0.017986075427361622,-23284.58583556057,148483.1720830076,3817.8096644967977,1.5690000000000361e-06
1.1763380000558499,0.23233136759957865,-0.017981982565468735,-23914.99808854294,148375.6090061662,4092.8618928862343,1.5700000000000362e-06
1.1763134446984942,0.23247963146464753,-0.01797763967012418,-24555.357355678178,148263.86506887348,4342.895344557547,1.5710000000000363e-06
1.1762882400387753,0.23262777957636946,-0.01797307216296157,-25204.65971891582,148148.11172192902,4567.507162605975,1.5720000000000364e-06
1.1762623781518622,0.2327758081035235,-0.017968305827481736,-25861.886913063587,148028.52715402373,4766.33547983394,1.5730000000000364e-06
1.1762358521438951,0.23292371339953302,-0.017963366767482582,-26526.007966948488,147905.29600951445,4939.059999154726,1.5740000000000365e-06
1.1762086561630305,0.23307149200862834,-0.017958281364975272,-27195.98086470383,147778.6090953128,5085.402507309785,1.5750000000000366e-06
1.176180785408806,0.23321914067170568,-0.017953076237654176,-27870.754224530563,147648.66307734372,5205.127321094333,1.5760000000000367e-06
1.1761522361398138,0.23336665633187273,-0.017947778195988785,-28549.26899225512,147515.66016704662,5298.041665391925,1.5770000000000367e-06
1.1761230056796668,0.23351403613967114,-0.01794241420000636,-29230.460146983907,147379.80779840928,5363.995982425592,1.5780000000000368e-06
1.1760930924212507,0.2336612774579672,-0.017937011315834618,-29913.2584161365,147241.31829604128,5402.884171740944,1.5790000000000369e-06
1.1760624958292536,0.233808377866502,-0.017931596672074075,-30596.591997125917,147100.40853480913,5414.643760545088,1.580000000000037e-06
1.1760312164409708,0.23395533516609357,-0.01792619741606994,-31279.3882829445,146957.29959157034,5399.256004134246,1.581000000000037e-06
1.1759992558653818,0.23410214738248314,-0.017920840670153686,-31960.575588908556,146812.21638955773,5356.745916252294,1.5820000000000371e-06
1.175966616780504,0.23424881276981913,-0.017915553487924354,-32639.084877813508,146665.3873359787,5287.182229332081,1.5830000000000372e-06
1.1759333029290233,0.23439532981377253,-0.017910362810639673,-33313.85148075409,146517.04395340665,5190.677284681033,1.5840000000000373e-06
1.1758993191122125,0.2345416972342781,-0.01790529542378689,-33983.81681087126,146367.42050555287,5067.386852782125,1.5850000000000373e-06
1.1758646711821452,0.2346879139878961,-0.0179003779139029,-34647.930067298454,146216.75361801873,4917.509883990687,1.5860000000000374e-06
1.1758293660322185,0.23483397926979074,-0.017895636625712884,-35305.14992659524,146065.28189463707,4741.2881900164,1.5870000000000375e-06
1.1757934115859996,0.23497989251532075,-0.017891097619656196,-35954.4462189758,145913.2455300206,4539.006056688295,1.5880000000000376e-06
1.175756816784413,0.2351256534012397,-0.017886786629867587,-36594.8015866631,145760.8859189434,4310.989788608227,1.5890000000000376e-06
1.1757195915712912,0.23527126184650288,-0.017882729022681183,-37225.21312172726,145608.44526318784,4057.607186405189,1.5900000000000377e-06
1.1756817468773104,0.23541671801267938,-0.017878949755723773,-37844.693980798045,145456.16617649572,3779.266957408624,1.5910000000000378e-06
1.1756432946023363,0.23556202230396764,-0.01787547333766311,-38452.27497407725,145304.29128826648,3476.4180606636114,1.5920000000000379e-06
1.17560424759621,0.2357071753668143,-0.017872323788675794,-39047.00612611594,145153.06284665,3149.548987314179,1.593000000000038e-06
1.1755646196380043,0.23585217808913597,-0.01786952460169831,-39627.95820586516,145002.72232168348,2799.1869774828965,1.594000000000038e-06
1.1755244254137807,0.2359970315991451,-0.017867098704523434,-40194.22422355572,144853.5100091241,2425.897174875227,1.595000000000038e-06
1.1754836804928885,0.2361417372637807,-0.017865068422803,-40744.920892013935,144705.66463562904,2030.2817204356834,1.5960000000000382e-06
1.1754424013028384,0.23628629668674664,-0.01786345544401652,-41279.190050074656,144559.42296593514,1612.978786479479,1.5970000000000382e-06
1.1754006051027925,0.2364307117061593,-0.0178622807824637,-41796.20004581143,144415.0194126871,1174.661552817986,1.5980000000000383e-06
1.1753583099557152,0.23657498439180888,-0.017861564745337212,-42295.14707736551,144272.68564956245,716.0371264887383,1.5990000000000384e-06
1.175315534699226,0.2367191170420372,-0.017861326899930422,-42775.25648922083,144132.6502283358,237.84540679083239,1.6000000000000385e-06
1.175272298915204,0.23686311218023773,-0.017861586042033008,-43235.784021840795,143995.13820052173,-259.14210258582057,1.6010000000000385e-06
1.1752286228981914,0.23700697255098196,-0.017862360165565472,-43676.01701265494,143860.37074422793,-774.1235324638735,1.6020000000000386e-06
1.175184527622645,0.23715070111577882,-0.01786366643350163,-44095.27554645879,143728.5647968447,-1306.2679361587775,1.6030000000000387e-06
1.1751400347090915,0.23729430104847302,-0.017865521150126133,-44492.9135533686,143599.93269418762,-1854.7166245006458,1.6040000000000388e-06
1.1750951663892388,0.2374377757302897,-0.01786793973467192,-44868.31985255425,143474.68181670143,-2418.584545786134,1.6050000000000388e-06
1.1750499454700987,0.23758112874453302,-0.017870936696380395,-45220.91914005773,143353.01424332254,-2996.9617084753995,1.606000000000039e-06
1.1750043952971796,0.23772436387094661,-0.017874525611024775,-45550.17291909194,143235.12641358658,-3588.9146443791806,1.607000000000039e-06
1.1749585397168083,0.23786748507974517,-0.01787871909893479,-45855.58037130408,143121.20879855432,-4193.487910014343,1.608000000000039e-06
1.1749124030376408,0.2380104965253263,-0.01788352880455853,-46136.67916758053,143011.44558111642,-4809.705623743045,1.6090000000000391e-06
1.1748660099914237,0.23815340253967252,-0.01788896537759478,-46393.04621706458,142906.01434622254,-5436.573036251103,1.6100000000000392e-06
1.1748193856930704,0.2382962076254541,-0.017895038455726646,-46624.29835315547,142805.08578156505,-6073.078131865187,1.6110000000000393e-06
1.1747725556001152,0.23843891644884332,-0.0179017566489848,-46830.09295535644,142708.82338923085,-6718.19325815644,1.6120000000000394e-06
1.1747255454716092,0.23858153383205213,-0.017909127525766032,-47010.12850594045,142617.38320881798,-7370.8767812299075,1.6130000000000394e-06
1.1746783813265287,0.23872406474560462,-0.017917157600530087,-47164.14508050534,142530.91355249455,-8030.074764054969,1.6140000000000395e-06
1.174631089401757,0.23886651430035707,-0.01792585232319524,-47291.92477159495,142449.55475245908,-8694.722665151872,1.6150000000000396e-06
1.1745836961097125,0.2390088877392783,-0.017935216070250153,-47393.29204466875,142373.43892124077,-9363.747054913541,1.6160000000000397e-06
1.1745362279956866,0.23915119042900357,-0.017945252137596963,-47468.114025810246,142302.6897252575,-10036.06734681016,1.6170000000000397e-06
1.1744887116949658,0.2392934278511756,-0.01795596273513766,-47516.300720673455,142237.4221720279,-10710.597540696624,1.6180000000000398e-06
1.1744411738898015,0.239435605593587,-0.01796734898311308,-47537.80516427626,142177.74241141084,-11386.247975420052,1.61900000000004e-06
1.1743936412663,0.23957772934113825,-0.01797941091020099,-47532.623501360504,142123.74755122344,-12061.927087905919,1.62000000000004e-06
1.174346140471303,0.2397198048666258,-0.017992147453376878,-47500.79499715018,142075.52548756386,-12736.543175887427,1.62100000000004e-06
1.1742986980693244,0.23986183802137595,-0.018005556459538313,-47442.401978450886,142033.15475014158,-13409.00616143318,1.6220000000000401e-06
1.1742513404996193,0.24000383472573883,-0.018019634688890736,-47357.56970514637,141996.70436289255,-14078.229352423294,1.6230000000000402e-06
1.174204094033447,0.24014580095945895,-0.01803437782008986,-47246.46617226037,141966.23372013084,-14743.131199123836,1.6240000000000403e-06
1.1741569847316042,0.2402877427519374,-0.018049780457132875,-47109.30184286461,141941.79247846277,-15402.63704301376,1.6250000000000403e-06
1.174110038402292,0.24042966617240205,-0.0180658361379879,-46946.32931222615,141923.42046466275,-16055.680855027493,1.6260000000000404e-06
1.1740632805593882,0.24057157732000173,-0.01808253734494829,-46757.8429036994,141911.14759968338,-16701.206960389994,1.6270000000000405e-06
1.1740167363811913,0.24071348231384068,-0.01809987551669553,-46544.17819697932,141904.99383894494,-17338.171747239372,1.6280000000000406e-06
1.1739704306697019,0.2408553872829697,-0.018117841062051786,-46305.71148944339,141904.96912902207,-17965.54535625513,1.6290000000000406e-06
1.1739243878105103,0.24099729835635053,-0.018136423375400324,-46042.85919141932,141911.07338081772,-18582.313348537657,1.6300000000000407e-06
1.173878631733354,0.24113922165280982,-0.01815561085374934,-45756.077156324405,141923.29645928618,-19187.478349016823,1.6310000000000408e-06
1.1738331858734072,0.24128116327099955,-0.018175390915412044,-45445.85994672967,141941.6181897395,-19780.061662704255,1.6320000000000409e-06
1.1737880731333696,0.24142312927938028,-0.01819575002027319,-45112.7400375077,141966.0083807426,-20359.104861145235,1.633000000000041e-06
1.1737433158464123,0.24156512570624386,-0.01821667369160966,-44757.28695732732,141996.42686357533,-20923.671336471914,1.634000000000041e-06
1.1736989357400425,0.24170715852979208,-0.01823814653943017,-44380.10636986063,142032.82354821023,-21472.84782050977,1.635000000000041e-06
1.1736549539009462,0.2418492336682878,-0.018260152285296614,-43981.839096167896,142075.13849572776,-22005.74586644383,1.6360000000000412e-06
1.1736113907408663,0.24199135697029486,-0.018282673788587226,-43563.160079824105,142123.30200706216,-22521.50329061001,1.6370000000000412e-06
1.1735682659635698,0.24213353420502282,-0.018305693074159267,-43124.77729644636,142177.2347279434,-23019.28557203999,1.6380000000000413e-06
1.1735255985329605,0.2422757710527927,-0.018329191361366723,-42667.43060937446,142236.84776987325,-23498.287207455276,1.6390000000000414e-06
1.1734834066423872,0.24241807309563965,-0.0183531490943862,-42191.890573347155,142302.04284694613,-23957.733019477113,1.6400000000000415e-06
1.173441707685199,0.24256044580806793,-0.018377545973802093,-41698.95718810396,142372.7124282983,-24396.87941589416,1.6410000000000415e-06
1.1734005182265952,0.24270289454797386,-0.018402360989400002,-41189.458603926745,142448.73990594264,-24815.015597908525,1.6420000000000416e-06
1.173359853976814,0.24284542454775157,-0.018427572454115367,-40664.249781216145,142529.99977771973,-25211.464715363334,1.6430000000000417e-06
1.1733197297657076,0.24298804090559664,-0.018453158039082408,-40124.211106275645,142616.3578450708,-25585.584967040963,1.6440000000000418e-06
1.173280159518742,0.24313074857702197,-0.018479094809726617,-39570.24696555014,142707.6714253124,-25936.77064421044,1.6450000000000418e-06
1.1732411562344616,0.24327355236660003,-0.018505359262842313,-39003.28428063627,142803.78957806848,-26264.453115695174,1.646000000000042e-06
1.173202731963455,0.2434164569199455,-0.018531927364595142,-38424.27100644822,142904.55334549124,-26568.101752827766,1.647000000000042e-06
1.17316489778886,0.24355946671595138,-0.0185587745893879,-37834.174594985605,143009.7960058794,-26847.224792757268,1.648000000000042e-06
1.173127663808433,0.24370258605929165,-0.018585875959526574,-37233.98042720821,143119.34334027919,-27101.370138675615,1.6490000000000421e-06
1.1730910391182174,0.2438458190732033,-0.018613206085622207,-36624.69021557716,143233.01391163177,-27330.12609563375,1.6500000000000422e-06
1.1730550317978377,0.2439891696925593,-0.018640739207662932,-36007.32037987177,143350.6193560104,-27533.122040724305,1.6510000000000423e-06
1.1730196488974387,0.24413264165724477,-0.01866844923668945,-35382.900398937345,143471.96468546893,-27710.029026516117,1.6520000000000424e-06
1.1729848964262977,0.2442762385058468,-0.018696309797006185,-34752.47114106013,143596.84860200522,-27860.56031673632,1.6530000000000424e-06
1.172950779343122,0.2444199635696689,-0.018724294268859493,-34117.08317570253,143725.06382212372,-27984.47185330809,1.6540000000000425e-06
1.1729173015480525,0.24456381996708038,-0.018752375831513457,-33477.795069363456,143856.39741146384,-28081.56265396592,1.6550000000000426e-06
1.1728844658763842,0.2447078105982093,-0.018780527506653242,-32835.67166835617,143990.6311289447,-28151.67513978567,1.6560000000000427e-06
1.1728522740940128,0.24485193813998918,-0.018808722202045325,-32191.782371318473,144127.54177985986,-28194.695392083067,1.6570000000000427e-06
1.1728207268946185,0.24499620504156652,-0.018836932755383576,-31547.199394287803,144266.90157734248,-28210.553338251884,1.6580000000000428e-06
1.1727898238985872,0.24514061352007813,-0.018865131978249808,-30902.99603118677,144408.4785116061,-28199.22286623125,1.659000000000043e-06
1.1727595636536747,0.2452851655568045,-0.018893292700117217,-30260.244912572714,144552.0367263547,-28160.721867410324,1.660000000000043e-06
1.1727299436374092,0.24542986289370625,-0.018921387812325115,-29620.016265507977,144697.33690174329,-28095.112207897888,1.661000000000043e-06
1.1727009602612317,0.2455747070303495,-0.018949390311953317,-28983.376177405884,144844.13664326,-28002.499628203543,1.6620000000000431e-06
1.172672608876365,0.24571969922122538,-0.018977273345524813,-28351.384866700806,144992.19087589142,-27883.03357149656,1.6630000000000432e-06
1.1726448837814019,0.24586484047346832,-0.01900501025246554,-27725.09496317921,145141.25224292386,-27736.906940727324,1.6640000000000433e-06
1.172617778231601,0.24601013154497706,-0.019032574608250554,-27105.549800792163,145291.0715087263,-27564.35578501474,1.6650000000000434e-06
1.1725912844498751,0.2461555729429419,-0.019059940267166373,-26493.781725748668,145441.3979648548,-27365.658915820615,1.6660000000000434e-06
1.1725653936394524,0.24630116492278073,-0.019087081404619923,-25890.810422663184,145591.97983881255,-27141.137453548865,1.6670000000000435e-06
1.1725400959981909,0.24644690748748552,-0.019113972558925246,-25297.641261500004,145742.5647047961,-26891.15430532295,1.6680000000000436e-06
1.1725153807345228,0.24659280038738127,-0.019140588672500056,-24715.263668021737,145892.8998957555,-26616.1135748092,1.6690000000000437e-06
1.1724912360850024,0.24673884312029737,-0.019166905132405123,-24144.649520409217,146042.73291609393,-26316.459905066356,1.6700000000000437e-06
1.1724676493334276,0.2468850349321517,-0.019192897810160637,-23586.751574675585,146191.8118543324,-25992.677755512654,1.6710000000000438e-06
1.1724446068315062,0.24703137481794676,-0.019218543100774848,-23042.50192144831,146339.8857950649,-25645.290614210615,1.6720000000000439e-06
1.1724220940210295,0.2471778615231763,-0.019243817960921623,-22512.810476639635,146486.70522953165,-25274.86014677667,1.673000000000044e-06
1.172400095457521,0.24732449354564046,-0.01926869994620495,-21998.56350846831,146632.02246414011,-24881.98528332707,1.674000000000044e-06
1.1723785948353178,0.24747126913766673,-0.019293167247449925,-21500.622203233794,146775.59202626787,-24467.301244973616,1.675000000000044e-06
1.1723575750140456,0.24761818630873342,-0.019317198725961406,-21019.821272178382,146917.1710666856,-24031.478511481902,1.6760000000000442e-06
1.1723370180464439,0.24776524282849136,-0.019340773947693207,-20556.967601703003,147056.51975794492,-23575.221731801215,1.6770000000000443e-06
1.1723169052074947,0.24791243623017944,-0.019363873216272476,-20112.838949129182,147193.40168808217,-23099.268579268533,1.6780000000000443e-06
1.1722972170248085,0.24805976381442843,-0.019386477604825855,-19688.1826861225,147327.58424899806,-22604.388553379278,1.6790000000000444e-06
1.1722779333102167,0.2482072226534473,-0.01940856898655596,-19283.714591812542,147458.83901888088,-22091.381730104255,1.6800000000000445e-06
1.1722590331925191,0.24835480959558534,-0.019430130064018777,-18900.11769756035,147586.94213805205,-21561.077462815578,1.6810000000000446e-06
1.1722404951513339,0.24850252127026295,-0.01945114439705474,-18538.04118523758,147711.67467762294,-21014.33303596408,1.6820000000000446e-06
1.172222297051993,0.24865035409326333,-0.019471596429328466,-18198.09934079147,147832.82300036424,-20452.03227372668,1.6830000000000447e-06
1.1722044161814282,0.24879830427237654,-0.01949147151343438,-17880.87056477694,147950.17911320156,-19875.084105914288,1.6840000000000448e-06
1.1721868292849869,0.2489463678133873,-0.01951075593452788,-17586.896441441702,148063.5410107651,-19284.42109349891,1.6850000000000449e-06
1.172169512604119,0.24909454052639673,-0.019529436932444064,-17316.68086785221,148172.71300943516,-18680.997916182707,1.686000000000045e-06
1.1721524419148746,0.2492428180324681,-0.019547502722268555,-17070.689244448058,148277.50607134137,-18065.78982449156,1.687000000000045e-06
1.1721355925671462,0.24939119577058588,-0.019564942513327487,-16849.347728310066,148377.7381177891,-17439.791058931318,1.688000000000045e-06
1.172118939524596,0.24953966900491747,-0.019581746526566284,-16653.042550322814,148473.234331604,-16804.01323879612,1.6890000000000452e-06
1.1721024574051986,0.24968823283236538,-0.01959790601028955,-16482.119397306466,148563.8274479032,-16159.483723265019,1.6900000000000452e-06
1.1720861205223385,0.2498368821903982,-0.019613413254237013,-16336.88286008491,148649.35803282014,-15507.243947465502,1.6910000000000453e-06
1.1720699029263901,0.24998561186514795,-0.019628261601973233,-16217.595948348311,148729.67474972937,-14848.347736220292,1.6920000000000454e-06
1.172053778446717,0.2501344164997605,-0.01964244546157146,-16124.479673057893,148804.63461253757,-14183.859598227069,1.6930000000000455e-06
1.17203772073402,0.2502832906029861,-0.019655960314574908,-16057.712697029621,148874.1032256272,-13514.853003449416,1.6940000000000455e-06
1.1720217033029658,0.2504322285579962,-0.01966880272322143,-16017.431054221403,148937.95501006086,-12842.408646521259,1.6950000000000456e-06
1.1720056995750276,0.25058122463141186,-0.019680970335920416,-16003.72793813586,148996.07341567593,-12167.612698986448,1.6960000000000457e-06
1.171989682921468,0.2507302729825306,-0.019692461890973626,-16016.653559637707,149048.35111872084,-11491.555053209808,1.6970000000000458e-06
1.1719736267063936,0.2508793676727353,-0.019703277218534432,-16056.215074371503,149094.69020470814,-10815.327560806003,1.6980000000000458e-06
1.1719575043298138,0.2510285026750715,-0.01971341724080287,-16122.376579852342,149135.00233618167,-10140.022268437924,1.699000000000046e-06
1.1719412892706316,0.2511776718839766,-0.019722883970456708,-16215.059182188863,149169.20890511948,-9466.72965383703,1.700000000000046e-06
1.1719249551294992,0.25132686912514635,-0.019731680507321603,-16334.141132285255,149197.24116971818,-8796.536864894158,1.701000000000046e-06
1.171908475671468,0.2514760881655217,-0.019739811033286262,-16479.45803125664,149219.04037532854,-8130.525964660844,1.7020000000000461e-06
1.1718918248683632,0.251625322723381,-0.019747280805471352,-16650.803104680745,149234.55785933745,-7469.772185088084,1.7030000000000462e-06
1.1718749769408179,0.2517745664785208,-0.019754096147663665,-16847.927545198025,149243.75513981597,-6815.342192311978,1.7040000000000463e-06
1.171857906399895,0.2519238130825086,-0.01976026444002994,-17070.540922862936,149246.603987779,-6168.292366273571,1.7050000000000464e-06
1.1718405880882325,0.25207305616899156,-0.019765794107127373,-17318.31166254058,149243.08648292747,-5529.667097433864,1.7060000000000464e-06
1.171822997220645,0.25222228936404434,-0.019770694604230688,-17590.86758753604,149233.19505276997,-4900.497103314109,1.7070000000000465e-06
1.1718051094241166,0.25237150629653937,-0.019774976401998243,-17887.796528538332,149216.9324950465,-4281.7977675565135,1.7080000000000466e-06
1.1717869007771198,0.2525207006085228,-0.019778650969502404,-18208.6469968572,149194.3119834034,-3674.5675041612017,1.7090000000000467e-06
1.171768347848199,0.25266986596557905,-0.019781730755651917,-18552.928920829127,149165.35705629454,-3079.786149511942,1.7100000000000467e-06
1.1717494277337548,0.2528189960671682,-0.019784229169036674,-18920.11444416937,149130.10158911013,-2498.4133847557687,1.7110000000000468e-06
1.1717301180949697,0.2529680846569177,-0.019786160556227724,-19309.638784948893,149088.58974956113,-1931.3871910503135,1.7120000000000469e-06
1.1717103971938159,0.2531171255328541,-0.01978754017856786,-19720.901153780156,149040.875936373,-1379.6223401375119,1.713000000000047e-06
1.171690243928086,0.2532661125575555,-0.019788384187490505,-20153.265729702587,148987.0247013692,-844.0089226434835,1.714000000000047e-06
1.171669637865394,0.25341503966821055,-0.019788709598406947,-20606.062692168558,148927.11065505093,-325.4109164418717,1.7150000000000471e-06
1.1716485592760866,0.25356390088656633,-0.0197885342632043,-21078.589307442962,148861.21835580538,175.33520264808521,1.7160000000000472e-06
1.1716269891650188,0.2537126903287492,-0.019787876841398672,-21570.111067644968,148789.44218290105,657.4218056268895,1.7170000000000473e-06
1.1716049093021383,0.2538614022149427,-0.019786756769990258,-22079.86288057863,148711.88619345397,1120.0714084143772,1.7180000000000473e-06
1.17158230225183,0.2540100308789063,-0.019785194232069026,-22607.05030842045,148628.66396357457,1562.5379212302453,1.7190000000000474e-06
1.1715591514009767,0.2541585707773202,-0.019783210124221746,-23150.850853256426,148539.89841392965,1984.107847281113,1.7200000000000475e-06
1.1715354409856893,0.25430701649894016,-0.019780826022792884,-23710.41528738884,148445.72161997922,2384.101428861471,1.7210000000000476e-06
1.1715111561166631,0.25445536277354736,-0.019778064149053823,-24284.86902626424,148346.27460717235,2761.873739060461,1.7220000000000476e-06
1.1714862828031214,0.25460360448067876,-0.01977494733333647,-24873.31354180849,148241.7071314104,3116.815717353614,1.7230000000000477e-06
1.1714608079753075,0.2547517366581239,-0.01977149897818902,-25474.827813892993,148132.17744510973,3448.3551474483857,1.7240000000000478e-06
1.17143471950549,0.2548997545101731,-0.01976774302061318,-26088.46981759781,148017.85204921957,3755.957575844379,1.7250000000000479e-06
1.1714080062274461,0.2550476534156047,-0.019763703893443514,-26713.278043882812,147898.9054315731,4039.1271696634494,1.726000000000048e-06
1.1713806579543948,0.25519542893539665,-0.01975940648593111,-27348.273051227177,147775.51979197294,4297.407512401235,1.727000000000048e-06
1.171352665495349,0.25534307682015106,-0.019754876103594762,-27992.45904575046,147647.88475443318,4530.382336349957,1.728000000000048e-06
1.1713240206698616,0.2554905930172181,-0.01975013842740422,-28644.825487285354,147516.19706702192,4737.676190542431,1.7290000000000482e-06
1.171294716321143,0.25563797367750785,-0.01974521947236105,-29304.348718833,147380.66028976877,4918.955043168954,1.7300000000000482e-06
1.171264746327526,0.25578521516197894,-0.019740145545543528,-29969.993616796426,147241.48447112154,5073.926817521942,1.7310000000000483e-06
1.1712341056122668,0.2559323140477924,-0.019734943203682898,-30640.71525935648,147098.88581345582,5202.3418606277755,1.7320000000000484e-06
1.1712027901516564,0.25607926713412055,-0.019729639210339066,-31315.460610327416,146953.08632815967,5303.993343831045,1.7330000000000485e-06
1.1711707969814407,0.2562260714476014,-0.019724260492744363,-31993.170215806156,146804.3134808334,5378.717594703198,1.7340000000000485e-06
1.1711381242015297,0.2563727242474286,-0.019718834098384607,-32672.779910910256,146652.79982716168,5426.394359755259,1.7350000000000486e-06
1.171104770978996,0.2565192230300686,-0.019713387151387065,-33353.22253388473,146498.782640031,5446.946997542718,1.7360000000000487e-06
1.171070737549351,0.25666556553359704,-0.019707946808785206,-34033.429644847114,146342.50352848126,5440.342601859686,1.7370000000000488e-06
1.1710360252161045,0.2568117497416461,-0.019702540216730378,-34712.33324643364,146184.2080490951,5406.592054828809,1.7380000000000488e-06
1.171000636348601,0.25695777388695656,-0.019697194466720573,-35388.86750360684,146024.14531044092,5345.750009803185,1.739000000000049e-06
1.1709645743781412,0.2571036364545278,-0.019691936551916468,-36061.970459886725,145862.56757120017,5257.914804106284,1.740000000000049e-06
1.1709278437923938,0.2572493361843604,-0.019686793323614723,-36730.585747273624,145699.72983261917,5143.2283017456975,1.741000000000049e-06
1.1708904501281066,0.25739487207378636,-0.019681791447948377,-37393.66428714058,145535.88942593837,5001.875666346107,1.7420000000000491e-06
1.1708523999621272,0.2575402433793818,-0.01967695736288372,-38050.16597938763,145371.30559546006,4834.085064656125,1.7430000000000492e-06
1.17081370090075,0.25768544961845974,-0.019672317235582628,-38699.0613771684,145206.23907792574,4640.127301092387,1.7440000000000493e-06
1.1707743615674056,0.2578304905701386,-0.019667896920198734,-39339.3333445218,145040.9516788808,4420.315383892402,1.7450000000000494e-06
1.1707343915887112,0.25797536627598533,-0.01966372191617518,-39969.97869426815,144875.70584671182,4175.004023554915,1.7460000000000494e-06
1.1706938015789077,0.2581200770402304,-0.019659817327110828,-40590.00980355937,144710.76424504642,3904.589064352912,1.7470000000000495e-06
1.1706526031227031,0.2582646234295546,-0.019656207820261017,-41198.456204507354,144546.38932421102,3609.506849809578,1.7480000000000496e-06
1.1706108087565559,0.258409006272447,-0.019652917586737886,-41794.36614735302,144382.84289244402,3290.2335231315146,1.7490000000000497e-06
1.1705684319484222,0.25855322665813457,-0.01964997030247419,-42376.80813368073,144220.38568756534,2947.284263696046,1.7500000000000497e-06
1.170525487076005,0.2586972859350844,-0.0196473890900134,-42944.87241722889,144059.27694980326,2581.2124607904416,1.7510000000000498e-06
1.170481989403535,0.2588411857090809,-0.0196451964811875,-43497.67246989749,143899.77399648004,2192.608825900164,1.7520000000000499e-06
1.1704379550571244,0.2589849278408801,-0.01964341438074256,-44034.34641060664,143742.13179925628,1782.1004449406616,1.75300000000005e-06
1.1703934009987298,0.25912851444344476,-0.019642064030970637,-44554.058394717875,143586.60256463158,1350.3497719226634,1.75400000000005e-06
1.170348344998768,0.2592719478787632,-0.019641165977405003,-45055.999961790214,143433.43531839547,898.0535656341949,1.7550000000000501e-06
1.1703028056074285,0.2594152307542579,-0.01964074003563399,-45539.3913395077,143282.8754947178,425.94177101353876,1.7560000000000502e-06
1.1702568021247268,0.25955836591878845,-0.019640805259287013,-46003.48270168265,143135.1645305618,-65.22365302409617,1.7570000000000503e-06
1.1702103545693485,0.25970135645825454,-0.019641379909244472,-46447.555378309815,142990.53946609603,-574.6499574574,1.7580000000000503e-06
1.1701634836463328,0.2598442056908063,-0.019642481424121266,-46870.92301572103,142849.23255177285,-1101.5148767952148,1.7590000000000504e-06
1.1701162107136478,0.25998691716166905,-0.01964412639207173,-47272.93268496721,142711.4708627321,-1644.9679504656763,1.7600000000000505e-06
1.1700685577477112,0.2601294946375902,-0.0196463305239616,-47652.96593663487,142577.47592117736,-2204.1318898681848,1.7610000000000506e-06
1.1700205473079108,0.2602719421009176,-0.019649108627950523,-48010.439800387925,142447.46332736145,-2778.1039889237536,1.7620000000000506e-06
1.1699722025001833,0.2604142637433174,-0.01965247458552641,-48344.8077276112,142321.64239980353,-3365.9575758880737,1.7630000000000507e-06
1.1699235469397076,0.2605564639591427,-0.019656441329030536,-48655.56047562135,142200.21582534807,-3966.7435041237704,1.7640000000000508e-06
1.1698746047127755,0.26069854733846237,-0.01966102082071,-48942.226932001875,142083.3793196589,-4579.491679463919,1.7650000000000509e-06
1.1698254003378978,0.2608405186597611,-0.01966622403333174,-49204.37487771289,141971.32129872713,-5203.212621738037,1.766000000000051e-06
1.1697759587262102,0.26098238288232306,-0.019672060932389716,-49441.61168772241,141864.22256195327,-5836.8990579746005,1.767000000000051e-06
1.169726305141242,0.2611241451383104,-0.019678540459934456,-49653.58496800402,141762.25598734693,-6479.527544740739,1.768000000000051e-06
1.1696764651581142,0.26126581072454974,-0.019685670520051487,-49839.98312784627,141665.58623936676,-7130.060117030256,1.7690000000000512e-06
1.1696264646222276,0.26140738509403966,-0.019693457966012552,-50000.535886521255,141574.3694899049,-7787.445961065571,1.7700000000000512e-06
1.1695763296075141,0.26154887384719255,-0.01970190858912089,-50135.014713463526,141488.75315289747,-8450.623108337733,1.7710000000000513e-06
1.1695260863743129,0.2616902827228256,-0.01971102710926906,-50243.23320121636,141408.8756330221,-9118.520148171297,1.7720000000000514e-06
1.1694757613269424,0.2618316175889145,-0.019720817167225128,-50325.047370508924,141334.86608891946,-9790.057956067809,1.7730000000000515e-06
1.1694253809710355,0.26197288443312583,-0.01973128131866018,-50380.35590693623,141266.8442113529,-10464.15143505281,1.7740000000000515e-06
1.1693749718707067,0.2621140893531425,-0.019742421029927407,-50409.10032882302,141204.92001669563,-11139.711267226905,1.7750000000000516e-06
1.1693245606056208,0.2622552385467986,-0.01975423667560011,-50411.26508596278,141149.19365610948,-11815.645672701401,1.7760000000000517e-06
1.1692741737280319,0.26239633830203934,-0.019766727537773192,-50386.87758903418,141099.75524075388,-12490.862173083584,1.7770000000000518e-06
1.1692238377198623,0.2625373949867227,-0.019779891807129857,-50336.00816960862,141056.68468333638,-13164.269356665685,1.7780000000000518e-06
1.1691735789498916,0.262678415038279,-0.01979372658577232,-50258.769970774556,141020.05155629,-13834.77864246524,1.779000000000052e-06
1.169123423631123,0.26281940495324585,-0.019808227891812583,-50155.318768516416,140989.91496683398,-14501.306040262756,1.780000000000052e-06
1.169073397778399,0.26296037127669497,-0.019823390665716367,-50025.852724098055,140966.32344914676,-15162.773903785452,1.781000000000052e-06
1.1690235271663312,0.2631013205915688,-0.01983920877839056,-49870.61206781288,140949.31487385163,-15818.11267419336,1.7820000000000521e-06
1.1689738372876166,0.26324225950794383,-0.019855675041001598,-49689.8787145744,140938.91637498568,-16466.26261103626,1.7830000000000522e-06
1.1689243533118048,0.2633831946522384,-0.019872781216509466,-49483.975811932185,140935.14429459424,-17106.175507866734,1.7840000000000523e-06
1.1688751000445836,0.26352413265638347,-0.019890518032899183,-49253.26722120889,140938.00414506235,-17736.816389716165,1.7850000000000524e-06
1.1688261018876511,0.2636650801469727,-0.01990887519808885,-48998.15693256342,140947.49058926557,-18357.165189666663,1.7860000000000524e-06
1.1687773827992363,0.2638060437344113,-0.019927841416490632,-48719.0884148942,140963.58743859184,-18966.218401782648,1.7870000000000525e-06
1.1687289662553346,0.26394703000208014,-0.019947404407198333,-48416.5439016035,140986.2676688564,-19562.990707701214,1.7880000000000526e-06
1.1686808752117213,0.2640880454955342,-0.019967550923772552,-48091.043613349975,141015.4934541005,-20146.516574220364,1.7890000000000527e-06
1.1686331320668022,0.26422909671175243,-0.01998826677559182,-47743.14491902062,141051.21621823552,-20715.85181926859,1.7900000000000527e-06
1.1685857586253658,0.2643701900884569,-0.020009536850735508,-47373.4414362559,141093.3767044627,-21270.075143688216,1.7910000000000528e-06
1.1685387760632928,0.2645113319935193,-0.020031345140361825,-46982.56207296224,141141.90506236904,-21808.289626318172,1.7920000000000529e-06
1.1684922048932815,0.26465252871447187,-0.020053674764541746,-46571.170011344344,141196.72095257006,-22329.624179919516,1.793000000000053e-06
1.1684460649316455,0.2647937864481406,-0.020076507999507297,-46139.96163608572,141257.73366873935,-22833.234965548774,1.794000000000053e-06
1.168400375266237,0.26493511129041747,-0.020099826306270347,-45689.665408399196,141324.84227683657,-23318.306763050216,1.7950000000000531e-06
1.1683551542255493,0.2650765092261888,-0.020123610360565754,-45221.04068776004,141397.93577131507,-23784.05429540816,1.7960000000000532e-06
1.1683104193490461,0.26521798611943687,-0.02014784008407053,-44734.87650322185,141476.8932480622,-24229.723504774363,1.7970000000000533e-06
1.1682661873587699,0.26535954770353065,-0.02017249467684859,-44231.990276300516,141561.58409379658,-24654.592778063285,1.7980000000000533e-06
1.1682224741322724,0.26550119957172225,-0.02019755265096868,-43713.22649749293,141651.8681916187,-25057.974120089573,1.7990000000000534e-06
1.1681792946769138,0.26564294716786463,-0.020222991865240986,-43179.45535857552,141747.59614238385,-25439.214272307046,1.8000000000000535e-06
1.168136663105571,0.2657847957773662,-0.02024878956101628,-42631.57134290247,141848.6095015392,-25797.695775296932,1.8010000000000536e-06
1.168094592613795,0.2659267505183972,-0.020274922398989526,-42070.491775994495,141954.74103104137,-26132.837973244914,1.8020000000000536e-06
1.168053095458456,0.26606881633336316,-0.02030136649694827,-41497.155338776705,142065.814965944,-26444.0979587413,1.8030000000000537e-06
1.1680121829379102,0.2662109979806584,-0.020328097468404607,-40912.520545887215,142181.64729522157,-26730.971456336523,1.8040000000000538e-06
1.1679718653737188,0.26635330002671476,-0.020355090462047993,-40317.56419153794,142302.04605637022,-26992.993643384794,1.8050000000000539e-06
1.1679321520939534,0.26649572683835804,-0.020382320201954806,-39713.27976546412,142426.81164330422,-27229.739906811887,1.806000000000054e-06
1.1678930514181118,0.2666382825754851,-0.020409761028489355,-39100.67584155026,142555.73712704342,-27440.826534548873,1.807000000000054e-06
1.16785457064367,0.2667809711840738,-0.020437386939829837,-38480.77444176696,142688.6085886663,-27625.911340481412,1.808000000000054e-06
1.167816716034292,0.2669237963895378,-0.02046517163405171,-37854.609378095156,142825.20546398198,-27784.694221874353,1.8090000000000542e-06
1.167779492809717,0.26706676169043714,-0.020493088551700053,-37223.2245751524,142965.3008993556,-27916.917648343173,1.8100000000000542e-06
1.1677429051373407,0.2672098703525552,-0.020521110918781612,-36587.6723762686,143108.6621181023,-28022.36708155745,1.8110000000000543e-06
1.167706956125505,0.2673531254033521,-0.02054921179010659,-35949.01183578734,143255.05079684773,-28100.87132497655,1.8120000000000544e-06
1.1676716478185045,0.2674965296268033,-0.02057736409290962,-35308.30700039265,143404.2234512366,-28152.302803034003,1.8130000000000545e-06
1.1676369811933223,0.26764008555863367,-0.020605540670678928,-34666.62518227985,143555.93183035505,-28176.577769304495,1.8140000000000545e-06
1.1676029561580952,0.26778379548195286,-0.020633714327122233,-34025.03522700369,143709.92331921842,-28173.656443305474,1.8150000000000546e-06
1.1675695715523162,0.26792766142330154,-0.020661857870197937,-33384.605778845755,143865.94134866292,-28143.54307570437,1.8160000000000547e-06
1.1675368251487697,0.2680716851491135,-0.02068994415613976,-32746.40354654812,144023.72581196734,-28086.285941821563,1.8170000000000548e-06
1.1675047136571974,0.268215868162601,-0.0207179461334032,-32111.49157225944,144183.01348752028,-28001.977263438785,1.8180000000000548e-06
1.1674732327296908,0.26836021170106783,-0.02074583688646224,-31480.927506534525,144343.53846683868,-27890.75305904204,1.819000000000055e-06
1.1674423769677986,0.26850471673365506,-0.020773589679384988,-30855.76189221822,144505.03258723454,-27752.792922747387,1.820000000000055e-06
1.1674121399313386,0.2686493839595235,-0.020801177999117265,-30237.03646002951,144667.22586841983,-27588.319732276694,1.821000000000055e-06
1.1673825141489,0.26879421380647583,-0.020828575598403735,-29625.78243864175,144829.84695233317,-27397.599286468536,1.8220000000000551e-06
1.167353491130018,0.2689392064300213,-0.020855756538276662,-29023.01888203045,144992.62354546707,-27180.939872926752,1.8230000000000552e-06
1.1673250613790012,0.26908436171288425,-0.02088269523004319,-28429.75101683068,145155.28286297075,-26938.691766525233,1.8240000000000553e-06
1.1672972144103888,0.26922967926495806,-0.02090936647670279,-27846.968612411983,145317.55207380105,-26671.2466596024,1.8250000000000554e-06
1.1672699387660124,0.26937515842370424,-0.020935745513727583,-27275.644376340235,145479.15874619276,-26379.03702479222,1.8260000000000554e-06
1.1672432220336346,0.269520798254997,-0.020961808049139132,-26716.7323778525,145639.83129271946,-26062.53541155024,1.8270000000000555e-06
1.1672170508671327,0.2696665975544112,-0.020987530302816675,-26171.166501923413,145799.29941421744,-25722.25367754285,1.8280000000000556e-06
1.1671914110081962,0.26981255484895306,-0.02101288904497285,-25639.85893644956,145957.29454184693,-25358.74215617564,1.8290000000000557e-06
1.1671662873095012,0.2699586683992296,-0.021037861633734493,-25123.698695021973,146113.5502765693,-24972.588761642197,1.8300000000000557e-06
1.1671416637593235,0.27010493620205495,-0.02106242605176747,-24623.550177696536,146267.80282532272,-24564.418032977417,1.8310000000000558e-06
1.1671175235075515,0.27025135599348815,-0.02108656094188617,-24140.251772107516,146419.79143318514,-24134.89011869978,1.832000000000056e-06
1.1670938488930542,0.270397925252299,-0.021110245641589895,-23674.614497201066,146569.2588108202,-23684.699703724447,1.833000000000056e-06
1.1670706214723625,0.2705446412038555,-0.02113346021647022,-23227.420691793348,146715.95155651,-23214.57488032347,1.834000000000056e-06
1.1670478220496123,0.2706915008244276,-0.021156185492435222,-22799.422750082085,146859.62057208744,-22725.275965000696,1.8350000000000561e-06
1.1670254307077061,0.2708385008458997,-0.02117840308669846,-22391.341906160986,147000.02147209184,-22217.594263236948,1.8360000000000562e-06
1.1670034268406366,0.2709856377608852,-0.021200095437482604,-22003.867069503838,147136.91498548235,-21692.35078414566,1.8370000000000563e-06
1.1669817891869234,0.27113290782823446,-0.021221245832389764,-21637.65371329905,147270.06734925605,-21150.39490716003,1.8380000000000563e-06
1.166960495864106,0.2712803070789278,-0.021241838435392714,-21293.322817426608,147399.25069333165,-20592.60300295006,1.8390000000000564e-06
1.1669395244042382,0.2714278313223439,-0.021261858312403556,-20971.4598677775,147524.24341607335,-20019.87701084127,1.8400000000000565e-06
1.1669188517903246,0.27157547615289374,-0.02128129145537863,-20672.613913521174,147644.83054984556,-19433.142975076247,1.8410000000000566e-06
1.1668984544936407,0.27172323695700973,-0.021300124804920956,-20397.29668382955,147760.8041160046,-18833.349542325745,1.8420000000000566e-06
1.1668783085118752,0.2718711089204785,-0.021318346271343873,-20145.981765466695,147871.96346875178,-18221.466422917085,1.8430000000000567e-06
1.1668583894080327,0.2720190870361058,-0.021335944754162176,-19919.103842551714,147978.1156272891,-17598.482818304794,1.8440000000000568e-06
1.166838672350033,0.2721671661117015,-0.021352910159979536,-19717.057999698838,148079.07559573918,-16965.405817360937,1.8450000000000569e-06
1.1668191321509434,0.27231534077837183,-0.021369233418743645,-19540.199089633374,148174.6666703092,-16323.258764110931,1.846000000000057e-06
1.166799743309777,0.27246360549910503,-0.02138490649834323,-19388.841166275157,148264.72073320046,-15673.079599584398,1.847000000000057e-06
1.1667804800527928,0.2726119545776378,-0.02139992241752372,-19263.25698417287,148349.07853278558,-15015.919180489896,1.848000000000057e-06
1.1667613163752277,0.2727603821675874,-0.021414275257101177,-19163.67756506285,148427.58994959787,-14352.839577457062,1.8490000000000572e-06
1.1667422260833955,0.27290888228183513,-0.021427960169456795,-19090.291832215513,148500.11424769924,-13684.912355619785,1.8500000000000572e-06
1.1667231828370823,0.27305744880214616,-0.021440973386297135,-19043.246313120875,148566.52031101755,-13013.21684033954,1.8510000000000573e-06
1.1667041601921713,0.27320607548901044,-0.021453312224668022,-19022.64491095267,148626.68686426664,-12338.838370888758,1.8520000000000574e-06
1.1666851316434261,0.2733547559916885,-0.02146497509121295,-19028.548745137858,148680.50267808803,-11662.866544930263,1.8530000000000575e-06
1.1666660706673648,0.2735034838584466,-0.02147596148466959,-19060.976061245477,148727.86675807732,-10986.393456640322,1.8540000000000576e-06
1.1666469507651545,0.27365225254696396,-0.02148627199660092,-19119.902210295844,148768.68851738432,-10310.511931329567,1.8550000000000576e-06
1.166627745505457,0.2738010554348966,-0.02149590831036034,-19205.259697478297,148802.88793260144,-9636.313759418214,1.8560000000000577e-06
1.1666084285671567,0.2739498858305793,-0.02150487319829296,-19316.93830015308,148830.39568268147,-8964.887932619546,1.8570000000000578e-06
1.1665889737819017,0.27409873698384996,-0.02151317051717814,-19454.78525490094,148851.1532706523,-8297.318885178438,1.8580000000000579e-06
1.1665693551763885,0.2742476020969779,-0.02152080520192114,-19618.605513272567,148865.11312792354,-7634.684743000062,1.859000000000058e-06
1.1665495470143228,0.27439647433567893,-0.021527783257504627,-19808.162065779485,148872.23870100648,-6978.055583487665,1.860000000000058e-06
1.1665295238379891,0.27454534684019943,-0.021534111749213516,-20023.17633355837,148872.50452049784,-6328.491708887615,1.861000000000058e-06
1.166509260509362,0.2746942127364516,-0.02153979879114943,-20263.32862703251,148865.89625220382,-5687.04193591473,1.8620000000000582e-06
1.1664887322506914,0.27484306514718193,-0.02154485353305383,-20528.258670786974,148852.4107303104,-5054.741904401462,1.8630000000000582e-06
1.1664679146844976,0.2749918972031545,-0.02154928614546151,-20817.566193768667,148832.05597253307,-4432.612407680618,1.8640000000000583e-06
1.1664467838729138,0.27514070205433167,-0.021553107803208887,-21130.811583818595,148804.85117720786,-3821.6577473733287,1.8650000000000584e-06
1.1664253163563083,0.275289472881034,-0.021556330667324097,-21467.516605441633,148770.82670231367,-3222.8641152117625,1.8660000000000585e-06
1.1664034891911288,0.27543820290506044,-0.021558967865328578,-21827.165179619173,148730.02402644418,-2637.1980044798534,1.8670000000000585e-06
1.1663812799869044,0.2755868854007522,-0.021561033469982182,-22209.2042243721,148682.49569177607,-2065.6046536051035,1.8680000000000586e-06
1.1663586669423498,0.2757355137059813,-0.021562542476506564,-22613.044554686003,148628.3052291085,-1509.0065243804374,1.8690000000000587e-06
1.1663356288805096,0.2758840812330464,-0.021563510778323802,-23038.061840317332,148567.52706507678,-968.3018172372564,1.8700000000000588e-06
1.1663121452828897,0.2760325814794581,-0.021563955141349733,-23483.5976199086,148500.24641167192,-444.3630259293043,1.8710000000000588e-06
1.16628819632252,0.2761810080385963,-0.021563893176883654,-23948.96036975278,148426.5591382244,61.96446607808366,1.872000000000059e-06
1.1662637628958945,0.27632935461022234,-0.021563343313138368,-24433.4266254619,148346.57162603948,549.8637452873122,1.873000000000059e-06
1.1662388266537398,0.27647761501082824,-0.021562324765456605,-24936.24215471263,148260.4006058981,1018.5476817621945,1.874000000000059e-06
1.1662133700305606,0.27662578318380693,-0.021560857505262047,-25456.62317916235,148168.17297866463,1467.2601945567746,1.8750000000000591e-06
1.1661873762729171,0.2767738532094262,-0.02155896222779507,-25993.757643553297,148070.02561926996,1895.277466978205,1.8760000000000592e-06
1.1661608294663872,0.2769218193145906,-0.021556660318685306,-26546.806529949336,147966.10516436427,2301.909109763639,1.8770000000000593e-06
1.1661337145611723,0.2770696758823746,-0.02155397381941497,-27114.905214980583,147856.56778396078,2686.4992703349726,1.8780000000000594e-06
1.1661060173963045,0.277217417461312,-0.02155092539172859,-27697.164867904907,147741.57893741652,3048.4276863818022,1.8790000000000594e-06
1.1660777247224172,0.27736503877442614,-0.021547538281046476,-28292.673887232802,147621.31311412217,3387.1106821120966,1.8800000000000595e-06
1.1660488242230436,0.2775125347279854,-0.021543836278940874,-28900.49937360314,147495.95355929722,3702.002105601547,1.8810000000000596e-06
1.166019304534407,0.27765990041997074,-0.02153984368473511,-29519.68863654196,147365.69198531107,3992.5942057663783,1.8820000000000597e-06
1.1659891552636743,0.27780713114823974,-0.02153558526628753,-30149.27073268487,147230.728268974,4258.418447580269,1.8830000000000597e-06
1.1659583670056413,0.27795422241837503,-0.021531086220023275,-30788.258032995815,147091.2701352655,4499.0462642539305,1.8840000000000598e-06
1.1659269313578249,0.27810116995120304,-0.02152637213027808,-31435.647816471057,146947.53282798905,4714.089745195614,1.8850000000000599e-06
1.1658948409339371,0.2782479696899709,-0.021521468928019406,-32090.423887777073,146799.73876786436,4903.202258672201,1.88600000000006e-06
1.165862089375721,0.2783946178071695,-0.021516402849011212,-32751.55821623509,146648.11719858932,5066.079008193501,1.88700000000006e-06
1.1658286713631274,0.2785411107109909,-0.021511200391489467,-33418.012593532774,146492.90382142333,5202.457521746697,1.88800000000006e-06
1.16579458262282,0.2786874450514098,-0.021505888273416353,-34088.74030751559,146334.3404188639,5312.11807311347,1.8890000000000602e-06
1.1657598199349906,0.2788336177258778,-0.021500493389381745,-34762.6878293863,146172.67446800595,5394.8840346089655,1.8900000000000603e-06
1.165724381138479,0.278979625884622,-0.021495042767221056,-35438.796511621156,146008.15874419207,5450.622160689403,1.8910000000000603e-06
1.165688265134185,0.2791254669355376,-0.021489563524419074,-36116.00429389559,145841.05091557765,5479.242801983464,1.8920000000000604e-06
1.1656514718867708,0.2792711385486668,-0.02148408282436966,-36793.24741430036,145671.6131292516,5480.700049411616,1.8930000000000605e-06
1.1656140024246477,0.2794166386602564,-0.021478627832561496,-37469.462123121826,145500.1115895677,5454.9918081670285,1.8940000000000606e-06
1.1655758588382512,0.27956196547638573,-0.021473225672760055,-38143.58639645644,145326.81612935598,5402.1598014414885,1.8950000000000606e-06
1.1655370442766042,0.27970711747616045,-0.021467903383256166,-38814.56164693027,145151.99977469593,5322.289503889735,1.8960000000000607e-06
1.1654975629421753,0.2798520934144644,-0.02146268787325123,-39481.33442879946,144975.93830394617,5215.510004935568,1.8970000000000608e-06
1.1654574200840406,0.2799968923242661,-0.021457605879449098,-40142.85813471642,144798.90980173508,5081.993802132936,1.8980000000000609e-06
1.1654166219893591,0.2801415135184747,-0.021452683922924192,-40798.09468145961,144621.19420862733,4921.95652490473,1.899000000000061e-06
1.1653751759731772,0.2802859565913419,-0.0214479482663351,-41446.016181942316,144443.0728671897,4735.656589091083,1.900000000000061e-06
1.1653330903665764,0.2804302214194071,-0.021443424871552253,-42085.606600836836,144264.82806518715,4523.394782847449,1.901000000000061e-06
1.1652903745031853,0.28057430816198375,-0.021439139357767714,-42715.86339117607,144086.7425766465,4285.513784540436,1.9020000000000612e-06
1.1652470387040759,0.2807182172611853,-0.021435116960154318,-43335.79910932387,143909.09920153057,4022.3976133961596,1.9030000000000612e-06
1.16520309426107,0.28086194944149007,-0.021431382489140557,-43944.443005738816,143732.18030476905,3734.471013761624,1.9040000000000613e-06
1.165158553418481,0.28100550570884547,-0.021427960290366612,-44540.842588993575,143556.26735539624,3422.1987739441106,1.9050000000000614e-06
1.1651134293533203,0.28114888734931204,-0.021424874205385917,-45124.06516055293,143381.64046654644,3086.084980696729,1.9060000000000615e-06
1.1650677361540025,0.2812920959272491,-0.021422147533175395,-45693.19931785888,143208.577937059,2726.672210519874,1.9070000000000615e-06
1.1650214887975792,0.28143513328304454,-0.02141980299251635,-46247.35642331991,143037.3557954438,2344.5406590482926,1.9080000000000616e-06
1.1649747031255424,0.2815780015303915,-0.021417862685306457,-46785.672036853946,142868.24734695628,1940.3072098916023,1.9090000000000617e-06
1.1649273958182327,0.28172070305311603,-0.021416348060862064,-47307.30730969101,142701.52272452737,1514.6244443922585,1.9100000000000618e-06
1.1648795843678954,0.2818632405015603,-0.021415279881268203,-47811.45033720094,142537.44844428965,1068.1795938590549,1.911000000000062e-06
1.164831287050427,0.28200561678852676,-0.021414678187832277,-48297.31746857515,142376.2869664353,601.6934359260292,1.912000000000062e-06
1.1647825228958557,0.2821478350847889,-0.0214145622686955,-48764.1545712578,142218.29626213398,115.91913677610728,1.913000000000062e-06
1.1647333116576075,0.28228989881417615,-0.021414950627654444,-49211.23824809193,142063.72938723117,-388.358958944317,1.914000000000062e-06
1.1646836737806023,0.2824318116482396,-0.021415860954243054,-49637.87700521926,141912.83406343736,-910.3265886094096,1.915000000000062e-06
1.1646336303682334,0.2825735775005073,-0.02141731009512356,-50043.412368848665,141765.8522677084,-1449.1408805046535,1.916000000000062e-06
1.1645832031482843,0.28271520052033783,-0.021419314026832614,-50427.21994908787,141623.0198305052,-2003.9317090539487,1.9170000000000623e-06
1.1645324144378353,0.28285668508638145,-0.02142188782992685,-50788.71044911514,141484.56604360754,-2573.803094237224,1.9180000000000624e-06
1.1644812871072172,0.2829980357996596,-0.02142504566456983,-51127.330618052925,141350.71327814306,-3157.834642980455,1.9190000000000624e-06
1.1644298445430712,0.28313925747627305,-0.02142880074760006,-51442.56414599327,141221.67661347653,-3755.083030231055,1.9200000000000625e-06
1.1643781106105715,0.28328035513975064,-0.021433165331117426,-51733.93249971519,141097.6634775883,-4364.583517366023,1.9210000000000626e-06
1.1643261096148738,0.2834213340130502,-0.021438150682622944,-52000.99569772727,140978.87329955254,-4985.351505518295,1.9220000000000627e-06
1.1642738662618504,0.2835621995102249,-0.021443767066744293,-52243.353023363576,140865.4971747077,-5616.384121348352,1.9230000000000627e-06
1.1642214056181757,0.28370295722776795,-0.021450023728577027,-52460.64367475892,140757.71754309142,-6256.661832733571,1.924000000000063e-06
1.1641687530708251,0.28384361293564964,-0.021456928878668825,-52652.54735062834,140655.7078816907,-6905.15009179708,1.925000000000063e-06
1.1641159342860543,0.2839841725680607,-0.021464489679671475,-52818.78477087764,140559.6324110373,-7560.801002651066,1.926000000000063e-06
1.1640629751679232,0.28412464221387734,-0.021472712234682664,-52959.1181311744,140469.64581665405,-8222.555011186794,1.927000000000063e-06
1.1640099018164325,0.28426502810686316,-0.02148160157729687,-53073.35149071399,140385.892985835,-8889.342614204976,1.928000000000063e-06
1.16395674048534,0.2844053366156234,-0.021491161663382014,-53161.33109252106,140308.5087602169,-9560.086085145726,1.929000000000063e-06
1.163903517539724,0.284545574233328,-0.021501395364595662,-53222.94561573457,140237.61770457405,-10233.701213647297,1.9300000000000633e-06
1.1638502594133646,0.28468574756722026,-0.0215123044636518,-53258.12635943293,140173.33389224205,-10909.099056137,1.9310000000000633e-06
1.163796992566007,0.2848258633279278,-0.021523889651346436,-53266.84735766549,140115.76070754894,-11585.187694636434,1.9320000000000634e-06
1.1637437434405815,0.2849659283185934,-0.02153615052534738,-53249.125425466824,140064.99066560395,-12260.874000946304,1.9330000000000635e-06
1.1636905384204457,0.28510594942384315,-0.021549085590750746,-53205.02013574139,140021.10524976568,-12935.065403363817,1.9340000000000636e-06
1.1636374037867188,0.2852459335986102,-0.021562692262403822,-53134.63372701741,139984.17476708192,-13606.671653077892,1.9350000000000636e-06
1.1635843656757765,0.28538588785683217,-0.021576966868991205,-53038.11094218064,139954.25822196424,-14274.606587384325,1.9360000000000637e-06
1.163531450036978,0.2855258192600405,-0.02159190465887807,-52915.63879841032,139931.40320832905,-14937.789886864532,1.9370000000000638e-06
1.1634786825906893,0.2856657349058609,-0.021607499807701748,-52767.44628865152,139915.64582040682,-15595.148823677695,1.938000000000064e-06
1.1634260887866743,0.28580564191644325,-0.021623745427699875,-52593.80401506916,139907.0105823895,-16245.619998126953,1.939000000000064e-06
1.1633736937629193,0.2859455474268403,-0.021640633578760553,-52395.02375504029,139905.51039705498,-16888.151060675806,1.940000000000064e-06
1.1633215223049589,0.28608545857335377,-0.021658155281177163,-52171.457960351196,139911.14651347452,-17521.702416611086,1.941000000000064e-06
1.1632695988057684,0.28622538248186763,-0.021676300530087737,-51923.49919037562,139923.90851387868,-18145.24891057372,1.942000000000064e-06
1.1632179472262882,0.2863653262561873,-0.021695058311575945,-51651.57948011867,139943.7743197229,-18757.781488207926,1.9430000000000642e-06
1.1631665910566442,0.2865052969664043,-0.02171441662040816,-51356.16964411824,139970.71021696323,-19358.308832213726,1.9440000000000643e-06
1.163115553278127,0.28664530163730484,-0.021734362479378284,-51037.77851730175,140004.6709005189,-19945.858970126174,1.9450000000000644e-06
1.1630648563259929,0.2867853472368427,-0.021754881960229473,-50696.952134000065,140045.59953786674,-20519.48085118804,1.9460000000000645e-06
1.1630145220531465,0.2869254406646944,-0.021775960206119202,-50334.27284642323,140093.42785167973,-21078.245889730322,1.9470000000000645e-06
1.1629645716947625,0.28706558874091576,-0.021797581455591727,-49950.35838400291,140148.07622138923,-21621.249472527077,1.9480000000000646e-06
1.1629150258339074,0.28720579819471925,-0.021819729068019374,-49545.860855105246,140209.45380351917,-22147.612427647487,1.9490000000000647e-06
1.1628659043682146,0.2873460756533899,-0.021842385550471764,-49121.46569271359,140277.45867060777,-22656.48245238885,1.9500000000000648e-06
1.1628172264776688,0.2874864276313584,-0.021865532585969703,-48677.890545774586,140351.97796850122,-23147.035497938996,1.951000000000065e-06
1.1627690105935509,0.2876268605194502,-0.021889151063078188,-48215.884117991896,140432.88809177224,-23618.47710848567,1.952000000000065e-06
1.1627212743685948,0.28776738057432716,-0.02191322110679075,-47736.22495594009,140520.05487698576,-24070.04371256329,1.953000000000065e-06
1.1626740346484064,0.28790799390814065,-0.021937722110655256,-47239.72018845656,140613.33381350356,-24501.003864504382,1.954000000000065e-06
1.162627307444187,0.28804870647841213,-0.0219626327700892,-46727.20421935133,140712.57027149008,-24910.659433943445,1.955000000000065e-06
1.1625811079068116,0.2881895240781589,-0.021987931116830606,-46199.53737555339,140817.5997467518,-25298.346741405185,1.9560000000000652e-06
1.1625354503022987,0.2883304523262809,-0.022013594554468705,-45657.60451288757,140928.24812201486,-25663.43763809672,1.9570000000000653e-06
1.162490347988717,0.28847149665822513,-0.02203959989499682,-45102.313581747934,141044.3319442168,-26005.34052811421,1.9580000000000654e-06
1.1624458133945619,0.2886126623169425,-0.022065923396328187,-44534.59415500131,141165.65871736183,-26323.501331368618,1.9590000000000654e-06
1.1624018579986413,0.28875395434415296,-0.02209254080071382,-43955.39592051912,141292.02721046243,-26617.404385632264,1.9600000000000655e-06
1.1623584923115005,0.288895377571933,-0.022119427374000026,-43365.6871407958,141423.22778006413,-26886.573286208077,1.9610000000000656e-06
1.1623157258584182,0.28903693661463986,-0.02214655794566185,-42766.45308216808,141559.04270682664,-27130.57166182584,1.9620000000000657e-06
1.162273567164002,0.2891786358611855,-0.022173906949547326,-42158.69441620147,141699.24654560987,-27349.00388547513,1.9630000000000657e-06
1.1622320237384063,0.289320479467674,-0.022201448465266317,-41543.42559585777,141843.60648849094,-27541.515718991952,1.964000000000066e-06
1.1621911020651972,0.2894624713504141,-0.022229156260156643,-40921.67320910075,141991.88274011694,-27707.79489032585,1.965000000000066e-06
1.1621508075908846,0.28960461517931885,-0.02225700383175917,-40294.47431263567,142143.82890477683,-27847.571602525673,1.966000000000066e-06
1.162111144716136,0.2897469143717034,-0.022284964450732764,-39662.874748512615,142299.19238455687,-27960.618973595563,1.967000000000066e-06
1.1620721167886898,0.28988937208649135,-0.02231301120413925,-39027.92744635305,142457.71478792507,-28046.753406487507,1.968000000000066e-06
1.1620337260979758,0.29003199121883944,-0.022341117039027865,-38390.69071398375,142619.1323480731,-28105.83488861295,1.969000000000066e-06
1.1619959738714565,0.29017477439518974,-0.022369254806248236,-37752.2265192824,142783.17635032776,-28137.76722037324,1.9700000000000663e-06
1.1619588602726905,0.29031772396875766,-0.022397397304420565,-37113.59876605442,142949.57356792927,-28142.49817232683,1.9710000000000663e-06
1.1619223844011237,0.2904608420154631,-0.022425517323991295,-36475.871566770955,143118.04670545956,-28120.019570730085,1.9720000000000664e-06
1.1618865442936088,0.2906041303303123,-0.022453587691302603,-35840.10751500358,143288.31484919196,-28070.367311307826,1.9730000000000665e-06
1.1618513369276484,0.2907475904242359,-0.022481581312603832,-35207.3659603921,143460.0939236215,-27993.621301229417,1.9740000000000666e-06
1.1618167582263594,0.29089122352138935,-0.02250947121793322,-34578.70128897757,143633.0971534259,-27889.90532938583,1.9750000000000666e-06
1.1617828030651478,0.2910350305569194,-0.0225372306047984,-33955.1612117239,143807.03553009807,-27759.386865182634,1.9760000000000667e-06
1.1617494652800837,0.2911790121752019,-0.022564832881584583,-33337.78506403722,143981.61828248398,-27602.27678618297,1.977000000000067e-06
1.1617167376779647,0.29132316872855235,-0.022592251710619637,-32727.60211907412,144156.5533504531,-27418.829035053066,1.978000000000067e-06
1.161684612048047,0.29146750027641327,-0.022619461050826017,-32125.629917605846,144331.54786092468,-27209.340206380508,1.979000000000067e-06
1.1616530791754298,0.29161200658501873,-0.02264643519989007,-31532.87261717794,144506.30860546898,-26974.149064052253,1.980000000000067e-06
1.1616221288560666,0.29175668712753744,-0.022673148835880064,-30950.31936327164,144680.5425187004,-26713.63598999466,1.981000000000067e-06
1.1615917499133814,0.2919015410846941,-0.022699577058245254,-30378.942685136062,144853.9571566794,-26428.222365191865,1.982000000000067e-06
1.1615619302164626,0.29204656734586865,-0.022725695428129265,-29819.696918918253,145026.2611745395,-26118.36988401122,1.9830000000000672e-06
1.1615326566998019,0.2921917645106712,-0.02275148000793224,-29273.516660671597,145197.16480255846,-25784.57980297482,1.9840000000000673e-06
1.1615039153845501,0.29233713089099106,-0.022776907400057465,-28741.315251772416,145366.3803198945,-25427.392125224782,1.9850000000000674e-06
1.161475691401251,0.2924826645135163,-0.0228019547847795,-28223.983299219355,145533.6225252145,-25047.38472203601,1.9860000000000675e-06
1.1614479690140178,0.2926283631227197,-0.022826599957172334,-27722.387233231013,145698.60920344506,-24645.17239283399,1.9870000000000675e-06
1.1614207316461134,0.2927742241843076,-0.02285082136303761,-27237.36790449382,145861.06158788482,-24221.40586527635,1.9880000000000676e-06
1.16139396190689,0.29292024488912455,-0.022874598133774664,-26769.739223344972,146020.704816925,-23776.77073705533,1.9890000000000677e-06
1.161367641620047,0.29306642215750917,-0.02289791012013584,-26320.28684310416,146177.26838463324,-23311.986361173702,1.9900000000000678e-06
1.1613417518531572,0.29321275264409363,-0.02292073792481238,-25889.76688969307,146330.4865844676,-22827.804676539086,1.991000000000068e-06
1.1613162729484177,0.29335923274303904,-0.02294306293379819,-25478.904739603302,146480.0989453981,-22325.00898581064,1.992000000000068e-06
1.1612911845545695,0.29350585859369877,-0.02296486734648071,-25088.39384819183,146625.8506597264,-21804.412682517806,1.993000000000068e-06
1.1612664656599392,0.2936526260867007,-0.02298613420441026,-24718.894630198065,146767.49300190862,-21266.85792955287,1.994000000000068e-06
1.161242094626545,0.29379953087043836,-0.02300684741870148,-24371.033394288766,146904.78373770026,-20713.214291217548,1.995000000000068e-06
1.1612180492252115,0.29394656835796135,-0.023026991796022557,-24045.40133334614,147037.48752295878,-20144.377321078406,1.9960000000000682e-06
1.1611943066716395,0.2940937337342528,-0.023046553063130512,-23742.55357212079,147165.37629145678,-19561.267107956635,1.9970000000000683e-06
1.1611708436633656,0.29424102196388385,-0.023065517889912956,-23463.008273775165,147288.22963107596,-18964.826782444296,1.9980000000000684e-06
1.1611476364175588,0.2943884277990316,-0.023083873910899357,-23207.245806744486,147405.83514777166,-18356.02098640172,1.9990000000000684e-06
1.1611246607095855,0.29453594578784836,-0.023101609745207308,-22975.70797324142,147517.98881671764,-17735.83430794899,2.0000000000000685e-06
1.1611018919122849,0.29468357028316844,-0.023118715014891825,-22768.79730062802,147624.49532006108,-17105.269684518382,2.0010000000000686e-06
1.161079305035888,0.2948312954515392,-0.02313518036166841,-22586.876396773787,147725.16837074046,-16465.346776584254,2.0020000000000687e-06
1.1610568747685177,0.29497911528256104,-0.023150997461983142,-22430.26737041251,147819.83102184036,-15817.100314731935,2.0030000000000687e-06
1.1610345755172002,0.295127023598522,-0.02316615904040591,-22299.251317402748,147908.3159609814,-15161.57842276781,2.004000000000069e-06
1.1610123814493265,0.2952750140643113,-0.02318065888132552,-22194.067873687884,147990.46578926666,-14499.8409196088,2.005000000000069e-06
1.1609902665344909,0.2954230801975956,-0.02319449183892824,-22114.914835641637,148066.13328433203,-13832.957602720877,2.006000000000069e-06
1.1609682045866425,0.2955712153792427,-0.023207653845444143,-22061.947848373846,148135.1816470716,-13162.006515903064,2.007000000000069e-06
1.16094616930648,0.29571941286397435,-0.02322014191764838,-22035.280162459843,148197.48473163653,-12488.072204235463,2.008000000000069e-06
1.1609241343240206,0.2958676657912327,-0.023231954161607407,-22034.982459444484,148252.92725833217,-11812.243959027363,2.009000000000069e-06
1.1609020732412743,0.29601596719624174,-0.02324308977566302,-22061.082746359458,148301.40500906465,-11135.614055614213,2.0100000000000693e-06
1.1608799596749548,0.29616431002124677,-0.02325354905164988,-22113.566319379966,148342.8250050167,-10459.275986860375,2.0110000000000693e-06
1.1608577672991582,0.29631268712691305,-0.023263333374345108,-22192.375796634267,148377.1056662602,-9784.322695227977,2.0120000000000694e-06
1.1608354698879382,0.2964610913038661,-0.02327244521915138,-22297.411220067388,148404.17695304126,-9111.844806270967,2.0130000000000695e-06
1.160813041357712,0.2966095152843546,-0.02328088814801779,-22428.530226148392,148423.98048850283,-8442.928866407632,2.0140000000000696e-06
1.1607904558094269,0.2967579517540172,-0.023288666803605602,-22585.548285099463,148436.469662639,-7778.655587814358,2.0150000000000696e-06
1.1607676875704187,0.29690639336373453,-0.02329578690170887,-22768.239008214612,148441.60971730464,-7120.098103268436,2.0160000000000697e-06
1.160744711235896,0.29705483274154665,-0.023302255221942618,-22976.33452272633,148439.3778121338,-6468.320233748193,2.01700000000007e-06
1.1607215017099823,0.29720326250461787,-0.023308079596714194,-23209.52591357029,148429.7630712503,-5824.374771574761,2.01800000000007e-06
1.160698034246251,0.2973516752712286,-0.023313268898496046,-23467.46373129113,148412.76661068396,-5189.3017818514345,2.01900000000007e-06
1.1606742844876858,0.29750006367277504,-0.02331783302542097,-23749.75856522691,148388.40154643677,-4564.12692492386,2.02000000000007e-06
1.1606502285060047,0.2976484203657582,-0.02332178288522352,-24055.981681005946,148356.69298317237,-3949.8598025474157,2.02100000000007e-06
1.1606258428402834,0.29779673804374174,-0.023325130377553925,-24385.665721287583,148317.67798353446,-3347.4923304069334,2.02200000000007e-06
1.1606011045348148,0.2979450094492599,-0.023327888374693514,-24738.305468578517,148271.40551812833,-2757.997139588798,2.0230000000000702e-06
1.160575991176146,0.29809322738565613,-0.02333007070070307,-25113.35866885804,148217.93639623123,-2182.3260095561727,2.0240000000000703e-06
1.1605504809292313,0.29824138472883344,-0.023331692109038196,-25510.246914649968,148157.34317732725,-1621.4083351250508,2.0250000000000704e-06
1.1605245525726453,0.298389474438897,-0.023332768258668077,-25928.35658608553,148089.71006359233,-1076.1496298818597,2.0260000000000705e-06
1.160498185532797,0.2985374895716705,-0.0233333156887365,-26367.039848410623,148015.1327734852,-547.4300684227687,2.0270000000000705e-06
1.1604713599170926,0.2986854232900671,-0.02333335179180623,-26825.615704302556,147933.71839662982,-36.10306973060847,2.0280000000000706e-06
1.1604440565459933,0.29883326887529726,-0.02333289478573017,-27303.371099276028,147845.58523020428,457.0060760623519,2.0290000000000707e-06
1.160416256983915,0.29898101973789437,-0.02333196368419482,-27799.562078375333,147750.8625970805,931.1015353485955,2.0300000000000708e-06
1.1603879435689226,0.2991286694285404,-0.023330578265983767,-28313.414992270307,147649.6906459878,1385.4182110536133,2.031000000000071e-06
1.1603590994411719,0.2992762116486744,-0.023328759043010815,-28844.12775079697,147542.22013400204,1819.2229729527392,2.032000000000071e-06
1.16032970857005,0.2994236402608661,-0.023326527227174463,-29390.871121910568,147428.61219169022,2231.8158363514613,2.033000000000071e-06
1.160299755779976,0.29957094929893735,-0.023323904696087194,-29952.790073948614,147309.03807126777,2622.5310872673726,2.034000000000071e-06
1.160269226774817,0.2997181329778155,-0.023320913957734855,-30529.005159035158,147183.67887815347,2990.7383523378794,2.035000000000071e-06
1.1602381081608815,0.29986518570310183,-0.023317578114123088,-31118.613935394107,147052.72528633283,3335.8436117663678,2.0360000000000712e-06
1.1602063874684552,0.3000121020803398,-0.023313920823969377,-31720.692426280137,146916.37723796774,3657.2901537105413,2.0370000000000713e-06
1.160174053171842,0.30015887692396753,-0.023309966264500766,-32334.29661317961,146774.84362771464,3954.559468609965,2.0380000000000714e-06
1.1601410947078812,0.3003055052659398,-0.02330573909241872,-32958.46396088185,146628.34197223934,4227.17208204534,2.0390000000000714e-06
1.1601075024929093,0.3004519823640052,-0.023301264404093903,-33592.21497197256,146477.09806543973,4474.688324819573,2.0400000000000715e-06
1.160073267938141,0.30059830370962515,-0.02329656769505485,-34234.55476825666,146321.3456199118,4696.709039050071,2.0410000000000716e-06
1.1600383834634442,0.3007444650355204,-0.02329167481883569,-34884.47469657707,146161.32589521678,4892.876219162856,2.0420000000000717e-06
1.1600028425094877,0.3008904623228339,-0.023286611945248906,-35540.95395645901,145997.28731352877,5062.873586781769,2.0430000000000717e-06
1.1599666395482406,0.30103629180789715,-0.023281405518150295,-36202.96124697688,145829.48506326383,5206.427098610206,2.044000000000072e-06
1.1599297700918105,0.30118194998858844,-0.023276082212763786,-36869.45643021167,145658.1806913111,5323.305386508238,2.045000000000072e-06
1.1598922306996018,0.3013274336302729,-0.02327066889263471,-37539.39220864219,145483.64168450635,5413.320129074524,2.046000000000072e-06
1.159854018983788,0.30147273977131395,-0.02326519256628056,-38211.715813792805,145306.141041006,5476.326354149964,2.047000000000072e-06
1.1598151336130846,0.3016178657281462,-0.023259680343608792,-38885.370703443645,145125.95683223783,5512.222671768403,2.048000000000072e-06
1.15977557431482,0.30176280909990233,-0.023254159392171604,-39559.29826469673,144943.37175612038,5520.951437188702,2.049000000000072e-06
1.1597353418752998,0.3019075677725846,-0.023248656893327852,-40232.43952018331,144758.67268225848,5502.498843752057,2.0500000000000723e-06
1.159694438138465,0.3020521399227744,-0.023243199998382435,-40903.73683469324,144572.15018983695,5456.894945418358,2.0510000000000724e-06
1.1596528660028456,0.3021965240208734,-0.023237815784773488,-41572.13561950721,144384.0980989475,5384.213608945462,2.0520000000000724e-06
1.1596106294168138,0.3023407188338695,-0.023232531212377703,-42236.58603171674,144194.8129960958,5284.572395785453,2.0530000000000725e-06
1.159567733372148,0.3024847234276241,-0.023227373080003822,-42896.04466582492,144004.59375464733,5158.132373881999,2.0540000000000726e-06
1.159524183895913,0.3026285371686751,-0.02322236798214416,-43549.476234933136,143813.74105097936,5005.0978596627265,2.0550000000000727e-06
1.159479988040674,0.3027721597255522,-0.023217542266053527,-44195.85523883548,143622.55687711624,4825.7160906299305,2.0560000000000727e-06
1.1594351538730576,0.30291559106960286,-0.023212921989224464,-44834.167616362814,143431.34405063168,4620.276829061744,2.057000000000073e-06
1.1593896904606782,0.3030588314753255,-0.02320853287732702,-45463.412379343106,143240.4057226084,4389.111897444001,2.058000000000073e-06
1.1593436078574526,0.30320188152020994,-0.02320440028268066,-46082.60322557294,143050.04488445033,4132.594646360255,2.059000000000073e-06
1.1592969170873244,0.3033447420840843,-0.023200549143324988,-46690.77012822772,142860.56387434617,3851.1393556735966,2.060000000000073e-06
1.1592496301264252,0.3034874143479685,-0.02319700394275505,-47286.96089917442,142672.26388418605,3545.2005699389547,2.061000000000073e-06
1.1592017598837014,0.3036298997924362,-0.02319378867038596,-47870.24272369084,142485.44446773315,3215.272369088218,2.062000000000073e-06
1.1591533201800372,0.30377220019548706,-0.023190926782810425,-48439.703664139764,142300.40305085332,2861.8875755327454,2.0630000000000733e-06
1.159104325725907,0.30391431762993165,-0.023188441165911497,-48994.45413019388,142117.4344446031,2485.6168989283806,2.0640000000000733e-06
1.1590547920975938,0.3040562544602936,-0.02318635409789155,-49533.62831325928,141936.83036197463,2087.0680199468948,2.0650000000000734e-06
1.159004735712011,0.3041980133392327,-0.023184687213277055,-50056.38558280025,141758.87893909134,1666.8846144946233,2.0660000000000735e-06
1.1589541738001687,0.30433959720349435,-0.02318346146795714,-50561.91184232718,141583.8642616432,1225.7453199138768,2.0670000000000736e-06
1.158903124379326,0.3044810092693917,-0.023182697105312344,-51049.42084287147,141412.06589734345,764.3626447952611,2.0680000000000736e-06
1.158851606223874,0.30462225302782686,-0.023182413623488225,-51518.15545183715,141243.75843518076,283.48182411927974,2.0690000000000737e-06
1.1587996388349988,0.3047633322388591,-0.023182629743866694,-51967.38887518802,141079.21103223166,-216.1203784667057,2.0700000000000738e-06
1.1587472424091678,0.3049042509258279,-0.02318336338078604,-52396.42583100127,140918.6869687868,-733.6369193449659,2.071000000000074e-06
1.1586944378054953,0.30504501336904044,-0.023184631612558664,-52804.6036724941,140762.4432125334,-1268.23177262387,2.072000000000074e-06
1.1586412465120366,0.30518562409903294,-0.023186450653833447,-53191.29345870835,140610.7299925229,-1819.0412747813843,2.073000000000074e-06
1.1585876906110655,0.30532608788941656,-0.02318883582934757,-53555.90097111938,140463.79038363742,-2385.175514126324,2.074000000000074e-06
1.158533792743391,0.3054664097493188,-0.023191801549110446,-53897.86767451995,140321.8599022547,-2965.7197628747986,2.075000000000074e-06
1.1584795760717703,0.30560659491543263,-0.023195361285060015,-54216.67162061664,140185.16611379228,-3559.7359495693736,2.0760000000000742e-06
1.1584250642434775,0.3057466488436854,-0.023199527549229517,-54511.82829286591,140053.9282527948,-4166.264169501891,2.0770000000000743e-06
1.1583702813520862,0.30588657720054163,-0.023204311873460254,-54782.891391169,139928.35685620882,-4784.32423073787,2.0780000000000744e-06
1.1583152518985311,0.3060263858539521,-0.023209724790693536,-55029.4535551392,139808.6534104681,-5412.917233280986,2.0790000000000745e-06
1.1582600007515065,0.3061660808639651,-0.023215775817872396,-55251.14702475148,139695.01001299208,-6051.027178860461,2.0800000000000745e-06
1.158204553107269,0.30630566847301377,-0.02322247344048117,-55447.6442372834,139587.60904867624,-6697.622608772348,2.0810000000000746e-06
1.1581489344489095,0.3064451550958957,-0.023229825098748328,-55618.658359556386,139486.62288193032,-7351.658267157781,2.0820000000000747e-06
1.158093170505155,0.3065845473094605,-0.023237837175535386,-55763.943754589185,139392.21356479448,-8012.076787057429,2.0830000000000748e-06
1.158037287208773,0.3067238518420221,-0.023246514985931926,-55883.296381879,139304.5325616389,-8677.810396541594,2.084000000000075e-06
1.1579813106546424,0.306863075562513,-0.023255862768574106,-55976.55413063151,139223.72049092426,-9347.782642179856,2.085000000000075e-06
1.157925267057557,0.3070022254693975,-0.02326588367870119,-56043.597085367524,139149.90688447433,-10020.910127082907,2.086000000000075e-06
1.1578691827098335,0.3071413086793622,-0.023276579782961913,-56084.34772344209,139083.2099646818,-10696.104260722277,2.087000000000075e-06
1.1578130839387895,0.3072803324158022,-0.023287952055979624,-56098.77104412086,139023.73644004075,-11372.273017711152,2.088000000000075e-06
1.1577569970641606,0.3074193039971216,-0.023300000378682337,-56086.874628968035,138971.58131936804,-12048.322702711434,2.089000000000075e-06
1.1577009483555272,0.3075582308248666,-0.023312723538400956,-56048.70863341087,138926.82774504536,-12723.159718618712,2.0900000000000753e-06
1.1576449639898176,0.3076971203717122,-0.023326119230736124,-55984.36570945645,138889.54684558278,-13395.692335167847,2.0910000000000754e-06
1.157589070008958,0.30783598016931996,-0.023340184063191223,-55893.98085964771,138859.7976077718,-14064.832455097529,2.0920000000000754e-06
1.1575332922777355,0.3079748177960886,-0.023354913560566237,-55777.73122245689,138837.62676866393,-14729.497375012515,2.0930000000000755e-06
1.157477656441946,0.3081136408648162,-0.023370302172104323,-55635.83578942602,138823.068727578,-15388.611538087183,2.0940000000000756e-06
1.1574221878868916,0.30825245701029447,-0.023386343280380088,-55468.55505447489,138816.14547830482,-16041.108275763676,2.0950000000000757e-06
1.1573669116962957,0.3083912738768561,-0.0234030292119157,-55276.190595907705,138816.86656164558,-16685.93153561227,2.0960000000000757e-06
1.1573118526117039,0.3085300991058945,-0.02342035124950824,-55059.084591759485,138825.229038385,-17322.037592540586,2.097000000000076e-06
1.1572570349924347,0.30866894032337727,-0.0234382996462488,-54817.61926923258,138841.21748276634,-17948.39674056192,2.098000000000076e-06
1.1572024827761456,0.30880780512737377,-0.023456863641211162,-54552.216289081836,138864.80399650097,-18563.99496236136,2.099000000000076e-06
1.1571482194400797,0.30894670107561706,-0.023476031476785092,-54263.33606591405,138895.94824331047,-19167.83557393131,2.100000000000076e-06
1.1570942679630543,0.30908563567312103,-0.02349579041762668,-53951.477025472996,138934.5975039643,-19758.940841585485,2.101000000000076e-06
1.1570406507882542,0.30922461635987275,-0.02351612677119538,-53617.174800085624,138980.68675174168,-20336.353568702823,2.102000000000076e-06
1.1569873897868908,0.30936365049862097,-0.02353702590984498,-53261.00136354737,139034.13874821182,-20899.138649599052,2.1030000000000763e-06
1.1569345062227838,0.30950274536278016,-0.023558472294432954,-52883.564106825186,139094.86415919158,-21446.384587974942,2.1040000000000763e-06
1.1568820207179278,0.30964190812447084,-0.0235804494994104,-52485.50485605533,139162.76169070628,-21977.204977445617,2.1050000000000764e-06
1.1568299532190933,0.3097811458427156,-0.023602940239352114,-52067.498834409285,139237.7182447447,-22490.73994171499,2.1060000000000765e-06
1.1567783229655237,0.3099204654518102,-0.02362592639688414,-51630.2535694949,139319.60909456588,-22986.157532023357,2.1070000000000766e-06
1.1567271484577757,0.31005987374988947,-0.023649389051963704,-51174.50774805112,139408.29807928234,-23462.655079564225,2.1080000000000766e-06
1.156676447427756,0.31019937738770686,-0.023673308512464342,-50701.03001978319,139503.63781741113,-23919.460500638455,2.1090000000000767e-06
1.1566262368100038,0.31033898285764594,-0.023697664346016733,-50210.61775227054,139605.4699390523,-24355.8335523898,2.1100000000000768e-06
1.1565765327142647,0.31047869648298226,-0.02372243541305378,-49704.09573896218,139713.62533632235,-24771.067037045577,2.111000000000077e-06
1.1565273503994025,0.3106185244074139,-0.023747599901006448,-49182.31486235356,139827.92443163932,-25164.487952669682,2.112000000000077e-06
1.156478704248688,0.3107584725848773,-0.02377313535959497,-48646.15071451453,139948.17746342608,-25535.458588521906,2.113000000000077e-06
1.1564306077465107,0.3108985467696661,-0.023799018737158176,-48096.50217721046,140074.18478876824,-25883.377563207923,2.114000000000077e-06
1.1563830734565468,0.31103875250686863,-0.023825226417962073,-47534.28996392695,140205.73720253498,-26207.68080389766,2.115000000000077e-06
1.1563361130014207,0.31117909512314107,-0.023851734260427058,-46960.455126173474,140342.61627244265,-26507.842464986403,2.1160000000000772e-06
1.1562897370438943,0.3113195797178306,-0.02387851763621173,-46375.95752650194,140484.59468951423,-26783.375784672364,2.1170000000000773e-06
1.1562439552696135,0.31146021115446393,-0.02390555147008976,-45781.77428073314,140631.43663336174,-27033.833878026675,2.1180000000000774e-06
1.1561987763714416,0.3116009940526156,-0.023932810280554995,-45178.898171936366,140782.8981516935,-27258.81046523639,2.1190000000000775e-06
1.1561542080354028,0.31174193278016904,-0.023960268221088803,-44568.33603875604,140938.72755342425,-27457.940533808294,2.1200000000000775e-06
1.1561102569282622,0.3118830314459838,-0.023987899122022434,-43951.10714072299,141098.66581474314,-27630.900933630473,2.1210000000000776e-06
1.1560669286867589,0.31202429389298125,-0.024015676532926335,-43328.241503227546,141262.44699747302,-27777.410903899938,2.1220000000000777e-06
1.156024227908514,0.3121657236916603,-0.024043573765457373,-42700.77824486665,141429.7986790334,-27897.232531037596,2.1230000000000778e-06
1.1559821581446241,0.3123073241340536,-0.0240715639365942,-42069.7638899074,141600.4423933011,-27990.171136826517,2.124000000000078e-06
1.1559407218939555,0.31244909822813527,-0.024099620012190324,-41436.25066863531,141774.09408164275,-28056.07559612548,2.125000000000078e-06
1.1558999205991471,0.31259104869268867,-0.02412771485077395,-40801.29480837629,141950.46455337823,-28094.83858362695,2.126000000000078e-06
1.1558597546443292,0.3127331779526436,-0.024155821247523197,-40165.954817997896,142129.25995491727,-28106.39674924686,2.127000000000078e-06
1.1558202233545605,0.3128754881348904,-0.02418391197834505,-39531.28976870644,142310.1822467977,-28090.730821852336,2.128000000000078e-06
1.1557813249969866,0.31301798106457823,-0.024211959843986202,-38898.3575739634,142492.92968784054,-28047.865641153236,2.129000000000078e-06
1.1557430567837153,0.31316065826190387,-0.024239937714103904,-38268.213271346285,142677.1973256262,-27977.870117702787,2.1300000000000783e-06
1.155705414876406,0.31330352093939634,-0.024267818571224977,-37641.90730917581,142862.67749248477,-27880.857121072768,2.1310000000000784e-06
1.1556683943925654,0.31344656999970255,-0.024295575554521366,-37020.483840723646,143049.06030618557,-27756.983296388324,2.1320000000000784e-06
1.1556319894135365,0.31358980603387704,-0.024323182003330893,-36404.97902880193,143236.03417450318,-27606.448809526886,2.1330000000000785e-06
1.155596192994173,0.3137332293201799,-0.0243506115003523,-35796.41936351836,143423.2863028311,-27429.49702140466,2.1340000000000786e-06
1.155560997174177,0.3138768398233839,-0.02437783791444419,-35195.81999595834,143610.50320400976,-27226.414091892137,2.1350000000000787e-06
1.1555263929910864,0.3140206371945934,-0.024404835442958208,-34604.183090528466,143797.37120953214,-26997.52851401737,2.1360000000000787e-06
1.1554923704948876,0.3141646207715747,-0.02443157865353744,-34022.49619866407,143983.5769812889,-26743.21057923152,2.137000000000079e-06
1.155458918764231,0.31430878957959774,-0.024458042525312064,-33451.730656567146,144168.80802301384,-26463.871774625924,2.138000000000079e-06
1.1554260259242215,0.3144531423327883,-0.024484202489425167,-32892.84000959998,144352.75319059216,-26159.964113102764,2.139000000000079e-06
1.1553936791657555,0.3145976774359887,-0.02451003446882278,-32346.758465914612,144535.10320039585,-25831.979397612595,2.140000000000079e-06
1.1553618647663737,0.31474239298712353,-0.02453551491724346,-31814.39938184836,144715.55113481492,-25480.448420681216,2.141000000000079e-06
1.155330568112592,0.31488728678006767,-0.024560620857344014,-31296.653781561803,144893.79294415744,-25105.94010055519,2.142000000000079e-06
1.1552997737236788,0.31503235630801174,-0.024585329917899412,-30794.388913337156,145069.5279440989,-24709.06055540006,2.1430000000000793e-06
1.1552694652768338,0.3151775987673196,-0.0246096203700165,-30308.446844892962,145242.45930786827,-24290.45211708717,2.1440000000000793e-06
1.1552396256337338,0.315323011061872,-0.024633471162302703,-29839.643100004603,145412.29455236808,-23850.792286204396,2.1450000000000794e-06
1.1552102368683952,0.31546858980788944,-0.024656861954932725,-29388.765338650213,145578.7460174356,-23390.792630022406,2.1460000000000795e-06
1.1551812802963124,0.3156143313392269,-0.02467977315255797,-28956.572082827734,145741.5313374644,-22911.197625241348,2.1470000000000796e-06
1.1551527365048222,0.3157602317131315,-0.0247021859360054,-28543.791490111693,145900.3739046185,-22412.78344743296,2.1480000000000796e-06
1.1551245853846452,0.3159062867164544,-0.02472408229271458,-28151.12017693745,146055.00332288505,-21896.356709179774,2.1490000000000797e-06
1.1550968061625517,0.3160524918723066,-0.024745445045863575,-27779.222093516866,146205.15585222738,-21362.753148996166,2.15000000000008e-06
1.1550693774350995,0.31619884244714874,-0.02476625788213677,-27428.72745220219,146350.5748421165,-20812.83627319561,2.15100000000008e-06
1.1550422772033886,0.31634533345830246,-0.024786505378089713,-27100.231711025095,146491.01115373682,-20247.49595294413,2.15200000000008e-06
1.1550154829087746,0.31649195968187266,-0.024806173025068524,-26794.294614045004,146626.2235701806,-19667.646978811692,2.15300000000008e-06
1.1549889714694845,0.3166387156610666,-0.024825247252643727,-26511.43929004557,146755.97919396553,-19074.227575201196,2.15400000000008e-06
1.1549627193180736,0.31678559571489784,-0.024843715450520824,-26252.15141102044,146880.05383123056,-18468.197877098217,2.15500000000008e-06
1.1549367024396617,0.3169325939472598,-0.02486156598889247,-26016.878411789443,146998.23236198662,-17850.53837164419,2.1560000000000802e-06
1.1549108964108898,0.3170797042563556,-0.02487878823719956,-25806.028771984373,147110.30909582242,-17222.24830709084,2.1570000000000803e-06
1.1548852764395283,0.3172269203444681,-0.024895372581271304,-25619.97136153958,147216.08811248816,-16584.34407174436,2.1580000000000804e-06
1.1548598174046776,0.3173742357280549,-0.024911310438816857,-25459.034850717107,147315.38358680528,-15937.857545554227,2.1590000000000805e-06
1.154834493897492,0.3175216437481523,-0.0249265942732439,-25323.507185588947,147408.0200973751,-15283.834427043252,2.1600000000000805e-06
1.1548092802623622,0.31766913758107085,-0.02494121760578221,-25213.635129790702,147493.83291858577,-14623.332538312745,2.1610000000000806e-06
1.1547841506384888,0.3178167102493663,-0.0249551750258931,-25129.62387325142,147572.66829544367,-13957.420110889287,2.1620000000000807e-06
1.1547590790017803,0.3179643546330671,-0.024968462199948308,-25071.636708493996,147644.38370078255,-13287.17405520756,2.1630000000000808e-06
1.1547340392070053,0.3181120634811415,-0.024981075878164855,-25039.79477498934,147708.8480744326,-12613.67821654707,2.164000000000081e-06
1.1547090050301334,0.3182598294231855,-0.024993013899785116,-25034.17687193596,147765.94204395966,-11938.021620259156,2.165000000000081e-06
1.1546839502107937,0.3184076449813121,-0.02500427519649425,-25054.81933972446,147815.55812661463,-11261.296709134733,2.166000000000081e-06
1.1546588484947835,0.31855550258222426,-0.025014859794070022,-25101.716010234373,147857.60091216306,-10584.597575772359,2.167000000000081e-06
1.1546336736765574,0.31870339456945057,-0.025024768812262833,-25174.818225998526,147891.98722629453,-9909.018192810925,2.168000000000081e-06
1.1546083996416292,0.3188513132157249,-0.025034004462906725,-25274.03492815827,147918.64627434305,-9235.650643891053,2.1690000000000812e-06
1.1545830004088162,0.31899925073549,-0.02504257004626493,-25399.232813021346,147937.51976508048,-8565.58335820466,2.1700000000000813e-06
1.1545574501722593,0.3191471992975044,-0.025050469945616414,-25550.23655692314,147948.56201437613,-7899.899351482736,2.1710000000000814e-06
1.1545317233431502,0.319295151037533,-0.025057709620092673,-25726.829108982016,147951.740028548,-7239.67447625749,2.1720000000000814e-06
1.154505794591099,0.3194430980711002,-0.02506429559577689,-25928.75205123003,147947.0335672626,-6585.975684216554,2.1730000000000815e-06
1.1544796388850735,0.31959103250628607,-0.025070235455080334,-26155.706025492284,147934.43518587315,-5939.85930344405,2.1740000000000816e-06
1.1544532315338472,0.31973894645654316,-0.02507553782441365,-26407.351226281204,147913.95025711713,-5302.369333315907,2.1750000000000817e-06
1.1544265482258882,0.3198868320535153,-0.025080212360173437,-26683.30795886668,147885.5969721283,-4674.535759785206,2.1760000000000817e-06
1.1543995650686265,0.32003468145983605,-0.025084269733067193,-26983.157261579174,147849.40632074882,-4057.3728937572773,2.177000000000082e-06
1.1543722586270353,0.3201824868818872,-0.025087721610802406,-27306.441591300765,147805.4220511616,-3451.8777352141506,2.178000000000082e-06
1.1543446059614644,0.3203302405824961,-0.02509058063916811,-27652.665570999092,147753.70060889362,-2859.028365703621,2.179000000000082e-06
1.1543165846646664,0.32047793489355136,-0.025092860421539867,-28021.29679806093,147694.31105527518,-2279.7823717598894,2.180000000000082e-06
1.1542881728979544,0.32062556222851685,-0.025094575496841638,-28411.766712086355,147627.33496547048,-1715.0753017704496,2.181000000000082e-06
1.1542593494264337,0.3207731150948231,-0.025095741316000387,-28823.471520710955,147552.86630622885,-1165.8191587478136,2.182000000000082e-06
1.1542300936532517,0.3209205861061166,-0.025096374216931793,-29255.77318193236,147471.0112935364,-632.9009314047996,2.1830000000000823e-06
1.1542003856528105,0.321067967994347,-0.02509649139809766,-29708.000441329124,147381.8882303804,-117.18116586867927,2.1840000000000823e-06
1.154170206202888,0.32121525362167186,-0.025096110890677963,-30179.449922474163,147285.62732486974,380.50741969753017,2.1850000000000824e-06
1.1541395368156193,0.32136243599216086,-0.025095251529402594,-30669.38726876213,147182.3704889858,859.3612753686832,2.1860000000000825e-06
1.1541083597672845,0.3215095082632791,-0.02509393292209009,-31177.048334790317,147072.27111826878,1318.6073125017538,2.1870000000000826e-06
1.1540766581268591,0.3216564637571319,-0.025092175417942588,-31701.640425355774,146955.49385277485,1757.5041475032258,2.1880000000000826e-06
1.154044415783279,0.3218032959714516,-0.025090000074648237,-32242.343580057775,146832.214319669,2175.3432943519656,2.1890000000000827e-06
1.1540116174713775,0.3219499985903094,-0.025087428624344245,-32798.311901424415,146702.61885784782,2571.4503039926294,2.190000000000083e-06
1.1539782487964532,0.3220965654945344,-0.025084483438495446,-33368.67492441512,146566.90422501502,2945.1858488001635,2.191000000000083e-06
1.153944296257428,0.32224299077182206,-0.025081187491745042,-33952.539025087404,146425.27728766098,3295.946750404023,2.192000000000083e-06
1.1539097472685618,0.32238926872651646,-0.02507756432479579,-34548.98886615612,146277.95469442435,3623.166949251384,2.193000000000083e-06
1.1538745901796847,0.3225353938890498,-0.025073638006381408,-35157.08887711717,146125.16253334112,3926.3184143815215,2.194000000000083e-06
1.153838814294918,0.3226813610250233,-0.02506943309438943,-35775.88476655495,145967.1359735125,4204.911991978726,2.195000000000083e-06
1.1538024098898538,0.3228271651439151,-0.02506497459619806,-36404.40506420381,145804.11889174778,4458.4981913683105,2.1960000000000832e-06
1.1537653682271636,0.3229728015073998,-0.02506028792829084,-37041.66269028875,145636.36348476398,4686.667907219414,2.1970000000000833e-06
1.153727681570614,0.32311826563726737,-0.025055398875214022,-37686.65654962917,145464.12986754611,4889.053076819217,2.1980000000000834e-06
1.153689343197466,0.3232635533229259,-0.025050333547942637,-38338.373147952436,145287.68565849654,5065.327271385691,2.1990000000000835e-06
1.153650347409238,0.3234086606284779,-0.025045118341722145,-38995.788227830184,145107.30555202233,5215.206220490025,2.2000000000000835e-06
1.1536106895408165,0.3235535838993571,-0.02503977989345338,-39657.86842162129,144923.2708792314,5338.448268765149,2.2010000000000836e-06
1.1535703659678977,0.32369831976851454,-0.025034345038689197,-40323.57291877981,144735.86915742783,5434.8547641833275,2.2020000000000837e-06
1.1535293741127528,0.32384286516214367,-0.025028840768311904,-40991.855144864865,144545.3936291159,5504.270377293221,2.2030000000000838e-06
1.1534877124483032,0.3239872173049349,-0.02502329418496099,-41661.66444957236,144352.14279124013,5546.583350915244,2.204000000000084e-06
1.153445380500502,0.3241313737248503,-0.025017732459281086,-42331.94780109515,144156.41991540598,5561.725679903076,2.205000000000084e-06
1.153402378849018,0.3242753322574101,-0.025012182786060398,-43001.65148410915,143958.5325598409,5549.673220688824,2.206000000000084e-06
1.1533587091262194,0.32441909104948397,-0.02500667234032996,-43669.722798678165,143758.79207387104,5510.445730439384,2.207000000000084e-06
1.153314374014462,0.32456264856257966,-0.025001228233494197,-44335.11175736917,143557.5130957011,5444.106835761766,2.208000000000084e-06
1.1532693772416842,0.32470600357562396,-0.02499587746956319,-44996.772777873266,143355.01304429886,5350.763931005557,2.2090000000000842e-06
1.1532237235753158,0.3248491551872302,-0.02499064690155687,-45653.6663684348,143151.611606195,5230.568006320962,2.2100000000000843e-06
1.1531774188145123,0.32499210281744817,-0.02498556318815113,-46304.760803402794,142947.63021802055,5083.713405740924,2.2110000000000844e-06
1.153130469780726,0.3251348462089938,-0.024980652750635463,-46949.03378623421,142743.3915456116,4910.437515665547,2.2120000000000844e-06
1.1530828843066288,0.3252773854279543,-0.024975941730251226,-47585.47409729854,142539.2189605185,4711.020384236173,2.2130000000000845e-06
1.153034671223405,0.3254197208639691,-0.02497145594597903,-48213.08322385645,142335.43601476346,4485.784272194951,2.2140000000000846e-06
1.1529858403464353,0.3255618532298838,-0.024967220852843097,-48830.876969613426,142132.36591469395,4235.093135933363,2.2150000000000847e-06
1.152936402459394,0.3257037835608786,-0.024963261500799555,-49437.88704128048,141930.3309947839,3959.3520435398223,2.2160000000000847e-06
1.1528863692967843,0.3258455132130708,-0.024959602494274792,-50033.16260960992,141729.65219223566,3659.006524761928,2.217000000000085e-06
1.1528357535249418,0.32598704386159405,-0.024956267952418888,-50615.77184241341,141530.6485232368,3334.541855903162,2.218000000000085e-06
1.1527845687215348,0.32612837749815576,-0.02495328147013811,-51184.803407112966,141333.63656172517,2986.4822807765568,2.219000000000085e-06
1.1527328293535943,0.3262695164280773,-0.02495066607996917,-51739.36794042244,141138.92992151322,2615.390168939005,2.220000000000085e-06
1.1526805507541116,0.3264104632668199,-0.02494844421485664,-52278.59948280776,140946.83874261923,2221.8651125292545,2.221000000000085e-06
1.152627749097236,0.32655122093600253,-0.02494663767189351,-52801.656875428824,140757.6691826483,1806.5429631301547,2.222000000000085e-06
1.1525744413721188,0.32669179265891657,-0.02494526757708334,-53307.72511732356,140571.72291405915,1370.0948101711565,2.2230000000000853e-06
1.1525206453554382,0.3268321819555447,-0.02494435435118086,-53796.01668065634,140389.2966281461,913.2259024803295,2.2240000000000853e-06
1.1524663795826562,0.32697239263709127,-0.024943917676666174,-54265.77278191773,140210.6815465552,436.6745146861231,2.2250000000000854e-06
1.1524116633180492,0.32711242880003244,-0.024943976465905918,-54716.26460703075,140036.16294114423,-58.78923974245777,2.2260000000000855e-06
1.1523565165235607,0.3272522948196954,-0.02494454883055286,-55146.79448839032,139866.01966298386,-572.3646469427181,2.2270000000000856e-06
1.1523009598265288,0.3273919953433767,-0.024945652052233494,-55556.697031936994,139700.52368128387,-1103.221680634515,2.2280000000000856e-06
1.1522450144863363,0.3275315352830097,-0.02494730255457108,-55945.34019244393,139539.93963301455,-1650.502337587973,2.2290000000000857e-06
1.152188702360041,0.3276709198073937,-0.02494951587658955,-56312.12629527644,139384.52438397676,-2213.322018467524,2.230000000000086e-06
1.152132045867038,0.3278101543339958,-0.024952306647541413,-56656.49300296695,139234.5266020573,-2790.770951863024,2.231000000000086e-06
1.1520750679528131,0.3279492445203392,-0.02495568856320066,-56977.914225034365,139090.1863433879,-3381.915659247866,2.232000000000086e-06
1.1520177920518435,0.3280881962549913,-0.024959674363659198,-57275.90096956546,138951.73465210598,-3985.800458536511,2.233000000000086e-06
1.1519602420497084,0.3282270156481657,-0.02496427581266305,-57550.002135167204,138819.39317439488,-4601.449003849911,2.234000000000086e-06
1.1519024422444664,0.32836570902195317,-0.024969503678522086,-57799.80524199248,138693.37378745846,-5227.865859036931,2.235000000000086e-06
1.1518444173073656,0.32850428290019723,-0.02497536771662453,-58024.93710063743,138573.87824406222,-5864.038102443234,2.2360000000000862e-06
1.1517861922429478,0.3286427439980305,-0.024981876653584895,-58225.06441780649,138461.097833248,-6508.936960366238,2.2370000000000863e-06
1.15172779234861,0.32878109921108833,-0.02498903817305148,-58399.894337741054,138355.21305780424,-7161.519466585917,2.2380000000000864e-06
1.1516692431736915,0.3289193556044174,-0.0249968589031968,-58549.17491850919,138256.39332904635,-7820.730145316253,2.2390000000000865e-06
1.1516105704781492,0.3290575204010968,-0.02500534440591168,-58672.6955423573,138164.79667943495,-8485.502714881437,2.2400000000000866e-06
1.1515518001908898,0.32919560097059036,-0.025014499167721065,-58770.287259429075,138080.56949353026,-9154.761809384294,2.2410000000000866e-06
1.1514929583678255,0.3293336048168481,-0.02502432659243667,-58841.82306426341,138003.84625775146,-9827.424715602087,2.2420000000000867e-06
1.1514340711497209,0.3294715395661775,-0.025034828995558984,-58887.21810459016,137934.7493293796,-10502.403122316895,2.2430000000000868e-06
1.1513751647198989,0.3296094129549027,-0.02504600760043825,-58906.42982205085,137873.38872521085,-11178.604879264198,2.244000000000087e-06
1.1513162652618742,0.32974723281683294,-0.025057862536201115,-58899.45802458057,137819.86193023503,-11854.93576286417,2.245000000000087e-06
1.1512573989169839,0.3298850070705596,-0.025070392837447,-58866.34489029725,137774.25372668126,-12530.301245885654,2.246000000000087e-06
1.151198591742081,0.33002274370660334,-0.025083596445715183,-58807.17490285465,137736.6360437391,-13203.608268182747,2.247000000000087e-06
1.1511398696673627,0.33016045077443157,-0.02509747021272082,-58722.07471832612,137707.06782822945,-13873.767005638554,2.248000000000087e-06
1.151081258454399,0.33029813636936806,-0.02511200990535527,-58611.21296379714,137685.5949364644,-14539.692634449899,2.2490000000000872e-06
1.1510227836544311,0.33043580861941557,-0.02512721021244316,-58474.79996795507,137672.2500475004,-15200.307087890684,2.2500000000000873e-06
1.150964470567007,0.3305734756720135,-0.02514306475324586,-58313.08742407563,137667.0525979533,-15854.540802700212,2.2510000000000874e-06
1.150906344199021,0.330711145680752,-0.025159566087698117,-58126.3679859153,137670.0087385076,-16501.334452256033,2.2520000000000875e-06
1.1508484292242238,0.33084882679206423,-0.025176705728361826,-57914.97479712885,137681.11131221624,-17139.64066370887,2.2530000000000875e-06
1.1507907499432688,0.3309865271319189,-0.025194474154078106,-57679.280954939946,137700.33985465017,-17768.425716279842,2.2540000000000876e-06
1.1507333302443599,0.3311242547925348,-0.025212860825296054,-57419.69890890055,137727.660615921,-18386.671217947525,2.2550000000000877e-06
1.1506761935645642,0.3312620178191394,-0.025231854201053838,-57136.679795681965,137763.02660456224,-18993.375757784375,2.2560000000000878e-06
1.1506193628518533,0.3313998241967926,-0.025251441757585077,-56830.71271094553,137806.37765321863,-19587.556531238617,2.257000000000088e-06
1.1505628605279339,0.33153768183729865,-0.025271610008520778,-56502.32391944532,137857.64050605526,-20168.250935698878,2.258000000000088e-06
1.1505067084519294,0.3316755985662264,-0.025292344526654503,-56152.07600461712,137916.72892776266,-20734.51813372451,2.259000000000088e-06
1.1504509278849704,0.3318135821100604,-0.02531362996723588,-55780.56695900895,137983.54383399602,-21285.440581374707,2.260000000000088e-06
1.1503955394557535,0.3319516400835035,-0.025335450092755004,-55388.429217006305,138057.9734430517,-21820.125519124067,2.261000000000088e-06
1.150340563127122,0.33208977997695205,-0.025357787799177915,-54976.32863140193,138139.89344854714,-22337.706422911062,2.262000000000088e-06
1.1502860181637264,0.3322280091441649,-0.025380625143590844,-54544.9633954536,138229.16721283502,-22837.34441292908,2.2630000000000883e-06
1.1502319231008142,0.33236633479014577,-0.02540394337320868,-54095.06291216464,138325.64598084768,-23318.22961783685,2.2640000000000884e-06
1.1501782957142017,0.3325047639592598,-0.025427722955700817,-53627.38661261065,138429.16911403206,-23779.582492136342,2.2650000000000884e-06
1.1501251529918102,0.3326433035237445,-0.025451943610712496,-53142.72239164448,138539.56448469855,-24220.655011677132,2.2660000000000885e-06
1.1500725111075,0.33278196017291745,-0.025476584342365903,-52641.88431011335,138656.6491729318,-24640.731653406277,2.2670000000000886e-06
1.1500203853932032,0.3329207404014079,-0.025501623473524696,-52125.71429682985,138780.2284904373,-25039.131158794473,2.2680000000000887e-06
1.1499687903140863,0.33305965049839903,-0.02552703868087853,-51595.079116873036,138910.0969911309,-25415.207353831298,2.2690000000000887e-06
1.1499177394451208,0.3331986965371983,-0.025552807031079993,-51050.868965435395,139046.03879927206,-25768.35020146419,2.270000000000089e-06
1.1498672454490975,0.33333788436515327,-0.025578905017875395,-50493.99602333342,139187.82795497088,-26097.98679540321,2.271000000000089e-06
1.149817320056121,0.3334772195939298,-0.025605308600169036,-49925.39297653545,139335.22877650667,-26403.582293641077,2.272000000000089e-06
1.149767974044619,0.33361670759016865,-0.02563199324095917,-49346.0115021217,139487.99623886586,-26684.640790136928,2.273000000000089e-06
1.1497192172238957,0.33375635346653654,-0.025658933947082387,-48756.820723148674,139645.87636788056,-26940.706123213993,2.274000000000089e-06
1.1496710584182608,0.33389616207318584,-0.025686105309701713,-48158.805634943164,139808.60664932217,-27171.36261932578,2.275000000000089e-06
1.1496235054527555,0.3340361379896381,-0.025713481545472663,-47552.9655054,139975.9164522794,-27376.23577095208,2.2760000000000893e-06
1.1495765651405037,0.3341762855171042,-0.025741036538320158,-46940.31225190227,140147.52746612558,-27554.99284749512,2.2770000000000893e-06
1.149530243271706,0.33431660867125457,-0.025768743881758316,-46321.86879752273,140323.15415035794,-27707.34343815724,2.2780000000000894e-06
1.149484544604297,0.3344571111754511,-0.02579657692168421,-45698.667409200934,140502.5041965688,-27833.039925894333,2.2790000000000895e-06
1.1494394728562762,0.3345977964544529,-0.025824508799575863,-45071.748020621504,140685.27900178955,-27931.877891653752,2.2800000000000896e-06
1.1493950306997336,0.3347386676286053,-0.025852512496024084,-44442.15654254543,140871.17415242828,-28003.696448221453,2.2810000000000896e-06
1.1493512197565703,0.33487972750852335,-0.025880560874527204,-43810.943163368014,141059.87991800456,-28048.378503120155,2.2820000000000897e-06
1.1493080405959275,0.33502097859027724,-0.025908626725477325,-43179.16064269406,141251.08175386893,-28065.850950118635,2.2830000000000898e-06
1.1492654927333268,0.33516242305108934,-0.025936682810266357,-42547.86260073315,141444.46081207934,-28056.08478903115,2.28400000000009e-06
1.1492235746315205,0.3353040627455489,-0.025964701905439962,-41918.10180632513,141639.69445959353,-28019.095173605623,2.28500000000009e-06
1.149182283703054,0.33544589920235185,-0.025992656846827382,-41290.92846640884,141836.45680292457,-27954.94138741913,2.28600000000009e-06
1.1491416163145343,0.33558793362157024,-0.0260205205735752,-40667.38851974443,142034.41921839592,-27863.726747819324,2.28700000000009e-06
1.1491015677925966,0.3357301668724574,-0.02604826617201327,-40048.52193769306,142233.25088712372,-27745.598438070505,2.28800000000009e-06
1.1490621324315617,0.3358725994917912,-0.02607586691928125,-39435.36103484557,142432.61933384626,-27600.74726798272,2.2890000000000902e-06
1.1490233035027695,0.33601523168275993,-0.026103296326644675,-38828.92879227526,142632.19096871477,-27429.407363421567,2.2900000000000903e-06
1.1489850732655733,0.3361580633143911,-0.02613052818242989,-38230.237196168484,142831.6316311551,-27231.85578521492,2.2910000000000904e-06
1.1489474329799787,0.33630109392152596,-0.02615753659450798,-37640.285594560504,143030.6071349067,-27008.412078090307,2.2920000000000905e-06
1.1489103729209038,0.3364443227053393,-0.026184296032258372,-37060.05907487363,143228.78381334437,-26759.43775039323,2.2930000000000905e-06
1.148873882394039,0.3365877485344035,-0.026210781367943824,-36490.52686491884,143425.82906418774,-26485.335685451762,2.2940000000000906e-06
1.148837949753279,0.3367313699462962,-0.02623696791742939,-35932.64075998249,143621.41189270513,-26186.54948556628,2.2950000000000907e-06
1.1488025624197005,0.33687518514974873,-0.026262831480179105,-35387.33357857517,143815.20345252176,-25863.562749715034,2.2960000000000908e-06
1.148767706902051,0.3370191920273319,-0.02628834837846528,-34855.51764937103,144006.87758314656,-25516.898286176023,2.297000000000091e-06
1.1487333688187191,0.33716338813867525,-0.026313495495726653,-34338.08333181287,144196.1113433377,-25147.117261373332,2.298000000000091e-06
1.1486995329211462,0.3373077707242147,-0.026338250314013014,-33835.89757280096,144382.5855394347,-24754.818286361413,2.299000000000091e-06
1.1486661831186444,0.3374523367094625,-0.026362590950455476,-33349.802501822356,144565.98524779364,-24340.636442463576,2.300000000000091e-06
1.1486333025045776,0.337597082709793,-0.026386496192703158,-32880.61406681214,144746.00033047225,-23905.24224768104,2.301000000000091e-06
1.1486008733838646,0.3377420050357363,-0.026409945533268742,-32429.12071296892,144922.32594332343,-23449.34056558613,2.302000000000091e-06
1.148568877301758,0.337887099698772,-0.02643291920272725,-31996.082106674156,145094.6630356687,-22973.669458507346,2.3030000000000913e-06
1.1485372950738513,0.33803236241761275,-0.026455398201714157,-31582.227906588414,145262.7188407372,-22478.998986904946,2.3040000000000914e-06
1.1485061068172673,0.33817778862496883,-0.02647736433167108,-31188.25658391805,145426.2073560721,-21966.129956923414,2.3050000000000914e-06
1.1484752919829735,0.338323373474782,-0.02649880022428927,-30814.834293762597,145584.84981312224,-21435.892618191123,2.3060000000000915e-06
1.148444829389174,0.33846911184991724,-0.026519689369603288,-30462.593799367085,145738.37513525606,-20889.1453140181,2.3070000000000916e-06
1.148414697255723,0.3386149983703007,-0.02654001614268951,-30132.13345101437,145886.52038345294,-20326.77308621939,2.3080000000000917e-06
1.148384873239502,0.3387610274014896,-0.026559765828926375,-29824.01622120071,146029.03118894884,-19749.686236864392,2.3090000000000917e-06
1.1483553344707043,0.33890719306366174,-0.026578924647775694,-29538.768797643243,146165.66217213363,-19158.818849321306,2.310000000000092e-06
1.1483260575899688,0.33905348924100875,-0.026597479775046725,-29276.8807355712,146296.17734702103,-18555.127271030484,2.311000000000092e-06
1.1482970187862982,0.3391999095915194,-0.026615419363607225,-29038.803670653393,146420.350510635,-17939.58856050103,2.312000000000092e-06
1.1482681938357044,0.3393464475571361,-0.026632732562508307,-28824.950593813268,146537.96561668193,-17313.198901081134,2.313000000000092e-06
1.1482395581405154,0.339493096374269,-0.02664940953449241,-28635.695189079725,146648.8171329027,-16676.971984104424,2.314000000000092e-06
1.1482110867692799,0.3396398490846505,-0.026665441471856472,-28471.37123551688,146752.71038152653,-16031.937364062042,2.315000000000092e-06
1.1481827544972056,0.3397866985465128,-0.026680820610644966,-28332.27207416969,146849.4618622742,-15379.13878849296,2.3160000000000923e-06
1.1481545358470648,0.3399336374460702,-0.02669554024315029,-28218.650140854534,146938.8995573885,-14719.632505323387,2.3170000000000923e-06
1.1481264051304994,0.3400806583092884,-0.026709594728700707,-28130.716565515006,147020.86321819678,-14054.485550419773,2.3180000000000924e-06
1.1480983364896606,0.34022775351392115,-0.026722979502718857,-28068.640838753363,147095.20463274178,-13384.774018149032,2.3190000000000925e-06
1.1480703039391147,0.3403749153017952,-0.02673569108403662,-28032.550546037455,147161.78787404616,-12711.581317763917,2.3200000000000926e-06
1.1480422814079447,0.3405221357913238,-0.026747727080455072,-28022.5311699718,147220.48952860813,-12035.996418451241,2.3210000000000926e-06
1.1480142427819837,0.3406694069902285,-0.026759086192540967,-28038.625960909998,147271.19890475622,-11359.112085895587,2.3220000000000927e-06
1.1479861619461076,0.34081672080844905,-0.02676976821565419,-28080.835876073837,147313.81822052415,-10682.023113221483,2.3230000000000928e-06
1.1479580128265203,0.3409640690712198,-0.02677977404020337,-28149.11958723283,147348.26277073871,-10005.824549182611,2.324000000000093e-06
1.1479297694329635,0.34111144353229284,-0.02678910565012984,-28243.39355688629,147374.46107304722,-9331.609926467516,2.325000000000093e-06
1.1479014059007808,0.3412588358872855,-0.026797766119622826,-28363.532182778858,147392.35499264378,-8660.469492987582,2.326000000000093e-06
1.1478728965327702,0.341406237787131,-0.02680575960807183,-28509.368010469865,147401.89984548793,-7993.48844900465,2.327000000000093e-06
1.1478442158407567,0.34155364085161083,-0.026813091353264772,-28680.692013566873,147403.06447984287,-7331.745192942685,2.328000000000093e-06
1.1478153385868155,0.3417010366829468,-0.026819767662843483,-28877.25394112482,147395.83133599485,-6676.309578710425,2.3290000000000932e-06
1.147786239824084,0.34184841687943085,-0.026825795904030822,-29098.762731604216,147380.1964840497,-6028.24118733987,2.3300000000000933e-06
1.1477568949370913,0.3419957730490706,-0.02683118449164654,-29344.886992675176,147356.16963973676,-5388.587615719105,2.3310000000000934e-06
1.1477272796815452,0.34214309682322874,-0.02683594287443171,-29615.25554604883,147323.77415818564,-4758.382785167034,2.3320000000000935e-06
1.1476973702235087,0.3422903798702344,-0.02684008151970427,-29909.458036413853,147283.0470056752,-4138.645272562539,2.3330000000000935e-06
1.1476671431779053,0.3424376139089438,-0.026843611896370974,-30227.045603454026,147234.03870938934,-3530.376666701178,2.3340000000000936e-06
1.1476365756462894,0.342584790722229,-0.02684654645632348,-30567.531615822543,147176.81328524835,-2934.559952509042,2.3350000000000937e-06
1.1476056452538235,0.34273190217037297,-0.02684889861424918,-30930.392465850764,147111.44814391932,-2352.157925695813,2.3360000000000938e-06
1.1475743301853998,0.3428789402043481,-0.026850682725889558,-31315.068423673292,147038.0339751432,-1784.1116403775402,2.337000000000094e-06
1.1475426092208505,0.3430258968789587,-0.026851914064781702,-31720.964549357606,146956.6746105502,-1231.338892144254,2.338000000000094e-06
1.147510461769189,0.34317276436582383,-0.026852608797520692,-32147.451661535462,146867.48686516922,-694.7327389883476,2.339000000000094e-06
1.147477867901828,0.3433195349661817,-0.02685278395758314,-32593.86736094471,146770.6003578704,-175.16006244687037,2.340000000000094e-06
1.1474448083847208,0.34346620112349274,-0.026852457417754383,-33059.51710720436,146666.15731101274,326.53982875551765,2.341000000000094e-06
1.1474112647093737,0.34361275543582237,-0.026851647861204038,-33543.67534706278,146554.31232960252,809.5565503459673,2.3420000000000942e-06
1.1473772191226814,0.34375919066798266,-0.026850374751256758,-34045.58669227886,146435.2321602991,1273.10994728138,2.3430000000000943e-06
1.1473426546555363,0.3439054997634133,-0.02684865829990716,-34564.46714521888,146309.0954306382,1716.4513495972922,2.3440000000000944e-06
1.1473075551501661,0.34405167585578217,-0.02684651943512982,-35099.50537017813,146176.0923688725,2138.864777339498,2.3450000000000944e-06
1.1472719052861577,0.344197712280287,-0.02684397976703715,-35649.86400836571,146036.42450486158,2539.6680926724666,2.3460000000000945e-06
1.1472356906051233,0.3443436025846395,-0.026841061552939804,-36214.68103442348,145890.30435247257,2918.2140973437,2.3470000000000946e-06
1.147198897533971,0.3444893405397135,-0.026837787661366033,-36793.07115228666,145737.95507398204,3273.8915737708994,2.3480000000000947e-06
1.147161513406743,0.3446349201498405,-0.026834181535097923,-37384.12722813301,145579.6101269998,3606.126268109101,2.3490000000000947e-06
1.1471235264849848,0.34478033566273497,-0.026830267153284175,-37986.921758110824,145415.5128944619,3914.3818137475555,2.350000000000095e-06
1.1470849259766163,0.34492558157903325,-0.026826068992690393,-38600.50836848318,145245.9162982682,4198.1605937810455,2.351000000000095e-06
1.1470457020532705,0.3450706526614304,-0.026821611988149297,-39223.923345776115,145071.08239716612,4457.004541097294,2.352000000000095e-06
1.1470058458660761,0.34521554394339987,-0.026816921492274475,-39856.18719447336,144891.28196950784,4690.495874821094,2.353000000000095e-06
1.1469653495598564,0.3453602507374814,-0.02681202323450252,-40496.30621975806,144706.79408153266,4898.257771956491,2.354000000000095e-06
1.1469242062857237,0.34550476864312324,-0.026806943279529347,-41143.27413276456,144517.90564185043,5079.9549731708,2.355000000000095e-06
1.1468824102120478,0.3456490935540661,-0.02680170798520758,-41796.07367576915,144324.91094282435,5235.2943217681095,2.3560000000000953e-06
1.1468399565337832,0.34579322166525567,-0.026796343959972574,-42453.678264718845,144128.1111895733,5364.025235005204,2.3570000000000953e-06
1.1467968414801368,0.345937149479273,-0.026790878019865565,-43115.05364647151,143927.81401733478,5465.940107009321,2.3580000000000954e-06
1.1467530623205688,0.346080873812271,-0.0267853371452229,-43779.159568098585,143724.3329979488,5540.874642664645,2.3590000000000955e-06
1.1467086173691132,0.3462243917994072,-0.026779748437100955,-44444.95145558403,143517.98713624207,5588.7081219428865,2.3600000000000956e-06
1.146663505987014,0.3463677008997643,-0.026774139073506693,-45111.382099239316,143309.1003571086,5609.363594262435,2.3610000000000956e-06
1.146617728583671,0.34651079890074843,-0.02676853626550412,-45777.403343144724,143098.00098409972,5602.808002570326,2.3620000000000957e-06
1.146571286615895,0.3466536839219588,-0.02676296721326717,-46441.96777592161,142885.0212103508,5569.052236951442,2.363000000000096e-06
1.1465241825854748,0.34679635441852147,-0.02675745906214949,-47104.03042013896,142670.4965626862,5508.151117679826,2.364000000000096e-06
1.1464764200350572,0.3469388091838812,-0.026752038858841753,-47762.55041766026,142454.7653597565,5420.203307737553,2.365000000000096e-06
1.146428003542349,0.34708104735204626,-0.026746733507686818,-48416.49270824337,142238.16816507254,5305.351154937159,2.366000000000096e-06
1.1463789387126504,0.3472230683992821,-0.026741569727222924,-49064.829698717025,142021.04723581162,5163.780463893976,2.367000000000096e-06
1.1463292321697303,0.34736487214525036,-0.02673657400702472,-49706.54292007265,141803.7459682792,4995.720198204722,2.368000000000096e-06
1.1462788915450604,0.34750645875359126,-0.02673177256491142,-50340.62466982889,141586.60834091654,4801.442113298206,2.3690000000000962e-06
1.1462279254654233,0.347647828731947,-0.026727191304590888,-50966.07963704949,141369.9783557509,4581.260320532871,2.3700000000000963e-06
1.1461763435389158,0.3477889829314262,-0.026722855773807664,-51581.92650742208,141154.19947918894,4335.530783223901,2.3710000000000964e-06
1.14612415633937,0.34792992254550925,-0.026718791123062274,-52187.19954583622,140939.61408305727,4064.65074538974,2.3720000000000965e-06
1.146071375389216,0.348070649108396,-0.02671502206496816,-52780.95015393426,140726.56288679526,3769.058094113777,2.3730000000000965e-06
1.1460180131408158,0.3482111644927977,-0.02671157283431164,-53362.2484001469,140515.38440170587,3449.2306565216813,2.3740000000000966e-06
1.145964082956296,0.3483514709071759,-0.026708467148879162,-53930.18451976814,140306.41437816835,3105.6854324781075,2.3750000000000967e-06
1.1459095990859134,0.3484915708924326,-0.026705728171114954,-54483.870382670546,140099.98525671428,2738.977764208188,2.3760000000000968e-06
1.145854576644987,0.34863146731805644,-0.026703378470670804,-55022.4409263117,139896.42562386408,2349.700444149197,2.377000000000097e-06
1.1457990315894353,0.34877116337773006,-0.026701439987908367,-55545.05555173644,139696.0596736153,1938.4827624358795,2.378000000000097e-06
1.145742980689955,0.3489106625844055,-0.026699933998412848,-56050.89948033668,139499.20667546685,1505.9894955189955,2.379000000000097e-06
1.145686441504886,0.34904996876485533,-0.026698881078575338,-56539.18506919116,139306.180449855,1052.9198375105789,2.380000000000097e-06
1.145629432351803,0.3491890860537072,-0.026698301072299396,-57009.1530828719,139117.2888518662,580.0062759409989,2.381000000000097e-06
1.1455719722778834,0.3493280188869713,-0.026698213058885693,-57460.07391967118,138932.83326408113,88.01341370209661,2.3820000000000972e-06
1.1455140810290931,0.3494667719950707,-0.026698635322146655,-57891.24879027398,138753.10809939026,-422.263260962754,2.3830000000000973e-06
1.1454557790182462,0.3496053503953853,-0.026699585320801134,-58302.01084697421,138578.4003146083,-949.9986544769529,2.3840000000000974e-06
1.1453970872919845,0.349743759384321,-0.026701079660197066,-58691.72626161028,138408.98893569742,-1494.33939593162,2.3850000000000974e-06
1.145338027496734,0.3498820045289164,-0.026703134065408033,-59059.795250475225,138245.14459539307,-2054.4052109654544,2.3860000000000975e-06
1.1452786218436894,0.3500200916580004,-0.026705763355747376,-59405.653044539264,138087.12908400726,-2629.290339344855,2.3870000000000976e-06
1.145218893072886,0.3501580268529146,-0.026708981420741372,-59728.7708034081,137935.19491416396,-3218.0649939940054,2.3880000000000977e-06
1.1451588644164143,0.35029581643781477,-0.026712801197600528,-60028.656471528186,137789.58490020043,-3819.7768591563117,2.3890000000000977e-06
1.1450985595608392,0.35043346696956773,-0.02671723465022583,-60304.85557524078,137650.5317529452,-4433.452625303771,2.390000000000098e-06
1.1450380026088798,0.35057098522725827,-0.02672229274978418,-60556.951959379294,137518.25769056007,-5058.099558349608,2.391000000000098e-06
1.1449772180404176,0.3507083782013244,-0.02672798545688484,-60784.56846219961,137392.97406610817,-5692.707100662015,2.392000000000098e-06
1.1449162306728902,0.3508456530823369,-0.026734321705386165,-60987.36752753016,137274.88101248338,-6336.248501323104,2.393000000000098e-06
1.1448550656211371,0.3509828172494422,-0.02674130938785919,-61165.05175312759,137164.16710530999,-6987.682473027379,2.394000000000098e-06
1.1447937482567627,0.35111987825848656,-0.02674895534273216,-61317.36437432497,137061.0090443917,-7645.954872968257,2.395000000000098e-06
1.1447323041670805,0.35125684382984085,-0.02675726534313718,-61444.08968216175,136965.57135426067,-8310.000405019464,2.3960000000000983e-06
1.1446707591137053,0.3513937218359452,-0.026766244087477662,-61545.053375289084,136878.0061043451,-8978.744340480614,2.3970000000000983e-06
1.1446091389908604,0.35153052028859444,-0.026775895191732284,-61620.122845049336,136798.45264924402,-9651.104254623056,2.3980000000000984e-06
1.1445474697834672,0.351667247325984,-0.026786221183508527,-61669.207393235374,136727.03738956357,-10325.991776243147,2.3990000000000985e-06
1.1444857775250852,0.3518039111995377,-0.026797223497855932,-61692.25838214288,136663.87355373704,-11002.314347405621,2.4000000000000986e-06
1.1444240882557686,0.3519405202605389,-0.02680890247484647,-61689.269316637365,136609.06100121565,-11678.976990539692,2.4010000000000986e-06
1.1443624279799105,0.3520770829465863,-0.026821257358926504,-61660.27585806699,136562.68604738268,-12354.884080035004,2.4020000000000987e-06
1.1443008226241405,0.3522136077678968,-0.026834286300041976,-61605.35576996188,136524.8213105074,-13028.941115473652,2.403000000000099e-06
1.1442392979953449,0.3523501032934778,-0.026847986356535604,-61524.628795570905,136495.5255810191,-13700.056493628084,2.404000000000099e-06
1.1441778797388775,0.35248657813719114,-0.026862353499811958,-61418.256467397034,136474.8437133445,-14367.14327635314,2.405000000000099e-06
1.1441165932970285,0.35262304094373165,-0.02687738262076346,-61286.44184900287,136462.80654051455,-15029.120951503344,2.406000000000099e-06
1.144055463867819,0.35275950037454334,-0.026893067537947474,-61129.42920946792,136459.43081170786,-15684.917184014372,2.407000000000099e-06
1.143994516364188,0.3528959650936962,-0.026909401007501773,-60947.50363098899,136464.7191528615,-16333.469554299902,2.408000000000099e-06
1.1439337753736378,0.35303244375374665,-0.026926374734782904,-60740.99055022441,136478.6600504391,-16973.727281132225,2.4090000000000992e-06
1.1438732651184038,0.35316894498160506,-0.0269439793877091,-60510.25523409105,136501.22785840914,-17604.65292619674,2.4100000000000993e-06
1.143813009416213,0.3533054773644335,-0.02696220461178664,-60255.70219083103,136532.38282844648,-18225.22407753692,2.4110000000000994e-06
1.1437530316416957,0.3534420494355969,-0.026981039046795777,-59977.77451727114,136572.0711633311,-18834.435009137513,2.4120000000000995e-06
1.1436933546885124,0.35357866966069035,-0.027000470345109707,-59676.95318330348,136620.22509347912,-19431.298313929485,2.4130000000000995e-06
1.1436340009322576,0.35371534642366687,-0.027020485191617247,-59353.75625471952,136676.76297650216,-20014.846507540562,2.4140000000000996e-06
1.143574992194202,0.35385208801308654,-0.027041069325217406,-59008.73805563178,136741.58941965172,-20584.133600160152,2.4150000000000997e-06
1.1435163497059302,0.3539889026085115,-0.02706220756185134,-58642.48827181785,136814.59542496706,-21138.23663393676,2.4160000000000998e-06
1.1434580940749337,0.3541257982670684,-0.02708388381903472,-58255.63099641953,136895.658556906,-21676.25718337995,2.4170000000001e-06
1.1434002452512142,0.35426278291020064,-0.027106081141851018,-57848.82371952621,136984.64313220044,-22197.322816296833,2.4180000000001e-06
1.143342822494951,0.35439986431063225,-0.027128781730363875,-57422.75626326517,137081.4004316401,-22700.588512855797,2.4190000000001e-06
1.1432858443452867,0.3545370500795657,-0.02715196696840431,-56978.149664112905,137185.7689334512,-23185.23804043639,2.4200000000001e-06
1.1432293285902824,0.3546743476541336,-0.027175617453686306,-56515.75500423005,137297.57456789972,-23650.485281995338,2.4210000000001e-06
1.1431732922380886,0.3548117642851263,-0.027199713029202058,-56036.35219370816,137416.6309927127,-24095.575515752942,2.4220000000001002e-06
1.1431177514893829,0.35494930702501515,-0.02722423281584614,-55540.74870569938,137542.7398888761,-24519.786644082833,2.4230000000001003e-06
1.1430627217111164,0.35508698271629147,-0.02724915524621571,-55029.77826647948,137675.69127633263,-24922.430369570087,2.4240000000001004e-06
1.1430082174116138,0.35522479798014056,-0.027274458099532,-54504.299502570975,137815.26384906878,-25302.85331628854,2.4250000000001004e-06
1.1429542522170668,0.3553627592054696,-0.027300118537626435,-53965.19454712575,137961.2253290483,-25660.438094437366,2.4260000000001005e-06
1.142900838849459,0.35550087253830803,-0.027326113141933003,-53413.367607835826,138113.33283841604,-25994.60430656949,2.4270000000001006e-06
1.1428479891059604,0.3556391438715974,-0.027352417951426743,-52849.74349870619,138271.33328936633,-26304.80949374007,2.4280000000001007e-06
1.1427957138398224,0.3557775788353884,-0.027379008501446745,-52275.26613808524,138434.96379103855,-26590.55002000192,2.4290000000001007e-06
1.142744022942807,0.3559161827874612,-0.027405859863340522,-51690.89701540588,138603.95207277528,-26851.361893776237,2.430000000000101e-06
1.1426929253291778,0.3560549608043842,-0.027432946684865255,-51097.613629143874,138778.01692304917,-27086.821524731036,2.431000000000101e-06
1.1426424289212793,0.35619391767302755,-0.02746024323128016,-50496.40789854913,138956.86864333923,-27296.5464149063,2.432000000000101e-06
1.1425925406367277,0.35633305788254377,-0.027487723427063095,-49888.2845517507,139140.2095162114,-27480.195782933635,2.433000000000101e-06
1.1425432663772348,0.3564723856168306,-0.027515360898183405,-49274.25949287684,139327.73428683443,-27637.4711203091,2.434000000000101e-06
1.142494611019084,0.3566119047474877,-0.027543129014862194,-48655.35815086744,139519.13065713926,-27768.11667879075,2.435000000000101e-06
1.1424465784052713,0.3567516188272795,-0.0275710009347503,-48032.61381268789,139714.07979180967,-27871.91988810676,2.4360000000001013e-06
1.1423991713393276,0.3568915310841148,-0.027598949646453576,-47407.065943680165,139912.25683527064,-27948.711703276032,2.4370000000001014e-06
1.1423523915808298,0.35703164441555363,-0.027626948013334537,-46779.75849780943,140113.33143882413,-27998.36688096034,2.4380000000001014e-06
1.1423062398426092,0.3571719613838507,-0.027654968817518923,-46151.7382205818,140316.9682970639,-28020.804184385357,2.4390000000001015e-06
1.1422607157896618,0.3573124842115434,-0.02768298480403541,-45524.052947421944,140522.82769268614,-28015.986516486948,2.4400000000001016e-06
1.1422158180397615,0.3574532147775922,-0.027710968725016466,-44897.749900307106,140730.56604879885,-27983.920981058916,2.4410000000001017e-06
1.142171544165776,0.35759415461408,-0.027738893383888266,-44273.87398545747,140939.8364878203,-27924.6588717985,2.4420000000001017e-06
1.1421278906996812,0.35773530490347605,-0.027766731679477533,-43653.46609488116,141150.28939604663,-27838.2955892662,2.443000000000102e-06
1.1420848531382666,0.357876666476469,-0.02779445664996343,-43037.56141456602,141361.5729929588,-27724.970485896913,2.444000000000102e-06
1.1420424259505244,0.35801823981037334,-0.02782204151660275,-42427.187742098875,141573.33390433269,-27584.866639319323,2.445000000000102e-06
1.142000602586708,0.35816002502811156,-0.02784945972715711,-41823.363816477366,141785.21773820906,-27418.210554360176,2.446000000000102e-06
1.1419593754890451,0.3583020218977743,-0.027876684998951337,-41227.09766285866,141996.86966277633,-27225.271794228913,2.447000000000102e-06
1.1419187361040901,0.35844422983275953,-0.027903691361492833,-40639.384954963934,142207.9349852164,-27006.362541496226,2.448000000000102e-06
1.1418786748966923,0.3585866478924901,-0.02793045319858243,-40061.20739782771,142418.05973056267,-26761.837089596986,2.4490000000001023e-06
1.1418391813655586,0.35872927478370975,-0.027956945289848132,-39493.53113354627,142626.89121961978,-26492.091265703595,2.4500000000001023e-06
1.141800244060386,0.35887210886235477,-0.02798314285163406,-38937.30517264046,142834.07864499654,-26197.561785929956,2.4510000000001024e-06
1.1417618506005325,0.35901514813599905,-0.028009021577178,-38393.459853604465,143039.27364430783,-25878.72554393847,2.4520000000001025e-06
1.1417239876951992,0.35915839026686863,-0.02803455767601213,-37862.905333164155,143242.1308696057,-25536.098834133063,2.4530000000001026e-06
1.1416866411650894,0.35930183257542075,-0.02805972791252286,-37346.53010971649,143442.30855210742,-25170.236510729395,2.4540000000001026e-06
1.141649795965507,0.3594454720444821,-0.02808450964360696,-36845.19958236483,143639.46906129626,-24781.731084099476,2.4550000000001027e-06
1.141613436210859,0.35958930532393957,-0.028108880855362853,-36359.75464790465,143833.2794574805,-24371.21175589137,2.4560000000001028e-06
1.141577545200521,0.35973332873597647,-0.028132820198757378,-35891.01033804961,144023.41203690812,-23939.34339452543,2.457000000000103e-06
1.141542105446022,0.359877538280845,-0.028156307024210143,-35439.754499119656,144209.5448685468,-23486.825452766527,2.458000000000103e-06
1.1415070986995057,0.36002192964316665,-0.02817932141503931,-35006.74651634083,144391.36232165358,-23014.39082916661,2.459000000000103e-06
1.141472505983421,0.3601664981987499,-0.028201844219714573,-34592.71608483078,144568.55558327414,-22522.80467526364,2.460000000000103e-06
1.1414383076213916,0.36031123902191475,-0.028223857082865084,-34198.36202926523,144740.8231648286,-22012.863150511468,2.461000000000103e-06
1.1414044832702175,0.36045614689331174,-0.028245342474992084,-33824.351174137955,144907.87139695918,-21485.392126999956,2.4620000000001032e-06
1.141371011952951,0.36060121630822356,-0.02826628372083819,-33471.317266442005,145069.41491183502,-20941.245846106136,2.4630000000001033e-06
1.1413378720929985,0.3607464414853357,-0.028286665026367487,-33139.85995251091,145225.17711212998,-20381.30552929459,2.4640000000001034e-06
1.1413050415491879,0.3608918163759616,-0.028306471504312845,-32830.54381066798,145374.89062591185,-19806.47794535895,2.4650000000001035e-06
1.1412724976517465,0.36103733467370835,-0.02832568919824931,-32543.897441237776,145518.29774670443,-19217.69393646611,2.4660000000001035e-06
1.1412402172391312,0.36118298982456637,-0.02834430510515474,-32280.412615377623,145655.1508580089,-18615.906905430238,2.4670000000001036e-06
1.141208176695647,0.36132877503740796,-0.028362307196421445,-32040.54348408861,145785.21284159602,-18002.091266705153,2.4680000000001037e-06
1.1411763519897984,0.36147468329487686,-0.028379684437285085,-31824.705848664824,145908.25746890745,-17377.24086364054,2.4690000000001038e-06
1.1411447187133046,0.3616207073646518,-0.028396426804639687,-31633.27649373719,146024.06977493264,-16742.367354600396,2.470000000000104e-06
1.1411132521207206,0.3617668398110658,-0.028412525303210277,-31466.592583963844,146132.44641395542,-16098.498570590153,2.471000000000104e-06
1.1410819271695953,0.3619130730070624,-0.02842797198005736,-31324.951125313422,146233.19599659488,-15446.676847082856,2.472000000000104e-06
1.1410507185611036,0.36205939914646995,-0.028442759937390136,-31208.608491780313,146326.13940759475,-14787.957332773829,2.473000000000104e-06
1.1410196007810853,0.3622058102565738,-0.028456883343668162,-31117.78001826275,146411.1101038469,-14123.406278027955,2.474000000000104e-06
1.140988548141425,0.36235229821096593,-0.028470337442973975,-31052.63966022529,146487.95439216675,-13454.099305813557,2.475000000000104e-06
1.1409575348217045,0.3624988547426523,-0.028483118562641917,-31013.319720657193,146556.53168637026,-12781.119667942174,2.4760000000001043e-06
1.1409265349110598,0.36264547145739556,-0.02849522411913137,-30999.910644727584,146616.7147432364,-12105.556489454071,2.4770000000001044e-06
1.1408955224501773,0.36279213984727254,-0.028506652622135375,-31012.460882427164,146668.38987697172,-11428.503004005204,2.4780000000001044e-06
1.140864471473358,0.3629388513044244,-0.028517403676918497,-31050.97681937506,146711.45715182894,-10751.054783122469,2.4790000000001045e-06
1.1408333560505821,0.36308559713497696,-0.028527477984880697,-31115.422775858082,146745.83055256584,-10074.307962200532,2.4800000000001046e-06
1.140802150329508,0.3632323685731094,-0.028536877342346813,-31205.72107405845,146771.43813246588,-9399.357466115289,2.4810000000001047e-06
1.1407708285773348,0.3633791567952481,-0.02854560463758414,-31321.752173315395,146788.2221386783,-8727.295237326029,2.4820000000001047e-06
1.1407393652224616,0.3635259529343628,-0.02855366384605347,-31463.35487315567,146796.1391146707,-8059.208469330837,2.483000000000105e-06
1.1407077348958778,0.3636727480943424,-0.028561060023901796,-31630.326583718437,146795.15997962342,-7396.177848327577,2.484000000000105e-06
1.1406759124722148,0.3638195333644271,-0.02856779929970771,-31822.42366309144,146785.27008463256,-6739.275805916007,2.485000000000105e-06
1.1406438731103938,0.3639662998336727,-0.028573888864493368,-32039.36182096752,146766.46924562316,-6089.564785655344,2.486000000000105e-06
1.1406115922938058,0.3641130386054256,-0.028579336960019634,-32280.816587924375,146738.77175291293,-5448.095526265823,2.487000000000105e-06
1.1405790458699563,0.36425974081178303,-0.028584152865383867,-32546.4238495252,146702.2063574022,-4815.905364232675,2.488000000000105e-06
1.1405462100895118,0.3644063976280164,-0.0285883468819424,-32835.78044433452,146656.81623340317,-4194.016558536487,2.4890000000001053e-06
1.140513061644687,0.36455300028693455,-0.0285919303165826,-33148.44482484176,146602.65891815835,-3583.434640195155,2.4900000000001053e-06
1.1404795777069068,0.3646995400931627,-0.028594915463371857,-33483.93778018502,146539.80622813472,-2985.1467892598102,2.4910000000001054e-06
1.1404457359636873,0.3648460084373149,-0.028597315583613718,-33841.74321946989,146468.3441522163,-2400.120241860045,2.4920000000001055e-06
1.140411514654673,0.36499239681003687,-0.02859914488434356,-34221.30901438215,146388.3727219548,-1829.3007298428804,2.4930000000001056e-06
1.1403768926067732,0.36513869681589595,-0.028600418495299054,-34622.047899699886,146300.00585907346,-1273.6109554949926,2.4940000000001056e-06
1.140341849268343,0.3652849001870964,-0.02860115244440283,-35043.33843021954,146203.3712004554,-733.9491037790933,2.4950000000001057e-06
1.1403063647423506,0.3654309987969973,-0.028601363631797286,-35484.52599252182,146098.60990088325,-211.18739445302867,2.4960000000001058e-06
1.1402704198184808,0.36557698467341115,-0.02860106980247366,-35944.92386991781,145985.87641383117,293.82932362577117,2.497000000000106e-06
1.140233996004122,0.3657228500116618,-0.028600289517539883,-36423.81435883247,145865.3382506462,780.284933777205,2.498000000000106e-06
1.140197075554187,0.3658685871873803,-0.028599042124173687,-36920.4499348028,145737.1757184888,1247.3933661962014,2.499000000000106e-06
1.1401596414997208,0.36601418876901776,-0.0285973477243097,-37434.05446619082,145601.58163743682,1694.3998639865486,2.500000000000106e-06
1.1401216776752472,0.3661596475300549,-0.028595227142111174,-37963.82447363769,145458.76103718925,2120.582198525206,2.501000000000106e-06
1.140083168744814,0.3663049564608888,-0.028592701890278942,-38508.9304332145,145308.93083383984,2525.2518322334145,2.5020000000001062e-06
1.140044100226693,0.366450108780376,-0.028589794135252027,-39068.51812115821,145152.31948722067,2907.7550269157127,2.5030000000001063e-06
1.140004458516695,0.36659509794701534,-0.02858652666135611,-39641.70999801688,144989.16663934806,3267.473895915442,2.5040000000001064e-06
1.139964230910065,0.3667399176697499,-0.028582922833957684,-40227.60662996823,144819.72273453258,3603.8273984254,2.5050000000001065e-06
1.13992340562192,0.36688456191837165,-0.0285790065616833,-40825.288145018574,144644.2486217447,3916.2722743846844,2.5060000000001065e-06
1.1398819718061983,0.3670290249335115,-0.028574802257764813,-41433.81572173585,144463.01513985585,4204.303918487567,2.5070000000001066e-06
1.1398399195730902,0.36717330123619796,-0.028570334800572885,-42052.233108121174,144276.30268640284,4467.45719192704,2.5080000000001067e-06
1.1397972400049219,0.36731738563696853,-0.02856562949340229,-42679.56816817729,144084.40077054925,4705.307170594528,2.5090000000001068e-06
1.1397539251704683,0.3674612732445195,-0.028560712023573732,-43314.83445369072,143887.60755094438,4917.469828557914,2.510000000000107e-06
1.1397099681376694,0.3676049594738787,-0.028555608420917988,-43957.03279870591,143686.22935920404,5103.602655742411,2.511000000000107e-06
1.1396653629847353,0.36774844005408847,-0.028550345015709144,-44605.15293413607,143480.58020976168,5263.405208842656,2.512000000000107e-06
1.1396201048096153,0.3678917110353853,-0.028544948396114544,-45258.17511992458,143270.98129686073,5396.61959459971,2.513000000000107e-06
1.139574189737823,0.3680347687958648,-0.02853944536522986,-45915.07179214526,143057.76047948032,5503.030884683141,2.514000000000107e-06
1.1395276149286007,0.3681776100476198,-0.028533862897768335,-46574.80922240721,142841.25175500728,5582.46746152595,2.515000000000107e-06
1.1394803785794136,0.36832023184234225,-0.028528228096473766,-47236.34918691187,142621.7947224857,5634.801294568597,2.5160000000001073e-06
1.1394324799287712,0.36846263157637854,-0.02852256814832729,-47898.65064249605,142399.73403629407,5659.94814647769,2.5170000000001074e-06
1.1393839192573643,0.3686048069952297,-0.028516910280618275,-48560.67140698446,142175.41885111562,5657.867709014766,2.5180000000001074e-06
1.1393346978875232,0.36874675619748876,-0.028511281716949933,-49221.36984116944,141949.20225908366,5628.563668340954,2.5190000000001075e-06
1.1392848181809934,0.36888847763820876,-0.02850570963325028,-49879.7065297339,141721.44071999713,5572.083699653976,2.5200000000001076e-06
1.1392342835350349,0.36902997013169425,-0.028500221113859116,-50534.645958435416,141492.49348551457,5488.51939116472,2.5210000000001077e-06
1.13918309837685,0.3691712328537125,-0.028494843107761583,-51185.158184876156,141262.72201824552,5378.006097531452,2.5220000000001077e-06
1.13913126815635,0.3693122653431192,-0.028489602385038604,-51830.220500193354,141032.48940666884,5240.722722980316,2.523000000000108e-06
1.1390787993372709,0.36945306750289597,-0.028484525493604154,-52468.81907901982,140802.15977681545,5076.891434451131,2.524000000000108e-06
1.1390256993866559,0.36959363960059766,-0.02847963871629894,-53099.95061508221,140572.09770165995,4886.777305217278,2.525000000000108e-06
1.138971976762716,0.3697339822682068,-0.0284749680284094,-53722.62393982749,140342.66760917148,4670.6878895377,2.526000000000108e-06
1.1389176409010946,0.3698740965013968,-0.028470539055680394,-54335.8616214943,140114.23318997797,4428.97272900745,2.527000000000108e-06
1.1388627021995525,0.37001398365820237,-0.028466377032889012,-54938.701542076546,139887.15680560048,4162.022791380661,2.528000000000108e-06
1.1388071720011028,0.3701536454571006,-0.028462506763046267,-55530.198449660624,139661.79889821564,3870.269842746246,2.5290000000001083e-06
1.1387510625756192,0.3702930839745035,-0.028458952577292227,-56109.42548365611,139438.5174029034,3554.185754041684,2.5300000000001083e-06
1.1386943870999486,0.37043230164166685,-0.028455738295549232,-56675.47567048145,139217.66716333566,3214.2817429940533,2.5310000000001084e-06
1.1386371596365614,0.3705713012410187,-0.028452887187996552,-57227.463387312135,138999.59935185744,2851.107552679581,2.5320000000001085e-06
1.1385793951107699,0.3707100859019136,-0.02845042193742856,-57764.52579154806,138784.66089490787,2465.250567993493,2.5330000000001086e-06
1.1385211092865561,0.3708486590958183,-0.028448364602557136,-58285.82421371,138573.19390472068,2057.334871420539,2.5340000000001086e-06
1.1384623187410445,0.3709870246309366,-0.02844673658231754,-58790.545511531505,138365.53511823673,1628.0202395932147,2.5350000000001087e-06
1.1384030408376615,0.37112518664628075,-0.028445558581235323,-59277.90338307281,138162.0153441508,1178.001082219157,2.536000000000109e-06
1.1383432936980247,0.37126314960519974,-0.02844485057591027,-59747.13963674665,137962.95891900398,708.0053250514018,2.537000000000109e-06
1.1382830961726085,0.37140091828837296,-0.028444631782671606,-60197.52541621281,137768.68317322014,218.79323866493814,2.538000000000109e-06
1.1382224678102304,0.37153849778628095,-0.028444920626456715,-60628.36237816817,137579.49790797068,-288.8437851097963,2.539000000000109e-06
1.1381614288264092,0.3716758934911647,-0.028445734710963875,-61038.98382113222,137395.70488373624,-814.0845071613635,2.540000000000109e-06
1.1381000000706458,0.37181311108848614,-0.028447090790127336,-61428.75576340428,137217.59732141657,-1356.079163462947,2.541000000000109e-06
1.1380382029926774,0.371950156547903,-0.02844900474096107,-61797.077968447695,137045.45941682137,-1913.9508337336977,2.5420000000001092e-06
1.1379760596077615,0.3720870361137723,-0.028451491537815295,-62143.38491603836,136879.5658693543,-2486.7968542248,2.5430000000001093e-06
1.137913592461044,0.372223756295198,-0.028454565228087682,-62467.14671759965,136720.18142568163,-3073.6902723868943,2.5440000000001094e-06
1.1378508245910697,0.37236032385563717,-0.02845823890942879,-62767.869974233006,136567.56043915323,-3673.681341106505,2.5450000000001095e-06
1.1377877794924935,0.37249674580208286,-0.028462524708478924,-63045.0985760434,136421.94644571975,-4285.79905013362,2.5460000000001095e-06
1.137724481078052,0.3726330293738399,-0.028467433761171185,-63298.4144414509,136283.57175706438,-4909.052692260593,2.5470000000001096e-06
1.1376609536398568,0.37276918203091153,-0.02847297619463294,-63527.438195274066,136152.65707164016,-5542.433461754333,2.5480000000001097e-06
1.1375972218100723,0.3729052114420158,-0.02847916111071543,-63731.8297844673,136029.4111042764,-6184.916082489292,2.5490000000001098e-06
1.137533310521042,0.3730411254722508,-0.028485996571178607,-63911.289030492706,135914.03023498764,-6835.460463178238,2.55000000000011e-06
1.1374692449649244,0.3731769321704284,-0.028493489584555658,-64065.55611740733,135806.6981775886,-7493.013377051242,2.55100000000011e-06
1.1374050505529096,0.3733126397560971,-0.02850164609471895,-64194.412014848494,135707.5856686869,-8156.510163290921,2.55200000000011e-06
1.1373407528740744,0.3734482566062747,-0.028510470971166442,-64297.67883520343,135616.8501775922,-8824.876447493663,2.55300000000011e-06
1.13727637765395,0.3735837912419123,-0.028519968001044834,-64375.22012435411,135534.63563764744,-9497.029878392632,2.55400000000011e-06
1.1372119507128646,0.3737192523141118,-0.028530139882922884,-64426.94108549437,135461.07219945235,-10171.881878048618,2.5550000000001102e-06
1.137147497924129,0.3738546485901182,-0.028540988222325574,-64452.78873562318,135396.27600641444,-10848.339402689635,2.5560000000001103e-06
1.1370830451721345,0.37398998893911123,-0.028552513529036934,-64452.75199442612,135340.348993026,-11525.30671135931,2.5570000000001104e-06
1.1370186183104292,0.37412528231781744,-0.028564715216176453,-64426.861705365605,135293.37870622863,-12201.687139517911,2.5580000000001104e-06
1.1369542431198403,0.3742605377559676,-0.02857759160105118,-64375.19058890957,135255.43815018833,-12876.38487472814,2.5590000000001105e-06
1.1368899452667123,0.3743957643416224,-0.028591139907782732,-64297.85312793801,135226.58565476653,-13548.306731550801,2.5600000000001106e-06
1.1368257502613268,0.37453097120639034,-0.028605356271705504,-64195.005385476325,135206.86476793227,-14216.36392277298,2.5610000000001107e-06
1.136761683416572,0.37466616751056264,-0.028620235745529597,-64066.84475501441,135196.30417232186,-14879.473824093731,2.5620000000001107e-06
1.136697769806928,0.37480136242818873,-0.028635772307258996,-63913.609643779826,135194.91762611154,-15536.561729399144,2.563000000000111e-06
1.1366340342278387,0.37493656513211704,-0.028651958869852768,-63735.57908944277,135202.70392832873,-16186.562593770408,2.564000000000111e-06
1.1365705011555278,0.37507178477902575,-0.028668787292614153,-63533.07231083936,135219.6469086861,-16828.422761384874,2.565000000000111e-06
1.1365071947073344,0.37520703049446774,-0.028686248394289644,-63306.448193407574,135245.71544198188,-17461.1016754912,2.566000000000111e-06
1.1364441386026243,0.3753423113579548,-0.028704331967857308,-63056.10471013767,135280.86348706885,-18083.573567665506,2.567000000000111e-06
1.1363813561243454,0.37547763638810516,-0.028723026796980893,-62782.47827894462,135325.03015035225,-18694.829123585925,2.568000000000111e-06
1.1363188700812878,0.3756130145278789,-0.02874232067410349,-62486.04305747531,135378.13977373674,-19293.87712259808,2.5690000000001113e-06
1.1362567027711115,0.3757484546299258,-0.028762200420151873,-62167.310176466366,135440.10204690028,-19879.746048383742,2.5700000000001113e-06
1.1361948759441987,0.37588396544206953,-0.028782651905819964,-61826.8269128704,135510.81214373218,-20451.485668089248,2.5710000000001114e-06
1.1361334107683947,0.37601955559295225,-0.028803660074397282,-61465.17580406846,135590.15088273142,-21008.16857731904,2.5720000000001115e-06
1.13607232779469,0.37615523357786335,-0.028825208966105735,-61082.97370458446,135677.98491112102,-21548.891708452982,2.5730000000001116e-06
1.1360116469239032,0.37629100774477575,-0.02884728174390554,-60680.87078681325,135774.1669123937,-22072.77779980366,2.5740000000001116e-06
1.1359513873744158,0.3764268862806127,-0.02886986072072873,-60259.54948736757,135878.53583696447,-22578.976823191842,2.5750000000001117e-06
1.135891567651015,0.37656287719776826,-0.028892927388096314,-59819.72340074017,135990.91715556642,-23066.667367584334,2.576000000000112e-06
1.135832205514893,0.37669898832090326,-0.02891646244607282,-59362.136122065785,136111.1231349873,-23535.05797650871,2.577000000000112e-06
1.1357733179548521,0.37683522727403895,-0.028940445834509856,-58887.56004085327,136238.95313570654,-23983.388437033507,2.578000000000112e-06
1.1357149211597646,0.37697160146796993,-0.028964856765528037,-58396.795087640756,136374.1939309549,-24410.931018180618,2.579000000000112e-06
1.135657030492329,0.3771081180880166,-0.028989673757184756,-57890.66743560621,136516.62004668292,-24816.991656718368,2.580000000000112e-06
1.1355996604641698,0.37724478408213846,-0.029014874668273127,-57370.02815924188,136665.99412188784,-25200.911088369212,2.581000000000112e-06
1.1355428247123176,0.3773816061494272,-0.029040436734195683,-56835.75185227401,136822.06728871504,-25562.06592255488,2.5820000000001122e-06
1.1354865359771105,0.3775185907289989,-0.029066336603854576,-56288.73520707806,136984.57957171576,-25899.869658894037,2.5830000000001123e-06
1.1354308060815526,0.3776557439893045,-0.02909255037749834,-55729.89555790568,137153.26030561017,-26213.77364376292,2.5840000000001124e-06
1.1353756459121622,0.3777930718178754,-0.029119053645463668,-55160.169390300645,137327.82857087394,-26503.267965327872,2.5850000000001125e-06
1.135321065401343,0.37793057981152184,-0.02914582152774923,-54580.51081913931,137507.9936464357,-26767.882285559866,2.5860000000001125e-06
1.1352670735113053,0.3780682732670006,-0.029172828714357075,-53991.890037784244,137693.45547874385,-27007.186607845197,2.5870000000001126e-06
1.1352136782195643,0.37820615717216705,-0.02920004950633599,-53395.291740889515,137883.9051664335,-27220.79197891277,2.5880000000001127e-06
1.135160886506041,0.37834423619762686,-0.029227457857459897,-52791.713523441045,138079.0254597979,-27408.351123907287,2.5890000000001128e-06
1.1351087043417822,0.3784825146889011,-0.029255027416473445,-52182.164258656456,138278.49127424354,-27569.55901354838,2.590000000000113e-06
1.1350571366793247,0.37862099665911797,-0.029282731569835872,-51567.662457405044,138481.97021688474,-27704.15336242856,2.591000000000113e-06
1.1350061874447128,0.3787596857822434,-0.029310543484893488,-50949.23461184057,138689.12312541128,-27811.915057617243,2.592000000000113e-06
1.1349558595311868,0.3788985853868617,-0.029338436153410342,-50327.9135259667,138899.60461834184,-27892.668516854195,2.593000000000113e-06
1.134906154794551,0.3790376984505175,-0.029366382435386074,-49704.73663587763,139113.06365575755,-27946.28197573291,2.594000000000113e-06
1.1348570740502284,0.37917702759462707,-0.029394355103089468,-49080.7443224344,139329.14410959167,-27972.667703392883,2.5950000000001132e-06
1.1348086170720093,0.37931657507996963,-0.029422326885235828,-48456.97821915077,139547.4853425362,-27971.782146358997,2.5960000000001133e-06
1.1347607825924912,0.37945634280276425,-0.029450270511236113,-47834.47951807073,139767.7227946116,-27943.62600028607,2.5970000000001134e-06
1.1347135683052147,0.37959633229134065,-0.0294781587554456,-47214.287276423776,139989.48857643318,-27888.244209487028,2.5980000000001134e-06
1.134666970868488,0.37973654470340884,-0.029505964481339842,-46597.4367268429,140212.41206819756,-27805.725894243784,2.5990000000001135e-06
1.134620985910894,0.37987698082393223,-0.029533660685545863,-45984.95759392426,140436.12052340162,-27696.20420602036,2.6000000000001136e-06
1.1345756080384741,0.3800176410636085,-0.02956122054165668,-45377.872419897256,140660.2396763012,-27559.85611081832,2.6010000000001137e-06
1.134530830843572,0.38015852545796064,-0.029588617443757716,-44777.19490215799,140884.39435210868,-27396.902101034393,2.6020000000001137e-06
1.1344866469153265,0.38029963366703956,-0.029615825049594015,-44183.928245399286,141108.2090789262,-27207.605836299546,2.603000000000114e-06
1.1344430478517955,0.38044096497574,-0.029642817323307914,-43599.06353104553,141331.30870040754,-26992.273713897168,2.604000000000114e-06
1.134400024273689,0.3805825182947281,-0.02966956857767739,-43023.57810667132,141553.31898814227,-26751.254369475337,2.605000000000114e-06
1.134357565839691,0.3807242921619809,-0.029696053515786275,-42458.43399804871,141773.86725275533,-26484.938108884307,2.606000000000114e-06
1.1343156612633445,0.3808662847449336,-0.02972224727205836,-41904.57634642965,141992.5829527192,-26193.756272084785,2.607000000000114e-06
1.1342742983314709,0.3810084938432335,-0.029748125452588543,-41362.93187362675,142209.09829987958,-25878.18053018556,2.608000000000114e-06
1.1342334639240934,0.3811509168920942,-0.029773664174705325,-40834.4073774089,142423.04886070124,-25538.722116779878,2.6090000000001143e-06
1.1341931440358337,0.38129355096624645,-0.029798840105700185,-40319.888259675805,142634.07415224926,-25175.93099485892,2.6100000000001143e-06
1.1341533237987438,0.3814363927844784,-0.02982363050066087,-39820.23708982059,142841.8182319295,-24790.394960687227,2.6110000000001144e-06
1.1341139875065382,0.3815794387147584,-0.029848013239347,-39336.2922056291,143045.9302800233,-24382.738686129014,2.6120000000001145e-06
1.1340751186401843,0.3817226847799325,-0.029871966862048016,-38868.86635400107,143246.0651740639,-23953.62270101578,2.6130000000001146e-06
1.1340366998948106,0.3818661266639866,-0.02989547060436526,-38418.745373710706,143441.88405411632,-23503.742317244127,2.6140000000001146e-06
1.1339987132078881,0.38200975971886464,-0.029918504430861647,-37986.686922352754,143633.0548780378,-23033.826496388287,2.6150000000001147e-06
1.1339611397886387,0.38215357897183044,-0.02994104906752435,-37573.41924954527,143819.25296581307,-22544.636662704386,2.616000000000115e-06
1.1339239601486202,0.38229757913336254,-0.029963086032987845,-37179.64001838213,144000.16153207727,-22036.96546349235,2.617000000000115e-06
1.1338871541334432,0.3824417546055685,-0.02998459766846671,-36806.015177046414,144175.47220595935,-21511.635478867127,2.618000000000115e-06
1.1338507009555607,0.3825860994911059,-0.030005567166349785,-36453.17788241151,144344.8855373998,-20969.49788307285,2.619000000000115e-06
1.1338145792280834,0.38273060760259503,-0.030025978597409336,-36121.727477368586,144508.11148911974,-20411.431059551778,2.620000000000115e-06
1.1337787669995598,0.38287527247250847,-0.03004581693658139,-35812.22852352904,144664.86991344183,-19838.3391720543,2.621000000000115e-06
1.133743241789669,0.38302008736352167,-0.030065068087275534,-35525.20989085715,144814.8910131889,-19251.15069414662,2.6220000000001152e-06
1.1337079806257633,0.38316504527930756,-0.030083718904175074,-35261.16390569266,144957.91578591257,-18650.816899539077,2.6230000000001153e-06
1.1336729600802047,0.3833101389757583,-0.030101757214490793,-35020.54555852515,145093.69645073154,-18038.310315720104,2.6240000000001154e-06
1.133638156308432,0.38345536097261534,-0.030119171837634233,-34803.77177278211,145221.996857088,-17414.623143438734,2.6250000000001155e-06
1.133603545087696,0.3836007035654901,-0.030135952603278865,-34611.22073579067,145342.5928747602,-16780.765644631883,2.6260000000001155e-06
1.1335691018564031,0.3837461588382546,-0.030152090367780306,-34443.23129296941,145455.27276449965,-16137.764501441728,2.6270000000001156e-06
1.133534801753997,0.38389171867578326,-0.030167577028929318,-34300.1024062014,145559.83752869375,-15486.661149012953,2.6280000000001157e-06
1.1335006196613198,0.38403737477702476,-0.030182405539014117,-34182.092677233086,145656.101241486,-14828.510084799538,2.6290000000001158e-06
1.1334665302413829,0.38418311866838256,-0.030196569916171263,-34089.419936836006,145743.89135782034,-14164.377157146122,2.630000000000116e-06
1.1334325079804826,0.38432894171738347,-0.030210065254007202,-34022.260900359455,145823.04900090967,-13495.33783593955,2.631000000000116e-06
1.1333985272295923,0.3844748351466111,-0.030222887729475355,-33980.75089019284,145893.42922766352,-12822.47546815226,2.632000000000116e-06
1.1333645622459667,0.3846207900478828,-0.030235034608996476,-33964.98362554628,145954.90127164533,-12146.879521120381,2.633000000000116e-06
1.1333305872348869,0.384766797396646,-0.030246504252812893,-33975.011079847514,146007.3487631659,-11469.643816415959,2.634000000000116e-06
1.1332965763914808,0.38491284806657217,-0.030257296117570078,-34010.843405942345,146050.66992615638,-10791.864757184574,2.6350000000001162e-06
1.1332625039425517,0.3850589328443237,-0.030267410757121905,-34072.44892917511,146084.7777515007,-10114.639551826695,2.6360000000001163e-06
1.1332283441883433,0.38520504244447024,-0.03027684982155881,-34159.75420831498,146109.60014654568,-9439.064436903489,2.6370000000001164e-06
1.133194071544179,0.3853511675245308,-0.030285616054460954,-34272.644164183504,146125.0800605446,-8766.232902145559,2.6380000000001165e-06
1.1331596605819034,0.3854972987001166,-0.03029371328838139,-34410.96227572904,146131.1755858279,-8097.233920436052,2.6390000000001165e-06
1.1331250860710602,0.38564342656015116,-0.03030114643856702,-34574.51084318454,146127.8600345341,-7433.1501856280465,2.6400000000001166e-06
1.1330903230197424,0.3857895416821419,-0.030307921494928062,-34763.05131783677,146115.1219907719,-6775.056361039928,2.6410000000001167e-06
1.1330553467150446,0.38593563464748004,-0.030314045512269513,-34976.30469782808,146092.96533812387,-6124.017341451734,2.6420000000001168e-06
1.1330201327630554,0.3860816960567425,-0.030319526598800915,-35213.95198930532,146061.40926244063,-5481.086531400299,2.643000000000117e-06
1.1329846571283233,0.3862277165449724,-0.030324373902943454,-35475.63473212628,146020.48822991393,-4847.304142541354,2.644000000000117e-06
1.132948896172734,0.38637368679691286,-0.030328597598456266,-35760.95558923057,145970.25194045567,-4223.695512812833,2.645000000000117e-06
1.1329128266937354,0.3865195975621693,-0.03033220886790636,-36069.47899868056,145910.76525644888,-3611.2694500953717,2.646000000000117e-06
1.132876425961848,0.3866654396702763,-0.030335219884509386,-36400.7318872782,145842.1081069757,-3011.0166030235487,2.647000000000117e-06
1.1328396717574034,0.38681120404564395,-0.03033764379237094,-36754.20444456612,145764.37536766558,-2423.907861554896,2.648000000000117e-06
1.1328025424064474,0.3869568817223603,-0.030339494685160794,-37129.35095592583,145677.67671634574,-1850.8927898531529,2.6490000000001173e-06
1.132765016815754,0.387102463858825,-0.030340787583254782,-37525.5906933924,145582.13646471372,-1292.8980939877617,2.6500000000001174e-06
1.1327270745068911,0.3872479417521913,-0.030341538409381676,-37942.30886271462,145477.8933662896,-750.8261268933272,2.6510000000001174e-06
1.132688695649286,0.3873933068525922,-0.030341763962814645,-38378.857605101024,145365.100400943,-225.5534329707657,2.6520000000001175e-06
1.132649861092234,0.38753855077712857,-0.030341481892149292,-38834.55705200663,145243.92453632673,282.07066535371223,2.6530000000001176e-06
1.1326105523958028,0.38768366532359516,-0.030340710666712428,-39308.69643123257,145114.54646658522,771.2254368647223,2.6540000000001177e-06
1.1325707518605803,0.3878286424839239,-0.030339469546648012,-39800.53522253067,144977.1603287421,1241.1200644142775,2.6550000000001177e-06
1.1325304425562195,0.3879734744573211,-0.030337778551728714,-40309.304360828246,144831.97339720605,1690.9949192998602,2.656000000000118e-06
1.1324896083487344,0.388118153663078,-0.03033565842894357,-40834.20748511461,144679.20575686925,2120.122785143796,2.657000000000118e-06
1.1324482339265034,0.38826267275303333,-0.030333130618914236,-41374.42223096005,144519.08995530594,2527.810029335522,2.658000000000118e-06
1.1324063048249389,0.38840702462366794,-0.030330217221194052,-41929.101564570934,144351.8706346125,2913.3977201829584,2.659000000000118e-06
1.1323638074497826,0.3885512024278114,-0.030326940958506046,-42497.37515622056,144177.8041434624,3276.26268800651,2.660000000000118e-06
1.1323207290989918,0.38869519958594134,-0.030323325139977545,-43078.35079083507,143997.15812998082,3615.8185284991646,2.661000000000118e-06
1.1322770579831785,0.38883900979705743,-0.030319393623430776,-43671.11581345684,143810.21111607514,3931.5165467684865,2.6620000000001183e-06
1.132232783244571,0.3889826270491113,-0.030315170776790204,-44274.73860725436,143617.25205388624,4222.846640570963,2.6630000000001183e-06
1.1321878949744695,0.38912604562897635,-0.030310681438668857,-44888.27010169842,143418.57986505504,4489.338121345958,2.6640000000001184e-06
1.132142384229161,0.38926926013193985,-0.030305950878197103,-45510.74530847827,143214.50296352623,4730.560471755323,2.6650000000001185e-06
1.1320962430442782,0.3894122654707025,-0.03030100475415857,-46141.184882689515,143005.338762638,4946.124038535416,2.6660000000001186e-06
1.1320494644475714,0.38955505688386977,-0.030295869073498998,-46778.59670678753,142791.4131672721,5135.680659570591,2.6670000000001186e-06
1.1320020424700765,0.38969762994392165,-0.030290570149274797,-47421.97749476566,142573.06005186282,5298.924224201228,2.6680000000001187e-06
1.1319539721556626,0.38983998056464675,-0.03028513455810891,-48070.31441398736,142350.62072508756,5435.591165884633,2.6690000000001188e-06
1.1319052495689406,0.3899821050080288,-0.03027958909722248,-48722.586722074986,142124.44338208289,5545.4608864338115,2.670000000000119e-06
1.1318558718015244,0.3901239998905739,-0.030273960741111314,-49377.76741623568,141894.88254505163,5628.356111166749,2.671000000000119e-06
1.131805836976632,0.39026566218906705,-0.030268276597936905,-50034.824892386445,141662.29849314544,5684.143174407509,2.672000000000119e-06
1.1317551442520206,0.3904070892457496,-0.030262563865702016,-50692.72461142618,141427.0566825264,5712.732234889882,2.673000000000119e-06
1.1317037938212506,0.3905482787729071,-0.030256849788281293,-51350.43076999237,141189.5271575274,5714.077420724405,2.674000000000119e-06
1.1316517869132776,0.39068922885686097,-0.030251161611377593,-52006.90797303381,140950.08395384724,5688.176903700074,2.6750000000001192e-06
1.1315991257903721,0.3908299379613557,-0.03024552653847479,-52661.12290552888,140709.10449473004,5635.072902803027,2.6760000000001193e-06
1.1315458137443715,0.39097040493033675,-0.030239971686857846,-53312.04600068057,140466.96898109184,5554.851616945425,2.6770000000001194e-06
1.1314918550912696,0.39111062899011334,-0.030234524043770836,-53958.65310192594,140224.05977656817,5447.643087008883,2.6780000000001195e-06
1.1314372551641534,0.3912506097509018,-0.03022921042278342,-54599.92711610729,139980.76078846632,5313.6209874176775,2.6790000000001195e-06
1.1313820203044982,0.3913903472077474,-0.03022405742043585,-55234.859655166925,139737.45684561445,5153.002347567563,2.6800000000001196e-06
1.1313261578518345,0.3915298417408215,-0.030219091373232306,-55862.45266374528,139494.53307410635,4966.047203546194,2.6810000000001197e-06
1.1312696761318044,0.39166909411509343,-0.030214338315051617,-56481.720030084405,139252.37427194594,4753.058180690656,2.6820000000001198e-06
1.1312125844426268,0.39180810547937706,-0.03020982393504398,-57091.689177664826,139011.36428359928,4514.380007636392,2.68300000000012e-06
1.1311548930399917,0.39194687736475253,-0.03020557353608136,-57691.40263503403,138771.88537546404,4250.398962619651,2.68400000000012e-06
1.1310966131204103,0.3920854116823658,-0.030201611993828457,-58279.919581318434,138534.31761326687,3961.5422529023153,2.68500000000012e-06
1.1310377568030454,0.39222371072060824,-0.030197963716500163,-58856.31736494876,138299.038242398,3648.2773282935286,2.68600000000012e-06
1.1309783371100521,0.3923617771416804,-0.030194652605370315,-59419.69299316994,138066.42107218978,3311.111129846651,2.68700000000012e-06
1.1309183679454622,0.39249961397754557,-0.030191702016095404,-59969.1645899523,137836.8358651415,2950.589274912698,2.68800000000012e-06
1.1308578640726423,0.39263722462527767,-0.03018913472091557,-60503.87281996937,137610.64773208706,2567.2951798323093,2.6890000000001203e-06
1.130796841090366,0.392774612841812,-0.03018697287179392,-61022.98227636052,137388.21653429454,2161.849121647401,2.6900000000001204e-06
1.130735315407536,0.39291178273810545,-0.03018523796455361,-61525.682830052436,137169.89629347718,1734.9072403107111,2.6910000000001204e-06
1.1306733042165975,0.3930487387727161,-0.030183950804070644,-62011.19093847334,136956.03461068546,1287.160482966445,2.6920000000001205e-06
1.130610825465686,0.39318548574481116,-0.030183131470578675,-62478.75091155646,136746.97209503618,819.3334919679,2.6930000000001206e-06
1.130547897829553,0.3933220287866144,-0.030182799287140287,-62927.63613299587,136543.04180322232,332.1834383881994,2.6940000000001207e-06
1.130484540679318,0.3934583733553051,-0.03018297278833742,-63357.15023478693,136344.56869073008,-173.50119713199047,2.6950000000001207e-06
1.130420774051095,0.39359452522438076,-0.03018366969023169,-63766.62822315662,136151.86907567398,-696.901894270899,2.696000000000121e-06
1.130356618613541,0.39373049047449693,-0.030184906861643327,-64155.43755406425,135965.250116141,-1237.1714116351864,2.697000000000121e-06
1.1302920956343845,0.3938662754837988,-0.030186700296795328,-64522.9791565319,135785.00930191556,-1793.4351520023101,2.698000000000121e-06
1.1302272269459823,0.3940018869177603,-0.03018906508936736,-64868.688402145315,135611.43396143496,-2364.792572029331,2.699000000000121e-06
1.1301620349099633,0.3941373317185451,-0.03019201540800155,-65192.03601914989,135444.80078480166,-2950.3186341888513,2.700000000000121e-06
1.1300965423810136,0.39427261709390876,-0.03019556447330017,-65492.52894965339,135285.37536365454,-3549.065298623248,2.701000000000121e-06
1.130030772669865,0.39440775050565746,-0.030199724536352713,-65769.71114853592,135133.41174867528,-4160.063052542246,2.7020000000001213e-06
1.1299647495055423,0.39454273965768294,-0.03020450685882744,-66023.1643227595,134989.152025478,-4782.32247472637,2.7030000000001213e-06
1.1298984969969323,0.3946775924835925,-0.03020992169466008,-66252.50860986307,134852.8259096025,-5414.835832640012,2.7040000000001214e-06
1.1298320395937378,0.3948123171339538,-0.030215978273369682,-66457.40319452481,134724.65036130077,-6056.5787096027925,2.7050000000001215e-06
1.1297654020468757,0.3949469219631746,-0.0302226847850291,-66637.54686217148,134604.82922077496,-6706.511659416812,2.7060000000001216e-06
1.129698609368387,0.3950814155160391,-0.0302300483669149,-66792.67848871382,134493.55286449386,-7363.581885800264,2.7070000000001216e-06
1.1296316867909213,0.3952158065139223,-0.030238075091858836,-66922.57746558872,134390.9978831792,-8026.724943934833,2.7080000000001217e-06
1.1295646597268618,0.3953501038407043,-0.030246769958320232,-67027.06405939141,134297.32678202022,-8694.866461395488,2.7090000000001218e-06
1.1294975537271563,0.39548431652840793,-0.03025613688219593,-67105.99970548513,134212.68770363822,-9366.923875696688,2.710000000000122e-06
1.1294303944399213,0.3956184537425822,-0.03026617869038159,-67159.28723508114,134137.21417428608,-10041.808185658792,2.711000000000122e-06
1.129363207568886,0.3957525247674559,-0.030276897116095363,-67186.87103538851,134071.02487373026,-10718.425713772605,2.712000000000122e-06
1.1292960188317434,0.39588653899088516,-0.03028829279597208,-67188.73714254005,134014.2234292241,-11395.679876718676,2.713000000000122e-06
1.1292288539184763,0.3960205058891191,-0.030300365268933264,-67164.91326710909,133966.89823394155,-12072.472961181114,2.714000000000122e-06
1.1291617384497241,0.3961544350114093,-0.03031311297683535,-67115.46875214044,133929.122290201,-12747.707902083459,2.7150000000001222e-06
1.1290946979352603,0.39628833596448704,-0.030326533266895717,-67040.5144637274,133900.95307776707,-13420.290060366486,2.7160000000001223e-06
1.129027757732646,0.39642221839693453,-0.030340622395893142,-66940.20261427642,133882.4324474781,-14089.12899742495,2.7170000000001224e-06
1.1289609430061271,0.3965560919834749,-0.030355375536136465,-66814.7265187097,133873.58654040348,-14753.140243321895,2.7180000000001225e-06
1.1288942786858431,0.3966899664092076,-0.030370786783192372,-66664.3202839653,133874.42573269445,-15411.247055905684,2.7190000000001225e-06
1.1288277894274108,0.3968238513538139,-0.030386849165360337,-66489.2584322632,133884.94460624733,-16062.382167966009,2.7200000000001226e-06
1.1287614995719522,0.39695775647575915,-0.030403554654879917,-66289.85545871349,133905.12194525657,-16705.489519581068,2.7210000000001227e-06
1.1286954331066281,0.39709169139651784,-0.030420894180852746,-66066.46532395082,133934.92075869086,-17339.525972828684,2.7220000000001228e-06
1.1286296136257454,0.3972256656848465,-0.030438857643858806,-65819.48088258585,133974.2883286821,-17963.463006059468,2.723000000000123e-06
1.128564064292497,0.3973596888411313,-0.030457433932243767,-65549.33324836972,134023.156284774,-18576.28838496015,2.724000000000123e-06
1.1284988078014,0.39749377028183525,-0.030476610940051437,-65256.49109707225,134081.44070393295,-19177.00780766989,2.725000000000123e-06
1.128433866341492,0.39762791932407143,-0.03049637558657269,-64941.45990817744,134149.0422361805,-19764.646521251667,2.726000000000123e-06
1.1283692615603453,0.3977621451703271,-0.030516713837479555,-64604.78114660116,134225.84625566407,-20338.25090686474,2.727000000000123e-06
1.1283050145289597,0.39789645689336406,-0.030537610727510586,-64247.031385735514,134311.72303693835,-20896.89003103257,2.7280000000001232e-06
1.1282411457075865,0.39803086342132027,-0.03055905038467104,-63868.821373222025,134406.52795618842,-21439.657160453477,2.7290000000001233e-06
1.1281776749125456,0.3981653735230373,-0.030581016055908898,-63470.79504095135,134510.10171708238,-21965.67123785858,2.7300000000001234e-06
1.1281146212840847,0.39829999579363823,-0.03060349013422538,-63053.62846088031,134622.27060089962,-22474.07831648308,2.7310000000001234e-06
1.1280520032553363,0.39843473864037876,-0.030626454187176164,-62618.028748347904,134742.84674054023,-22964.052950782756,2.7320000000001235e-06
1.1279898385224216,0.3985696102687967,-0.03064988898671726,-62164.732914660024,134871.62841797958,-23434.799541097473,2.7330000000001236e-06
1.127928144015751,0.39870461866918144,-0.0306737745403473,-61694.506670797935,135008.40038469262,-23885.55363003737,2.7340000000001237e-06
1.1278669358725668,0.39883977160338596,-0.030698090123495746,-61208.14318418792,135152.9342045336,-24315.58314844522,2.7350000000001237e-06
1.1278062294107762,0.3989750765920045,-0.030722814313104616,-60706.461790548754,135304.988618518,-24724.189608870038,2.736000000000124e-06
1.1277460391041134,0.39911054090193543,-0.030747925022349187,-60190.306662909694,135464.30993091664,-25110.70924457223,2.737000000000124e-06
1.1276863785586735,0.3992461715343515,-0.030773399536441357,-59660.545439964175,135630.63241603586,-25474.51409216931,2.738000000000124e-06
1.1276272604908575,0.3993819752130965,-0.03079921454945748,-59118.067815993556,135803.67874502137,-25815.013016123285,2.739000000000124e-06
1.1275686967067629,0.3995179583735285,-0.030825346202130847,-58563.78409466057,135983.16043199078,-26131.652673366065,2.740000000000124e-06
1.1275106980830538,0.39965412715182724,-0.030851770120547305,-57998.62370903364,136168.77829876536,-26423.918416457633,2.741000000000124e-06
1.1274532745493435,0.3997904873747847,-0.03087846145568108,-57423.533710261014,136360.22295744147,-26691.335133772816,2.7420000000001243e-06
1.1273964350721162,0.3999270445500947,-0.030905394923706395,-56839.47722736709,136557.17531001027,-26933.46802531648,2.7430000000001243e-06
1.1273401876402154,0.4000638038571589,-0.03093254484701927,-56247.43190069298,136759.30706420683,-27149.923312873285,2.7440000000001244e-06
1.1272845392519237,0.40020077013842364,-0.03095988519590258,-55648.38829154835,136966.28126474094,-27340.348883306935,2.7450000000001245e-06
1.127229495903653,0.4003379478912627,-0.030987389630766513,-55043.34827068263,137177.75283903698,-27504.43486393468,2.7460000000001246e-06
1.1271750625802648,0.4004753412604193,-0.03101503154489553,-54433.32338822019,137393.36915658473,-27641.914129015695,2.7470000000001246e-06
1.127121243247037,0.40061295403102026,-0.031042784107632036,-53819.333227735784,137612.77060098096,-27752.562736506457,2.7480000000001247e-06
1.1270680408432898,0.400750789622174,-0.03107062030792639,-53202.403747174496,137835.59115371955,-27836.200294352366,2.749000000000125e-06
1.1270154572776805,0.40088885108116273,-0.03109851299818209,-52583.56560934271,138061.45898876849,-27892.69025570228,2.750000000000125e-06
1.1269634934251758,0.40102714107823967,-0.03112643493832464,-51963.852504715214,138289.99707695417,-27921.940142551153,2.751000000000125e-06
1.1269121491257064,0.40116566190203884,-0.031154358840022076,-51344.29946931678,138520.82379915693,-27923.901697435387,2.752000000000125e-06
1.126861423184506,0.40130441545560613,-0.031182257410985,-50725.94120044543,138753.55356730707,-27898.570962925696,2.753000000000125e-06
1.126811313374133,0.4014434032530583,-0.031210103399273784,-50109.81037300854,138987.797452158,-27845.988288782806,2.754000000000125e-06
1.1267618164381739,0.4015826264168751,-0.031237869637540546,-49496.935959242255,139223.1638168019,-27766.23826676217,2.7550000000001252e-06
1.1267129280966193,0.40172208567582995,-0.031265529087133724,-48888.34155457903,139459.25895488416,-27659.449593174813,2.7560000000001253e-06
1.1266646430529068,0.40186178136356243,-0.03129305488199315,-48285.04371241807,139695.68773246487,-27525.794859432004,2.7570000000001254e-06
1.1266169550026164,0.4020017134177949,-0.031320420372264075,-47688.05029053828,139932.05423247087,-27365.490270921822,2.7580000000001255e-06
1.1265698566438045,0.4021418813801956,-0.03134759916755876,-47098.35881187372,140167.96240067694,-27178.795294685253,2.7590000000001255e-06
1.1265233396889622,0.40228228439688773,-0.03137456517979524,-46516.95484234708,140403.0166921535,-26966.01223647834,2.7600000000001256e-06
1.1264773948785738,0.4024229212196049,-0.031401292665543167,-45944.810388428,140636.8227171173,-26727.485747924566,2.7610000000001257e-06
1.1264320119962568,0.40256379020749,-0.03142775626780774,-45382.8823170491,140868.9878851235,-26463.602264578218,2.7620000000001258e-06
1.1263871798854563,0.4027048893295365,-0.031453931057183575,-44832.110800474875,141099.1220465409,-26174.789375834374,2.763000000000126e-06
1.1263428864676677,0.40284621616766675,-0.03147979257231131,-44293.41778867587,141326.83813025663,-25861.515127734594,2.764000000000126e-06
1.126299118762156,0.40298776792044333,-0.031505316859571135,-43767.70551171397,141551.75277656445,-25524.28725982865,2.765000000000126e-06
1.1262558629071415,0.40312954140740753,-0.0315304805119485,-43255.85501459321,141773.48696419847,-25163.652377362145,2.766000000000126e-06
1.1262131041824146,0.403271533074038,-0.03155526070700866,-42758.724726975604,141991.66663048504,-24780.195060166792,2.767000000000126e-06
1.1261708270333446,0.40341373899732164,-0.031579635243918394,-42277.149070101856,142205.92328359728,-24374.536909734754,2.7680000000001262e-06
1.1261290150962413,0.40355615489192753,-0.031603582579454455,-41811.9371031938,142415.8946059108,-23947.335536060407,2.7690000000001263e-06
1.1260876512250297,0.403698776116975,-0.03162708186294039,-41363.87121154818,142621.2250474741,-23499.28348593197,2.7700000000001264e-06
1.1260467175191913,0.4038415976833836,-0.031650112970054836,-40933.705838460664,142821.5664086241,-23031.107114451544,2.7710000000001264e-06
1.1260061953529283,0.40398461426179444,-0.03167265653545649,-40522.166263044564,143016.57841079636,-22543.565401655145,2.7720000000001265e-06
1.1259660654055024,0.40412782019104904,-0.031694693984172684,-40129.94742593123,143205.92925459865,-22037.448716193794,2.7730000000001266e-06
1.1259263076926975,0.4042712094872133,-0.03171620756170081,-39757.71280475761,143389.296164239,-21513.57752812306,2.7740000000001267e-06
1.1258869015993562,0.40441477585313074,-0.03173718036277374,-39406.09334126286,143566.3659174214,-20972.801072930914,2.7750000000001267e-06
1.1258478259129345,0.4045585126884906,-0.03175759635874275,-39075.686421728235,143736.8353598479,-20415.995969012612,2.776000000000127e-06
1.125809058858022,0.40470241310039407,-0.03177744042353363,-38767.05491240509,143900.41190348996,-19844.064790876233,2.777000000000127e-06
1.1257705781317706,0.4048464699144019,-0.03179669835813406,-38480.72625148286,144056.81400782077,-19257.934600433528,2.778000000000127e-06
1.1257323609401715,0.4049906756860451,-0.03181535691357286,-38217.191599054226,144205.77164322688,-18658.55543879755,2.779000000000127e-06
1.125694384035125,0.4051350227127809,-0.03183340381235393,-37976.905046437096,144347.0267358482,-18046.898781071217,2.780000000000127e-06
1.125656623752239,0.405279503046374,-0.0318508277683106,-37760.28288611395,144480.33359312505,-17423.955956669346,2.781000000000127e-06
1.1256190560492956,0.4054241085056834,-0.03186761850484837,-37567.702943447475,144605.45930936377,-16790.736537770714,2.7820000000001273e-06
1.1255816565453243,0.40556883068983407,-0.03188376677154692,-37399.50397122867,144722.1841506639,-16148.266698546227,2.7830000000001273e-06
1.1255444005602162,0.40571366099175266,-0.03189926435909477,-37255.98510800867,144830.3019185848,-15497.587547854348,2.7840000000001274e-06
1.125507263154815,0.4058585906120446,-0.031914104112532905,-37137.40540105989,144929.62029196337,-14839.753438135378,2.7850000000001275e-06
1.1254702191714203,0.40600361057319095,-0.03192827994278618,-37043.98339470466,145019.9611463307,-14175.830253272074,2.7860000000001276e-06
1.1254332432746357,0.4061487117340414,-0.0319417868364644,-36975.89678464147,145101.1608504113,-13506.893678215201,2.7870000000001276e-06
1.1253963099924968,0.4062938848045806,-0.03195462086391759,-36933.282138790084,145173.0705392259,-12834.027453199176,2.7880000000001277e-06
1.1253593937578117,0.406439120360944,-0.031966779185532986,-36916.234685067044,145235.55636335645,-12158.321615394687,2.789000000000128e-06
1.1253224689496453,0.40658440886065794,-0.03197826005626385,-36924.80816639311,145288.49971397017,-11480.870730862243,2.790000000000128e-06
1.1252855099348822,0.4067297406580812,-0.031989062828383534,-36959.01476312414,145331.797423239,-10802.772119682915,2.791000000000128e-06
1.1252484911097993,0.406875106020021,-0.031999187952460685,-37018.825082986354,145365.36193982934,-10125.124077150065,2.792000000000128e-06
1.1252113869415807,0.4070204951415002,-0.032008636976554594,-37104.1682184869,145389.12147917727,-9449.024093908769,2.793000000000128e-06
1.125174172009709,0.4071658981616485,-0.03201741254363252,-37214.93187166088,145403.02014830516,-8775.567077927757,2.794000000000128e-06
1.125136821047163,0.4073113051796935,-0.03202551838721371,-37350.96254590648,145407.0180449751,-8105.84358118214,2.7950000000001282e-06
1.1250993089813586,0.40745670627102454,-0.03203295932524762,-37512.0658045512,145401.0913310161,-7440.938033914075,2.7960000000001283e-06
1.1250616109747629,0.40760209150330423,-0.03203974125223694,-37698.00659568464,145385.2322797031,-6781.926989322679,2.7970000000001284e-06
1.1250237024651202,0.40774745095260134,-0.03204587112961846,-37908.509642685916,145359.44929710624,-6129.87738151421,2.7980000000001285e-06
1.1249855592052205,0.40789277471951874,-0.03205135697441798,-38143.259899768935,145323.7669173707,-5485.8447995187025,2.7990000000001285e-06
1.1249471573021488,0.40803805294529066,-0.03205620784619813,-38401.903071763736,145278.22577192847,-4850.871780149948,2.8000000000001286e-06
1.1249084732559516,0.4081832758278233,-0.03206043383232058,-38684.04619724998,145222.8825326845,-4225.986122452112,2.8010000000001287e-06
1.1248694839976574,0.4083284336376526,-0.03206404603154702,-38989.258294057254,145157.80982926072,-3612.1992264383316,2.8020000000001288e-06
1.1248301669265914,0.408473516733793,-0.032067056536005806,-39317.07106604775,145083.09614042225,-3010.504458784483,2.803000000000129e-06
1.1247904999469214,0.40861851557945283,-0.0320694784115539,-39666.97966999967,144998.84565985133,-2421.8755480950904,2.804000000000129e-06
1.12475046150338,0.4087634207575893,-0.03207132567656621,-40038.44354131452,144905.17813647407,-1847.2650123079845,2.805000000000129e-06
1.1247100306161029,0.4089082229862789,-0.03207261327918696,-40430.88727717848,144802.2286895859,-1287.6026207501443,2.806000000000129e-06
1.124669186914527,0.4090529131338779,-0.032073357073080254,-40843.70157571792,144690.1475990608,-743.7938932990264,2.807000000000129e-06
1.1246279106702974,0.4091974822339489,-0.032073573791719295,-41276.244229600714,144569.10007096903,-216.71863904194197,2.8080000000001292e-06
1.124586182829125,0.4093419214999279,-0.032073281021256055,-41727.841172450135,144439.26597896655,292.77046323942136,2.8090000000001293e-06
1.1245439850415486,0.4094862223395097,-0.03207249717201555,-42197.78757635527,144300.83958185752,783.8492405011164,2.8100000000001294e-06
1.1245012996925499,0.40963037636872746,-0.032071241448660956,-42685.34899868255,144154.029217769,1255.7233545998095,2.8110000000001294e-06
1.1244581099299735,0.4097743754257029,-0.03206953381907788,-43189.76257631602,143999.0569754138,1707.6295830760532,2.8120000000001295e-06
1.1244143996917082,0.40991821158404584,-0.032067394982028354,-43710.23826538074,143836.15834295365,2138.8370495263184,2.8130000000001296e-06
1.1243701537315838,0.41006187716588083,-0.03206484633362674,-44245.96012443319,143665.5818350103,2548.64840161383,2.8140000000001297e-06
1.1243253576439447,0.4102053647544792,-0.03206190993269189,-44796.08763903543,143487.5885984069,2936.4009348528234,2.8150000000001297e-06
1.1242799978868592,0.41034866720647645,-0.0320586084650315,-45359.75708556629,143302.45199725596,3301.467660388136,2.81600000000013e-06
1.124234061803927,0.41049177766365447,-0.03205496520671642,-45936.082932062476,143110.45717804233,3643.2583150819523,2.81700000000013e-06
1.1241875376446533,0.41063468956426985,-0.032051003986404106,-46524.15927382575,142911.90061538276,3961.220312311874,2.81800000000013e-06
1.1241404145833518,0.410777396653909,-0.03204674914677213,-47123.06130147947,142707.08963917373,4254.839631979163,2.81900000000013e-06
1.1240926827365527,0.41091989299585285,-0.032042225505123804,-47731.84679910809,142496.34194386905,4523.641648322854,2.82000000000013e-06
1.1240443331788827,0.4110621729809335,-0.03203745831322957,-48349.55767006773,142279.98508065834,4767.1918942342845,2.82100000000013e-06
1.1239953579573947,0.41120423133686684,-0.0320324732164687,-48975.221488013936,142058.35593334446,4985.096760867347,2.8220000000001303e-06
1.123945750104324,0.4113460631370456,-0.03202729621233726,-49607.85307065478,141831.8001787447,5177.004131442243,2.8230000000001304e-06
1.1238955036482503,0.41148766380877805,-0.03202195360838902,-50246.45607370307,141600.67173246617,5342.60394824454,2.8240000000001304e-06
1.1238446136236477,0.411629029140959,-0.032016471979677094,-50890.02460247145,141365.33218092917,5481.628711926844,2.8250000000001305e-06
1.1237930760788093,0.4117701552911595,-0.032010878125764766,-51537.54483852768,141126.1502005362,5593.853912327103,2.8260000000001306e-06
1.1237408880821305,0.41191103879212443,-0.03200519902737464,-52187.99667880509,140883.50096490476,5679.098390125445,2.8270000000001307e-06
1.123688047726746,0.41205167655766556,-0.03199946180274587,-52840.35538454489,140637.76554110224,5737.224628770255,2.8280000000001307e-06
1.1236345541335084,0.4121920658879414,-0.031993693663769654,-53493.5932374329,140389.33027584103,5768.138976213848,2.829000000000131e-06
1.1235804074523081,0.412332204474114,-0.031987921871973544,-54146.68120028259,140138.58617260758,5771.791796108364,2.830000000000131e-06
1.1235256088617285,0.4124720904023747,-0.03198217369442532,-54798.59057961063,139885.92826071652,5748.177548223269,2.831000000000131e-06
1.123470160567041,0.412611722157332,-0.03197647635962736,-55448.294687448615,139631.75495729424,5697.334797957004,2.832000000000131e-06
1.1234140657965412,0.41275109862475523,-0.03197085701347243,-56094.770499736675,139376.46742320957,5619.346154926589,2.833000000000131e-06
1.1233573287962326,0.4128902190936692,-0.0319653426753317,-56737.00030865063,139120.46891398073,5514.3381407302995,2.834000000000131e-06
1.1232999548228664,0.41302908325779586,-0.03195996019434561,-57373.97336622428,138864.1641266968,5382.480986089763,2.8350000000001313e-06
1.1232419501353497,0.41316769121633984,-0.031954736205987926,-58004.687516642356,138607.95854400072,5223.988357688673,2.8360000000001313e-06
1.123183321984535,0.41330604347411604,-0.03194969708897279,-58628.15081459782,138352.2577761872,5039.117015135809,2.8370000000001314e-06
1.1231240786014078,0.4134441409410185,-0.0319448689225742,-59243.383127128924,138097.46690247348,4828.166398589868,2.8380000000001315e-06
1.1230642291836914,0.413581984930831,-0.031940277444426506,-59849.41771637743,137843.9898125045,4591.47814769273,2.8390000000001316e-06
1.1230037838808906,0.4137195771593801,-0.03193594800887394,-60445.30280073931,137592.2285491558,4329.4355525659375,2.8400000000001316e-06
1.1229427537777987,0.4138569197420338,-0.03193190554593621,-61030.1030919126,137342.582653697,4042.462937732278,2.8410000000001317e-06
1.1228811508764933,0.4139940151905482,-0.03192817452095628,-61602.901305384905,137095.44851437685,3731.024979930249,2.8420000000001318e-06
1.1228189880768513,0.41413086640926766,-0.03192477889499539,-62162.79964194402,136851.21871948836,3395.6259608936894,2.843000000000132e-06
1.1227562791556134,0.41426747669068364,-0.031921742086039116,-62708.9212378402,136610.28141596616,3036.8089562718214,2.844000000000132e-06
1.1226930387440321,0.4144038497103582,-0.03191908693107715,-63240.41158127733,136373.01967456247,2655.1549619662746,2.845000000000132e-06
1.1226292823041393,0.41453998952122084,-0.03191683564911789,-63756.4398929622,136139.8108626386,2251.2819592611036,2.846000000000132e-06
1.1225650261036708,0.41467590054724646,-0.03191500980519767,-64256.20046849709,135911.0260256,1825.84392021932,2.847000000000132e-06
1.1225002871896903,0.4148115875765244,-0.03191363027544275,-64738.91398045989,135687.02927798932,1379.5297549148056,2.8480000000001322e-06
1.1224350833609522,0.41494705575372964,-0.03191271721324059,-65203.82873807857,135468.17720524003,913.0622021615893,2.8490000000001323e-06
1.1223694331390497,0.41508231057200673,-0.0319122900165751,-65650.22190247274,135254.8182770769,427.1966654931357,2.8500000000001324e-06
1.1223033557383941,0.41521735786428027,-0.03191236729657886,-66077.40065550388,135047.292273533,-77.28000376757086,2.8510000000001325e-06
1.1222368710350739,0.4153522037940048,-0.031912966847353286,-66484.70332034839,134845.92972453474,-599.5507744209265,2.8520000000001325e-06
1.122169999534642,0.4154868548453688,-0.031914105617105566,-66871.5004319822,134651.0513639857,-1138.7697522777655,2.8530000000001326e-06
1.1221027623388862,0.41562131781296807,-0.0319157996806495,-67237.19575584443,134462.96759925905,-1694.0635439321054,2.8540000000001327e-06
1.1220351811116331,0.41575559979096505,-0.03191806421331475,-67581.22725302784,134281.97799698444,-2264.532665254555,2.8550000000001328e-06
1.1219672780436427,0.415889708161751,-0.03192091346630712,-67903.06799042808,134108.37078599082,-2849.252992368013,2.856000000000133e-06
1.1218990758166483,0.41602365058412927,-0.03192436074355992,-68202.2269943693,133942.42237824012,-3447.2772527973275,2.857000000000133e-06
1.1218305975666019,0.4161574349810378,-0.031928418380114336,-68478.25004631269,133784.3969085593,-4057.636554418026,2.858000000000133e-06
1.1217618668461826,0.41629106952683176,-0.031933097722064104,-68730.72041934564,133634.54579394846,-4679.3419497663035,2.859000000000133e-06
1.1216929075866284,0.41642456263414496,-0.03193840910809732,-68959.25955424183,133493.10731321262,-5311.38603321318,2.860000000000133e-06
1.1216237440589545,0.4165579229403526,-0.03194436185266577,-69163.52767397853,133360.30620763285,-5952.744568450333,2.861000000000133e-06
1.1215544008346188,0.41669115929365597,-0.03195096423080945,-69343.22433569419,133236.35330335863,-6602.378143683503,2.8620000000001333e-06
1.1214849027456997,0.4168242807388121,-0.03195822346466134,-69498.0889191685,133121.4451561695,-7259.233851881891,2.8630000000001334e-06
1.1214152748446486,0.4169572965025313,-0.03196614571165473,-69627.90105100788,133015.7637192179,-7922.246993388463,2.8640000000001334e-06
1.1213455423636849,0.41709021597856566,-0.03197473605445288,-69732.48096382157,132919.4760343285,-8590.34279815688,2.8650000000001335e-06
1.1212757306738952,0.41722304871251303,-0.03198399849261773,-69811.68978977673,132832.73394739116,-9262.438164845724,2.8660000000001336e-06
1.1212058652441073,0.4173558043863614,-0.0319939359360317,-69865.42978802638,132755.67384834634,-9937.443413970084,2.8670000000001337e-06
1.1211359715996017,0.4174884928027976,-0.032004550200083984,-69893.64450560897,132688.4164362208,-10614.26405228433,2.8680000000001337e-06
1.1210660752807302,0.4176211238693072,-0.03201584200262953,-69896.31887152592,132631.06650963167,-11291.802545548138,2.869000000000134e-06
1.1209962018015065,0.41775370758209035,-0.03202781096272634,-69873.47922381003,132583.71278313472,-11968.960096810652,2.870000000000134e-06
1.120926376608237,0.4178862540098201,-0.03204045560115368,-69825.19326950648,132546.42772975078,-12644.638427335012,2.871000000000134e-06
1.1208566250382592,0.41801877327727005,-0.03205377334271096,-69751.56997759562,132519.2674499605,-13317.741557277535,2.872000000000134e-06
1.1207869722788542,0.41815127554883746,-0.03206776052029419,-69652.75940499602,132502.27156741454,-13987.177583232478,2.873000000000134e-06
1.1207174433263982,0.41828377101198905,-0.03208241238074395,-69528.95245589437,132495.46315156194,-14651.86044975471,2.874000000000134e-06
1.1206480629458235,0.4184162698606564,-0.032097723092455926,-69380.38057475736,132498.84866735456,-15310.711711978758,2.8750000000001343e-06
1.1205788556304501,0.41854878227860853,-0.03211368575474239,-69207.315373489,132512.4179521405,-15962.662286463461,2.8760000000001343e-06
1.1205098455622569,0.41868131842282835,-0.0321302924089298,-69010.06819330393,132536.14421981436,-16606.65418740711,2.8770000000001344e-06
1.1204410565726548,0.4188138884069206,-0.032147534051175194,-68788.98960199501,132569.98409224593,-17241.642245398234,2.8780000000001345e-06
1.1203725121038275,0.4189465022845785,-0.032165400646981084,-68544.46882737857,132613.87765796392,-17866.595805892208,2.8790000000001346e-06
1.1203042351706998,0.41907917003313655,-0.03218388114738572,-68276.93312780655,132667.74855802517,-18480.50040463371,2.8800000000001346e-06
1.120236248323599,0.4192119015372355,-0.032202963506802997,-67986.8471007382,132731.504098954,-19082.359417279295,2.8810000000001347e-06
1.1201685736116687,0.41934470657262807,-0.03222263470248351,-67674.71193046634,132805.03539259106,-19671.195680513618,2.8820000000001348e-06
1.1201012325470925,0.41947759479015073,-0.03224288075556551,-67341.06457619419,132888.21752264517,-20246.05308199635,2.883000000000135e-06
1.1200342460701906,0.4196105756998884,-0.03226368675368203,-66986.47690175791,132980.9097376967,-20805.998116525097,2.884000000000135e-06
1.1199676345154423,0.4197436586555588,-0.03228503687508789,-66611.5547483867,133082.95567035652,-21350.121405852322,2.885000000000135e-06
1.1199014175784903,0.41987685283914106,-0.032306914414267536,-66216.9369519879,133194.1835822395,-21877.539179651292,2.886000000000135e-06
1.1198356142841837,0.42001016724577545,-0.032329301808982726,-65803.2943065368,133314.40663436838,-22387.394715187544,2.887000000000135e-06
1.1197702429557084,0.420143610668958,-0.03235218066871604,-65371.328475241564,133443.4231825805,-22878.85973331795,2.8880000000001352e-06
1.119705321184857,0.4202771916860555,-0.03237553180446455,-64921.77085124082,133581.0170974667,-23351.135748509314,2.8890000000001353e-06
1.1196408658034873,0.4204109186441638,-0.03239933525983519,-64455.38136967706,133726.95810833116,-23803.455370642154,2.8900000000001354e-06
1.1195768928562142,0.4205447996463344,-0.03242357034339163,-63972.947273070306,133881.0021706187,-24235.083556443115,2.8910000000001355e-06
1.1195134175743822,0.4206788425381906,-0.0324482156622001,-63475.281831995824,134042.89185621726,-24645.31880847094,2.8920000000001355e-06
1.119450454351359,0.42081305489495663,-0.03247324915651977,-62963.223023145045,134212.35676600336,-25033.494319666137,2.8930000000001356e-06
1.119388016719192,0.4209474440089206,-0.032498648135581336,-62437.63216692125,134389.1139639612,-25398.97906156313,2.8940000000001357e-06
1.1193261173266653,0.42108201687735275,-0.03252438931439569,-61899.392526790216,134572.86843216853,-25741.17881435578,2.8950000000001358e-06
1.1192647679187926,0.42121678019089864,-0.03255044885153279,-61349.40787267127,134763.3135459077,-26059.537137102514,2.896000000000136e-06
1.119203979317782,0.42135174032246675,-0.032576802387809245,-60788.60101071518,134960.1315681252,-26353.53627645548,2.897000000000136e-06
1.1191437614055,0.4214869033166292,-0.03260342508582165,-60217.91228187312,135162.99416243058,-26622.698012399615,2.898000000000136e-06
1.1190841231074682,0.421622274879553,-0.03263029167026124,-59638.29803171401,135371.56292379432,-26866.584439591275,2.899000000000136e-06
1.119025072378414,0.4217578603694791,-0.03265737646894423,-59050.72905399697,135585.48992607297,-27084.798682992707,2.900000000000136e-06
1.1189666161894036,0.4218936647877646,-0.03268465345449084,-58456.18901055065,135804.41828546298,-27276.985546607382,2.901000000000136e-06
1.1189087605165735,0.4220296927705035,-0.03271209628658507,-57855.67283005201,136027.9827389563,-27442.83209423228,2.9020000000001363e-06
1.118851510331485,0.42216594858074036,-0.03273967835474633,-57250.185088333266,136255.8102368462,-27582.068161256153,2.9030000000001364e-06
1.1187948695931123,0.42230243610128865,-0.032767372821542975,-56640.73837287802,136487.52054830734,-27694.466796647503,2.9040000000001364e-06
1.118738841241478,0.4224391588281677,-0.03279515266617737,-56028.35163419458,136722.726879053,-27779.844634392295,2.9050000000001365e-06
1.1186834271929513,0.42257611986466775,-0.03282299072837113,-55414.048526777464,136961.03650005136,-27838.062193759062,2.9060000000001366e-06
1.1186286283372089,0.42271332191605404,-0.03285085975247902,-54798.85574238627,137202.05138626447,-27869.024107887766,2.9070000000001367e-06
1.1185744445358705,0.4228507672849184,-0.03287873243175934,-54183.80133838447,137445.36886435657,-27872.679280318534,2.9080000000001367e-06
1.1185208746228066,0.4229884578671867,-0.03290658145272853,-53569.91306388954,137690.58226830408,-27849.02096919665,2.909000000000137e-06
1.1184679164061202,0.4231263951487885,-0.03293437953952754,-52958.21668649,137937.28160182608,-27798.08679901115,2.910000000000137e-06
1.1184155666717979,0.42326458020299507,-0.032962099498227385,-52349.73432228408,138185.05420654285,-27719.958699845472,2.911000000000137e-06
1.1183638211890259,0.4234030136884298,-0.032989714261001626,-51745.48277198946,138433.48543476127,-27614.762774239673,2.912000000000137e-06
1.1183126747171601,0.4235416958477556,-0.033017196930093515,-51146.47186586352,138682.15932577787,-27482.669091884898,2.913000000000137e-06
1.11826212101434,0.4236806265070402,-0.033044520821506,-50553.70282015842,138930.65928458536,-27323.891412491263,2.914000000000137e-06
1.1182121528477322,0.4238198050758021,-0.033071659508343294,-49968.16660781615,139178.56876186456,-27138.686837290294,2.9150000000001373e-06
1.1181627620053862,0.4239592305477362,-0.03309858686373305,-49390.842346084304,139425.4719341422,-26927.355389752298,2.9160000000001373e-06
1.1181139393096826,0.4240989015021192,-0.033125277103259264,-48822.695703704674,139670.954382995,-26690.239526217076,2.9170000000001374e-06
1.1180656746323523,0.42423881610589137,-0.03315170482683652,-48264.677330293496,139914.60377218312,-26427.72357725325,2.9180000000001375e-06
1.1180179569110418,0.42437897211641296,-0.033177845059957196,-47717.72131049429,140156.01052159953,-26140.233120676883,2.9190000000001376e-06
1.1179707741673963,0.4245193668848899,-0.03320367329424447,-47182.7436454422,140394.76847692806,-25828.234287273684,2.9200000000001376e-06
1.1179241135266322,0.4246599973604638,-0.03322916552724485,-46660.64076403197,140630.4755739107,-25492.23300038103,2.9210000000001377e-06
1.1178779612385659,0.42480086009495993,-0.033254298301395445,-46152.28806643129,140862.734496134,-25132.774150595626,2.9220000000001378e-06
1.1178323027000636,0.4249419512482852,-0.03327904874210243,-45658.538502225994,141091.15332525654,-24750.440706980193,2.923000000000138e-06
1.117787122478878,0.4250832665944678,-0.033303394594868675,-45180.22118552475,141315.3461826114,-24345.852766247557,2.924000000000138e-06
1.1177424043388287,0.425224801528329,-0.033327314261410175,-44718.1400492882,141534.9338611341,-23919.666541502782,2.925000000000138e-06
1.1176981312662875,0.42536655107277554,-0.0333507868347024,-44273.07254108049,141749.54444658177,-23472.573292223628,2.926000000000138e-06
1.117654285497925,0.4255085098867026,-0.033373792132899656,-43845.76836237106,141958.81392702842,-23005.298197256066,2.927000000000138e-06
1.1176108485496716,0.42565067227349224,-0.03339631073207235,-43436.94825344053,142162.38678964094,-22518.59917269501,2.9280000000001382e-06
1.1175678012468457,0.425793032190096,-0.033418323997708964,-43047.30282586713,142359.91660376234,-22013.265636610435,2.9290000000001383e-06
1.1175251237554011,0.42593558325668535,-0.03343981411493163,-42677.4914444898,142551.0665893512,-21490.11722266568,2.9300000000001384e-06
1.1174827956142406,0.4260783187668552,-0.03346076411737639,-42328.14116066012,142735.510169852,-20950.002444757698,2.9310000000001385e-06
1.1174407957685422,0.4262212316983638,-0.03348115791469128,-41999.84569850879,142912.93150859638,-20393.79731488822,2.9320000000001385e-06
1.1173991026040464,0.4263643147243917,-0.03350098031860783,-41693.164495863,143083.02602786288,-19822.403916550255,2.9330000000001386e-06
1.117357693982245,0.42650756022530145,-0.033520217067543816,-41408.62180135872,143245.50090975262,-19236.748935985583,2.9340000000001387e-06
1.1173165472764157,0.4266509603008795,-0.033538854849697555,-41146.70582919789,143400.07557806713,-18637.782153736305,2.9350000000001388e-06
1.1172756394084429,0.42679450678303993,-0.033556881324596534,-40907.86797290329,143546.4821604073,-18026.474898976485,2.936000000000139e-06
1.1172349468863636,0.4269381912489697,-0.0335742851430657,-40692.5220793253,143684.46592974445,-17403.81846916874,2.937000000000139e-06
1.1171944458425795,0.42708200503469446,-0.033591055965583344,-40501.043784053974,143813.7857247484,-16770.822517644996,2.938000000000139e-06
1.1171541120726702,0.4272259392490427,-0.033607184478995106,-40333.76990928704,143934.2143481924,-16128.5134117606,2.939000000000139e-06
1.1171139210747452,0.4273699847879855,-0.03362266241155942,-40190.99792510082,144045.53894279082,-15477.932564316314,2.940000000000139e-06
1.1170738480892701,0.42751413234932933,-0.033637482546300404,-40072.98547496531,144147.56134386166,-14820.134740983634,2.9410000000001392e-06
1.117033868139304,0.4276583724477376,-0.033651638732646906,-39979.949966238084,144240.0984082449,-14156.18634650499,2.9420000000001393e-06
1.1169939560710778,0.4278026954300565,-0.033665125896339375,-39912.068226264295,144322.98231894508,-13487.163692471948,2.9430000000001394e-06
1.116954086594853,0.4279470914909215,-0.03367794004758889,-39869.47622460135,144396.0608650064,-12814.151249511331,2.9440000000001394e-06
1.1169142343259912,0.4280915506886177,-0.03369007828747562,-39852.2688617781,144459.19769616873,-12138.239886731279,2.9450000000001395e-06
1.1168743738261664,0.4282360629611696,-0.03370153881257691,-39860.49982488876,144512.2725518931,-11460.52510129659,2.9460000000001396e-06
1.116834479644656,0.428380618142634,-0.03371232091781793,-39894.18151021211,144555.1814643874,-10782.105241015302,2.9470000000001397e-06
1.1167945263596433,0.42852520597956933,-0.03372242499754076,-39953.285012937,144587.83693530326,-10104.079722826315,2.9480000000001397e-06
1.1167544886194594,0.42866981614765515,-0.03373185254479084,-40037.74018396519,144610.16808581905,-9427.547250080934,2.94900000000014e-06
1.1167143411837057,0.428814438268435,-0.03374060614882235,-40147.43575365373,144622.1207798649,-8753.604031509683,2.95000000000014e-06
1.1166740589641835,0.4289590619261553,-0.033748689490827107,-40282.21952224992,144623.65772028934,-8083.342004759359,2.95100000000014e-06
1.1166336170655669,0.4291036766846731,-0.033756107337894484,-40441.89861666397,144614.75851781023,-7417.8470673743595,2.95200000000014e-06
1.1165929908257537,0.42924827210440575,-0.033762865535212565,-40626.23981311712,144595.4197326355,-6758.1973180807845,2.95300000000014e-06
1.1165521558558287,0.42939283775929443,-0.033768970996523776,-40834.96992509676,144565.654888683,-6105.461311211613,2.95400000000014e-06
1.1165110880795728,0.4295373632537548,-0.03377443169285086,-41067.77625594503,144525.49446037205,-5460.696327086616,2.9550000000001403e-06
1.1164697637724574,0.4296818382395868,-0.03377925663951199,-41324.30711530357,144474.98583200263,-4824.946661131557,2.9560000000001403e-06
1.116428159600059,0.4298262524328166,-0.03378345588144648,-41604.172398535025,144414.1932297815,-4199.241934487737,2.9570000000001404e-06
1.1163862526558308,0.42997059563044315,-0.03378704047687531,-41906.94422814121,144343.19762659812,-3584.5954288251282,2.9580000000001405e-06
1.1163440204981747,0.43011485772706287,-0.03379002247932334,-42232.1576560993,144262.09661969554,-2982.002448030317,2.9590000000001406e-06
1.1163014411867487,0.4302590287313443,-0.03379241491803273,-42579.311425940454,144171.00428142486,-2392.438709394288,2.9600000000001406e-06
1.1162584933179553,0.43040309878232763,-0.033794231776799605,-42947.8687933009,144070.050983314,-1816.858766874882,2.9610000000001407e-06
1.1162151560595517,0.43054705816552136,-0.03379548797126856,-43337.258403582826,143959.38319372348,-1256.1944689545485,2.962000000000141e-06
1.1161714091843264,0.43069089732877075,-0.033796199324722116,-43746.875225272786,143839.16324940362,-711.3534535560218,2.963000000000141e-06
1.1161272331027892,0.43083460689787206,-0.03379638254240453,-44176.08153737747,143709.5691013089,-183.21768241674772,2.964000000000141e-06
1.11608260889482,0.4309781776919071,-0.03379605518442179,-44624.2079693522,143570.79403506548,327.35798274248896,2.965000000000141e-06
1.116037518340228,0.43112160073827366,-0.0337952356372618,-45090.55459181522,143423.04636652765,819.547159988231,2.966000000000141e-06
1.1159919439481718,0.43126486728738656,-0.03379394308398111,-45574.39205626167,143266.5491128993,1292.553280690106,2.967000000000141e-06
1.1159458689853898,0.4314079688270265,-0.033792197473106446,-46074.96278191508,143101.53963993347,1745.6108746630648,2.9680000000001412e-06
1.115899277503202,0.4315508970963122,-0.03379001948630155,-46591.48218778084,142928.26928576254,2177.9868048962503,2.9690000000001413e-06
1.115852154363234,0.4316936440992742,-0.03378743050485164,-47123.139967896364,142747.00296194706,2588.9814499103722,2.9700000000001414e-06
1.1158044852618263,0.43183620211800655,-0.03378445257501977,-47669.10140770581,142558.01873236866,2977.9298318701426,2.9710000000001415e-06
1.1157562567530868,0.4319785637253772,-0.0337811083723311,-48228.50873942416,142361.60737062668,3344.2026886656977,2.9720000000001415e-06
1.1157074562705525,0.43212072179727384,-0.033777421164842836,-48800.48253419523,142158.07189663284,3687.207488266941,2.9730000000001416e-06
1.1156580721474236,0.432262669524367,-0.03377341477545909,-49384.12312879224,141947.7270931315,4006.3893837472256,2.9740000000001417e-06
1.115608093635339,0.43240440042336986,-0.03376911354335162,-49978.512084556474,141730.89900290477,4301.232107467593,2.9750000000001418e-06
1.1155575109216627,0.43254590834777734,-0.03376454228454861,-50582.71367622065,141507.92440745304,4571.258803009769,2.976000000000142e-06
1.1155063151452544,0.43268718749806534,-0.033759726251755065,-51195.776408218226,141279.15028797166,4816.032793545151,2.977000000000142e-06
1.1154544984106984,0.43282823243133484,-0.03375469109346964,-51816.73455603815,141044.93326947207,5035.158285427931,2.978000000000142e-06
1.1154020538009684,0.4329690380703838,-0.033749462812463736,-52444.609730146905,140805.6390489243,5228.281005903127,2.979000000000142e-06
1.1153489753885084,0.4331095997121921,-0.03374406772368981,-53078.41245996562,140561.641808323,5395.088773924582,2.980000000000142e-06
1.115295258244713,0.4332499130358057,-0.03373853241168663,-53717.14379536015,140313.32361360439,5535.31200318361,2.9810000000001422e-06
1.11524089844779,0.43338997410960606,-0.03373288368755008,-54359.7969230758,140061.07380036433,5648.724136555958,2.9820000000001423e-06
1.1151858930889944,0.4335297793979534,-0.03372714854553879,-55005.35879552639,139805.28834735072,5735.142011282821,2.9830000000001424e-06
1.1151302402772252,0.43366932576719214,-0.03372135411938448,-55652.81176932895,139546.36923872272,5794.426154310704,2.9840000000001424e-06
1.1150739391419742,0.4338086104910082,-0.03371552763837716,-56301.13525096168,139284.72381608924,5826.481007324788,2.9850000000001425e-06
1.1150169898346272,0.4339476312551296,-0.03370969638329604,-56949.307346912035,139020.76412135674,5831.255081121009,2.9860000000001426e-06
1.1149593935281115,0.434086386161361,-0.033703887642256965,-57596.30651567646,138754.9062314313,5808.741039073062,2.9870000000001427e-06
1.1149011524148924,0.43422487373094687,-0.0336981286665474,-58241.11321897052,138487.56958583609,5758.975709561935,2.9880000000001427e-06
1.114842269703323,0.43436309290725517,-0.03369244662652005,-58882.71156951075,138219.17630831653,5682.040027347171,2.989000000000143e-06
1.1147827496123501,0.4345010430577787,-0.03368686856761608,-59520.09097273514,137950.15052351783,5578.05890397059,2.990000000000143e-06
1.1147225973645902,0.4346387239754485,-0.033681421366588686,-60152.24775983935,137680.91766982857,5447.201027394741,2.991000000000143e-06
1.1146618191777806,0.434776135879258,-0.0336761316879975,-60778.186809519786,137411.90380949204,5289.678591189516,2.992000000000143e-06
1.1146004222546249,0.4349132794141951,-0.033671025941043806,-61396.923155832475,137143.53493709335,5105.7469536910885,2.993000000000143e-06
1.1145384147710453,0.43505015565048266,-0.03366613023681614,-62007.48357959883,136876.23628753476,4895.704227667509,2.994000000000143e-06
1.1144758058628645,0.43518676608212725,-0.03366147034601501,-62608.90818081504,136610.43164461432,4659.890801134686,2.9950000000001433e-06
1.114412605610935,0.4353231126247786,-0.03365707165722493,-63200.25192955158,136346.54265132413,4398.688790074928,2.9960000000001433e-06
1.114348825024742,0.4354591976129016,-0.03365295913580101,-63780.586192863084,136084.98812298384,4112.521423917702,2.9970000000001434e-06
1.1142844760245068,0.4355950237962659,-0.033649157283436266,-64349.00023526583,135826.18336432223,3801.85236474839,2.9980000000001435e-06
1.1142195714218164,0.4357305943357575,-0.03364569009847495,-64904.60269038156,135570.539491616,3467.184961315691,2.9990000000001436e-06
1.114154124898815,0.4358659127985185,-0.033642581037035935,-65446.523001390946,135318.4627609881,3109.061439011607,3.0000000000001436e-06
1.114088150985987,0.43600098315242247,-0.033639852975008835,-65973.91282798843,135070.35390396128,2728.0620270995373,3.0010000000001437e-06
1.1140216650385695,0.4361358097598938,-0.03363752817098427,-66485.94741758231,134826.60747135154,2324.8040245658312,3.002000000000144e-06
1.113954683211631,0.43627039737108037,-0.033635628230178204,-66981.8269385393,134587.61118657643,1899.9408060679227,3.003000000000144e-06
1.1138872224338576,0.4364047511163898,-0.033634174069408655,-67460.77777333191,134353.74530943861,1454.160769547884,3.004000000000144e-06
1.113819300380088,0.43653887649840123,-0.03363318588318148,-67922.05376950893,134125.38201143147,988.1862271736118,3.005000000000144e-06
1.1137509354426416,0.43667277938316484,-0.03363268311094012,-68364.9374464754,133902.88476359606,502.7722413609015,3.006000000000144e-06
1.1136821467014855,0.4368064659909028,-0.0336326844055324,-68788.74115613654,133686.6077379411,-1.2945922819346833,3.007000000000144e-06
1.11361295389329,0.4369399428861262,-0.03363320760294556,-69192.80819553259,133476.89522341746,-523.1974131594736,3.0080000000001442e-06
1.1135433773794203,0.4370732169671836,-0.033634269693358594,-69576.51386966559,133274.08105741654,-1062.0904130342753,3.0090000000001443e-06
1.1134734381129174,0.43720629545525735,-0.033635886793559014,-69939.26650279778,133078.48807373972,-1617.10020042137,3.0100000000001444e-06
1.113403157604521,0.43733918588282533,-0.03363807412076888,-70280.50839658079,132890.42756795985,-2187.327209865003,3.0110000000001445e-06
1.1133325578877875,0.4374718960816064,-0.03364084596792274,-70599.71673345876,132710.19878106995,-2771.847153856853,3.0120000000001445e-06
1.1132616614833637,0.4376044341700087,-0.03364421568043782,-70896.40442387387,132538.08840228632,-3369.7125150846673,3.0130000000001446e-06
1.1131904913624677,0.43773680854010055,-0.033648195634514454,-71170.1208958911,132374.37009184292,-3979.954076633449,3.0140000000001447e-06
1.1131190709096417,0.4378690278441251,-0.03365279721700215,-71420.45282594934,132219.3040245838,-4601.582487698091,3.0150000000001448e-06
1.1130474238848322,0.43800110098058026,-0.033658030806864456,-71647.0248095391,132073.1364551267,-5233.589862306846,3.016000000000145e-06
1.1129755743848615,0.4381330370798856,-0.03366390575827295,-71849.49997070139,131936.09930533802,-5874.951408499273,3.017000000000145e-06
1.1129035468043522,0.43826484548966044,-0.0336704303853583,-72027.58050933928,131808.40977482364,-6524.62708535054,3.018000000000145e-06
1.1128313657961668,0.43839653575963555,-0.033677611948643486,-72181.00818543206,131690.26997510303,-7181.563285186113,3.019000000000145e-06
1.1127590562314276,0.4385281176262236,-0.033685456643181774,-72309.56473934211,131581.86658809762,-7844.6945382872245,3.020000000000145e-06
1.11268664315918,0.43865960099677315,-0.03369396958841912,-72413.07224750622,131483.37054952394,-8512.945237347993,3.0210000000001452e-06
1.112614151765767,0.4387909959335309,-0.033703154819798034,-72491.39341290586,131394.93675774292,-9185.23137890984,3.0220000000001453e-06
1.1125416073339773,0.43892231263733944,-0.033713015282117,-72544.43178981548,131316.70380857526,-9860.46231896803,3.0230000000001454e-06
1.112469035202035,0.439053561431096,-0.03372355282465692,-72572.13194243266,131248.79375655082,-10537.542539918666,3.0240000000001455e-06
1.1123964607224979,0.439184752742999,-0.033734768198082916,-72574.47953710036,131191.31190301667,-11215.3734259926,3.0250000000001455e-06
1.11232390922113,0.4393158970896105,-0.03374666105312722,-72551.501367938,131144.3466114849,-11892.855044305259,3.0260000000001456e-06
1.1122514059558142,0.43944700505876105,-0.03375922994105586,-72503.26531580587,131107.9691505564,-12568.887928638609,3.0270000000001457e-06
1.1121789760755736,0.4395780872923258,-0.03377247231591892,-72429.88024063433,131082.23356471135,-13242.374863063382,3.0280000000001458e-06
1.1121066445797663,0.43970915446889897,-0.033786384538581425,-72331.49580725806,131067.17657321197,-13912.222662506147,3.029000000000146e-06
1.1120344362775212,0.4398402172863963,-0.03380096188252879,-72208.30224500269,131062.81749731525,-14577.343947367104,3.030000000000146e-06
1.11196237574748,0.4399712864446122,-0.03381619854143809,-72060.53004137955,131069.15821594773,-15236.658909300439,3.031000000000146e-06
1.1118904872979096,0.44010237262776214,-0.033832087638503365,-71888.44957035138,131086.18314994616,-15889.097065279793,3.032000000000146e-06
1.111818794927254,0.4402334864870371,-0.03384862123750045,-71692.37065573891,131113.8592749208,-16533.59899708692,3.033000000000146e-06
1.1117473222851835,0.44036463862319986,-0.033865790355573834,-71472.64207044446,131152.13616274984,-17169.118073381745,3.034000000000146e-06
1.1116760926342113,0.44049583956925153,-0.033883584977725374,-71229.6509722742,131200.94605166567,-17794.622151537125,3.0350000000001463e-06
1.111605128811934,0.44062709977319636,-0.03390199407298183,-70963.8222772449,131260.20394484603,-18409.095256451183,3.0360000000001464e-06
1.1115344531939626,0.44075842958093375,-0.033921005612215414,-70675.61797136428,131329.80773737436,-19011.539233584524,3.0370000000001464e-06
1.1114640876576005,0.44088983921930514,-0.03394060658758892,-70365.53636197599,131409.63837138662,-19600.9753735087,3.0380000000001465e-06
1.1113940535463307,0.4410213387793243,-0.03396078303359422,-70034.11126985998,131499.56001917392,-20176.446005295824,3.0390000000001466e-06
1.1113243716351673,0.44115293819961826,-0.03398152004965035,-69681.91116337785,131599.4202939629,-20737.016056127588,3.0400000000001467e-06
1.1112550620969313,0.4412846472501063,-0.0340028018242249,-69309.5382360492,131709.05048804943,-21281.774574554456,3.0410000000001467e-06
1.1111861444695021,0.4414164755159442,-0.034024611660439796,-68917.62742903916,131828.26583791414,-21809.836214893072,3.042000000000147e-06
1.111117637624102,0.4415484323817601,-0.03404693200312011,-68506.84540012982,131956.86581590312,-22320.342680311238,3.043000000000147e-06
1.1110495597346612,0.44168052701620814,-0.03406974446724233,-68077.88944083753,132094.63444801155,-22812.464122215602,3.044000000000147e-06
1.1109819282483178,0.4418127683568654,-0.034093029867735956,-67631.48634342547,132241.3406572639,-23285.400493627,3.045000000000147e-06
1.110914759857098,0.4419451650954975,-0.034116768250590256,-67168.391219645,132396.7386321406,-23738.38285430229,3.046000000000147e-06
1.110848070470825,0.442077725663717,-0.0341409389252157,-66689.38627312102,132560.56821945834,-24170.674625439373,3.047000000000147e-06
1.1107818751912977,0.4422104582190581,-0.034165520498007584,-66195.27952737434,132732.55534106985,-24581.572791883635,3.0480000000001473e-06
1.110716188287786,0.44234337063149176,-0.034190490907057426,-65686.90351154974,132912.4124337081,-24970.409049839494,3.0490000000001473e-06
1.11065102317388,0.442476470470403,-0.03421582745795561,-65165.11390598995,133099.8389112601,-25336.550898179394,3.0500000000001474e-06
1.1105863923857302,0.44260976499205174,-0.034241506860627144,-64630.78814986381,133294.5216487184,-25679.402671534936,3.0510000000001475e-06
1.110522307561717,0.44274326112753876,-0.03426750526714059,-64084.82401312177,133496.1354870195,-25998.406513450267,3.0520000000001476e-06
1.1104587794235818,0.4428769654712967,-0.034293798310428565,-63528.13813511264,133704.34375794497,-26293.04328797633,3.0530000000001476e-06
1.1103958177590496,0.4430108842701249,-0.034320361143856754,-62961.66453225242,133918.79882822506,-26562.833428186048,3.0540000000001477e-06
1.1103334314059725,0.4431450234127869,-0.03434716848157695,-62386.35307718903,134139.14266195308,-26807.337720194686,3.0550000000001478e-06
1.1102716282380205,0.44327938842018727,-0.03437419463959832,-61803.16795195576,134365.00740038685,-27026.158021376268,3.056000000000148e-06
1.1102104151519427,0.44341398443614544,-0.0344014135775099,-61213.086077650776,134596.01595818484,-27218.937911576097,3.057000000000148e-06
1.1101497980564194,0.4435488162187805,-0.03442879894078613,-60617.09552322062,134831.7826350957,-27385.36327623055,3.058000000000148e-06
1.1100897818625235,0.4436838881325226,-0.03445632410360655,-60016.19389596142,135071.9137420947,-27525.1628204186,3.059000000000148e-06
1.1100303704758072,0.44381920414076353,-0.03448396221211954,-59411.38671638353,135316.00824093536,-27638.10851298448,3.060000000000148e-06
1.1099715667900272,0.4439547677991596,-0.03451168622807953,-58803.68578011198,135563.65839606235,-27724.01595998736,3.0610000000001482e-06
1.1099133726825177,0.4440905822495974,-0.034539468972786376,-58194.10750951797,135814.450437811,-27782.744706851958,3.0620000000001483e-06
1.10985578901122,0.4442266502148332,-0.03456728317125509,-57583.671297794564,136067.96523579923,-27814.198468712857,3.0630000000001484e-06
1.1097988156133718,0.44436297399381464,-0.034595101496543657,-56973.39784820281,136323.77898140159,-27818.325288565375,3.0640000000001485e-06
1.1097424513058605,0.4444995554576928,-0.034622896614166614,-56364.3075112234,136581.46387817903,-27795.117622956488,3.0650000000001485e-06
1.109686693887238,0.44463639604653193,-0.034650641226521686,-55757.41862235275,136840.58883912567,-27744.61235507042,3.0660000000001486e-06
1.1096315401413948,0.4447734967667215,-0.03467830811725687,-55153.74584328167,137100.7201895821,-27666.890735184992,3.0670000000001487e-06
1.1095769858428857,0.44491085818909615,-0.034705870195505466,-54554.29850918927,137361.42237465578,-27562.07824859624,3.0680000000001488e-06
1.1095230257639008,0.4450484804477661,-0.034733300539916696,-53960.078984874584,137622.25866998205,-27430.344411230202,3.069000000000149e-06
1.1094696536828683,0.44518636323966077,-0.03476057244240998,-53372.08103243358,137882.79189465358,-27271.902493281596,3.070000000000149e-06
1.1094168623946752,0.4453245058247859,-0.03478765945158132,-52791.288193169574,138142.5851251436,-27087.009171339476,3.071000000000149e-06
1.1093646437224889,0.44546290702719493,-0.0348145354156909,-52218.67218640101,138401.20240904647,-26875.9641095794,3.072000000000149e-06
1.109312988531161,0.4456015652366724,-0.03484117452516162,-51655.19132780197,138658.20947746016,-26639.10947072007,3.073000000000149e-06
1.109261886742191,0.44574047841112724,-0.034867551354519175,-51101.78896987725,138913.17445483842,-26376.829357559567,3.074000000000149e-06
1.109211327350224,0.4458796440796924,-0.0348936409037052,-50559.391967136406,139165.66856514453,-26089.549186022014,3.0750000000001493e-06
1.1091612984410555,0.4460190593465255,-0.03491941863869596,-50028.90916848903,139415.26683314602,-25777.73499075947,3.0760000000001494e-06
1.1091117872111163,0.4461587208953052,-0.03494486053136042,-49511.229939337034,139661.5487796979,-25441.892664466075,3.0770000000001494e-06
1.1090627799884005,0.4462986249944151,-0.03496994309849259,-49007.22271578926,139904.09910987312,-25082.567132171396,3.0780000000001495e-06
1.1090142622548071,0.4464387675028079,-0.03499464343995448,-48517.73359336889,140142.50839281094,-24700.341461887812,3.0790000000001496e-06
1.1089662186698546,0.4465791438765401,-0.03501893927586757,-48043.58495252545,140376.37373216916,-24295.835913091996,3.0800000000001497e-06
1.1089186330957315,0.44671974917596613,-0.035042808982792197,-47585.57412320066,140605.29942608144,-23869.706924623264,3.0810000000001497e-06
1.1088714886236408,0.44686057807358165,-0.035066231628835876,-47144.47209063069,140828.89761553987,-23422.646043681343,3.08200000000015e-06
1.1088247676013963,0.4470016248625018,-0.035089187007633575,-46721.022244497595,141046.7889201423,-22955.37879770297,3.08300000000015e-06
1.1087784516622228,0.44714288346556197,-0.03511165567114456,-46315.93917346893,141258.60306016574,-22468.66351099038,3.08400000000015e-06
1.1087325217547157,0.44728434744502593,-0.035133618961212615,-45929.907507087606,141463.97946395012,-21963.290068055052,3.08500000000015e-06
1.1086869581739087,0.4474260100128855,-0.03515505903983834,-45563.58080689381,141662.56785960204,-21440.078625726994,3.08600000000015e-06
1.1086417405934001,0.44756786404173554,-0.03517595891811451,-45217.58050857751,141854.02885005393,-20899.878276163054,3.08700000000015e-06
1.1085968480984834,0.4477099020762061,-0.035196302483777475,-44892.49491687379,142038.03447054263,-20343.56566296723,3.0880000000001503e-06
1.1085522592202286,0.4478521163449337,-0.035216074527330186,-44588.87825482439,142214.26872760052,-19772.04355271158,3.0890000000001503e-06
1.1085079519704597,0.4479944987730524,-0.03523526076669441,-44307.24976893695,142382.4281186833,-19186.239364217934,3.0900000000001504e-06
1.108463903877568,0.44813704099518403,-0.035253847870352434,-44048.09289167962,142542.22213159065,-18587.103658028096,3.0910000000001505e-06
1.1084200920231055,0.4482797343689069,-0.035271823478940985,-43811.854462652416,142693.3737228696,-17975.608588553518,3.0920000000001506e-06
1.1083764930790958,0.4484225699886813,-0.03528917622526244,-43598.94400967808,142835.61977442552,-17352.746321454386,3.0930000000001506e-06
1.1083330833460048,0.4485655387002089,-0.03530589575268129,-43409.73309095519,142968.71152760074,-16719.527418852664,3.0940000000001507e-06
1.1082898387913054,0.44870863111520287,-0.035321972731876324,-43244.55469931401,143092.41499401897,-16076.979195033715,3.0950000000001508e-06
1.1082467350885759,0.4488518376265454,-0.03533739887592166,-43103.70272951224,143206.51134253084,-15426.144045336729,3.096000000000151e-06
1.1082037476570665,0.44899514842380706,-0.03535216695367264,-42987.4315094027,143310.79726163557,-14768.077750975157,3.097000000000151e-06
1.1081608517016708,0.44913855350910387,-0.0353662708014352,-42895.95539569911,143405.08529679358,-14103.847762564674,3.098000000000151e-06
1.1081180222532359,0.44928204271326594,-0.03537970533290037,-42829.44843495893,143489.20416208552,-13434.531465167835,3.099000000000151e-06
1.1080752342091456,0.4494256057122917,-0.03539246654732806,-42788.044090294534,143562.9990257153,-12761.214427691568,3.100000000000151e-06
1.1080324623741113,0.4495692320440606,-0.03540455153596756,-42771.835034215306,143626.33176889666,-12084.988639495765,3.1010000000001512e-06
1.1079896815011034,0.4497129111252783,-0.03541595848670465,-42780.873007894734,143679.08121770565,-11406.950737088719,3.1020000000001513e-06
1.1079468663323564,0.4498566322686258,-0.03542668668692845,-42815.16874704716,143721.14334752568,-10728.200223797803,3.1030000000001514e-06
1.107903991640382,0.4500003847000856,-0.035436736524613766,-42874.69197448989,143752.43145975494,-10049.837685311699,3.1040000000001515e-06
1.1078610322689226,0.45014415757641607,-0.03544610948761776,-42959.37145935736,143772.87633049136,-9372.96300399364,3.1050000000001515e-06
1.10781796317378,0.450287940002747,-0.035454808161192626,-43069.095142825274,143782.42633095421,-8698.67357486357,3.1060000000001516e-06
1.1077747594634497,0.45043172105026646,-0.03546283622371877,-43203.71033009457,143781.04751944775,-8028.062526140808,3.1070000000001517e-06
1.1077313964395015,0.45057548977397116,-0.035470198440666,-43363.02394827752,143768.72370471645,-7362.216947227912,3.1080000000001518e-06
1.1076878496366318,0.45071923523045176,-0.035476900656793,-43546.8028697216,143745.45648058798,-6702.216127000782,3.109000000000152e-06
1.1076440948623316,0.4508629464956836,-0.03548294978659825,-43754.77430020114,143711.2652318451,-6049.12980524993,3.110000000000152e-06
1.1076001082361002,0.4510066126827949,-0.035488353803038344,-43986.62623130235,143666.18711131348,-5404.016440093123,3.111000000000152e-06
1.107555866228144,0.4511502229597831,-0.03549312172453249,-44242.007956224195,143610.2769881983,-4767.92149415045,3.112000000000152e-06
1.1075113456974959,0.4512937665671508,-0.035497263600274734,-44520.530648116066,143543.60736774743,-4141.875742239314,3.113000000000152e-06
1.1074665239294958,0.4514372328354332,-0.03550079049387804,-44821.76799997314,143466.26828236508,-3526.8936033089503,3.1140000000001522e-06
1.1074213786725708,0.4515806112025875,-0.03550371446537733,-45145.25692501251,143378.36715434433,-2923.9714992919744,3.1150000000001523e-06
1.1073758881742546,0.451723891231218,-0.03550604855162084,-45490.49831635669,143280.02863043218,-2334.086243504179,3.1160000000001524e-06
1.1073300312163898,0.45186706262560644,-0.03550780674508201,-45856.95786475744,143171.39438848454,-1758.1934611734644,3.1170000000001524e-06
1.1072837871494567,0.45201011524852297,-0.035509003971126635,-46244.06693300086,143052.62291651365,-1197.226044624474,3.1180000000001525e-06
1.1072371359259712,0.4521530391377874,-0.035509656063772224,-46651.22348554542,142923.88926447288,-652.092645587373,3.1190000000001526e-06
1.1071900581328993,0.4522958245225566,-0.035509779739979264,-47077.793071857726,142785.38476916746,-123.67620703725242,3.1200000000001527e-06
1.1071425350230375,0.45243846183930936,-0.03550939257251617,-47523.10986182658,142637.3167527219,387.1674630948937,3.1210000000001527e-06
1.1070945485453059,0.45258094174750446,-0.0355085129614421,-47986.477731554514,142479.90819507654,879.611074067772,3.122000000000153e-06
1.107046081373908,0.4527232551448855,-0.03550716010425396,-48467.17139774712,142313.3973810265,1352.8571881326159,3.123000000000153e-06
1.106997116936309,0.4528653931824078,-0.03550535396474609,-48964.43759884526,142138.0375223569,1806.1395078696742,3.124000000000153e-06
1.1069476394399882,0.45300734727876346,-0.03550311524063308,-49477.49632097225,141954.09635566713,2238.7241130137154,3.125000000000153e-06
1.1068976338979215,0.45314910913448,-0.035500465329988275,-50005.54206669912,141761.85571651554,2649.910644805903,3.126000000000153e-06
1.1068470861527568,0.45329067074557056,-0.03549742629655228,-50547.74516456468,141561.6110905537,3039.03343599421,3.127000000000153e-06
1.1067959828996397,0.45343202441671293,-0.03549402083396759,-51103.25311722444,141353.6711423555,3405.462584692211,3.1280000000001533e-06
1.1067443117076536,0.4535731627739356,-0.03549027222899719,-51671.19198604317,141138.35722268213,3748.604970396281,3.1290000000001533e-06
1.1066920610398439,0.4537140787767906,-0.03548620432378664,-52250.66780988997,140916.00285495794,4067.9052105539727,3.1300000000001534e-06
1.106639220271788,0.45385476572999234,-0.035481841477230464,-52840.7680558425,140686.95320176636,4362.846556171391,3.1310000000001535e-06
1.1065857797086887,0.45399521729450454,-0.03547720852550542,-53440.563099458464,140451.56451220557,4632.951725044608,3.1320000000001536e-06
1.1065317306009563,0.4541354274980555,-0.03547233074183412,-54049.107732227516,140210.20355097594,4877.783671299467,3.1330000000001536e-06
1.1064770651582625,0.4542753907450656,-0.03546723379554409,-54665.44269377559,139963.24701009967,5096.946290025267,3.1340000000001537e-06
1.106421776562036,0.45441510182596984,-0.0354619437104882,-55288.59622635634,139711.08090420178,5290.0850558907905,3.135000000000154e-06
1.106365858976387,0.45455455592592015,-0.035456486822893464,-55917.58564913091,139454.09995030827,5456.88759473557,3.136000000000154e-06
1.1063093075574373,0.4546937486328533,-0.03545088973870623,-56551.41894970763,139192.70693314247,5597.084187235334,3.137000000000154e-06
1.106252118461047,0.4548326759449102,-0.03544517929050238,-57189.09639038749,138927.31205692486,5710.44820384772,3.138000000000154e-06
1.1061942888489205,0.45497133427719494,-0.03543938249403203,-57829.61212653965,138658.33228470376,5796.796470352765,3.139000000000154e-06
1.106135816893086,0.4551097204678612,-0.03543352650446862,-58471.955834513305,138386.19066626544,5855.9895634119985,3.140000000000154e-06
1.1060767017787394,0.45524783178351685,-0.03542763857243294,-59115.11434647855,138111.31565569135,5887.93203568012,3.1410000000001542e-06
1.10601694370545,0.4553856659239365,-0.03542174599986282,-59758.073289579086,137834.1404196481,5892.572570114073,3.1420000000001543e-06
1.1059565438867232,0.455523221026074,-0.03541587609579959,-60399.81872677382,137555.1021375118,5869.904063235645,3.1430000000001544e-06
1.1058955045479264,0.45566049566736844,-0.035410056132162374,-61039.338796742595,137274.641294443,5819.963637215387,3.1440000000001545e-06
1.1058338289225762,0.455797488868337,-0.035404313299581616,-61675.62535023367,136993.20096854088,5742.832580757513,3.1450000000001545e-06
1.105771521246996,0.4559342000944502,-0.03539867466336274,-62307.675580236595,136711.22611321713,5638.636218877307,3.1460000000001546e-06
1.1057085867533527,0.45607062925728614,-0.035393167119650966,-62934.49364337456,136429.1628359383,5507.543711774368,3.1470000000001547e-06
1.1056450316610829,0.4562067767149606,-0.03538781735186785,-63555.092269924346,136147.4576744941,5349.76778311643,3.1480000000001548e-06
1.105580863166723,0.4563426432718326,-0.03538265178748969,-64168.494359890254,135866.55687195377,5165.564378159608,3.149000000000155e-06
1.1055160894321605,0.45647823017748407,-0.03537769655523745,-64773.73456258039,135586.90565147783,4955.232252241266,3.150000000000155e-06
1.1054507195713235,0.4566135391249762,-0.035372977442747165,-65369.86083715963,135308.94749215362,4719.112490291444,3.151000000000155e-06
1.1053847636353318,0.4567485722483832,-0.035368519854789046,-65955.93599168354,135033.12340702416,4457.587958117503,3.152000000000155e-06
1.1053182325961337,0.4568833321196077,-0.03536434877210272,-66531.03919815099,134759.87122447827,4171.082686324326,3.153000000000155e-06
1.1052511383286525,0.45701782174448186,-0.03536048871091488,-67094.26748115069,134489.6248741663,3860.061187838913,3.1540000000001552e-06
1.1051834935914748,0.45715204455816044,-0.03535696368320476,-67644.737177718,134222.8136786009,3525.0277101132574,3.1550000000001553e-06
1.1051153120061088,0.45728600441981204,-0.03535379715778158,-68181.58536606317,133959.86165159548,3166.525423182936,3.1560000000001554e-06
1.105046608034848,0.4574197056066167,-0.03535101202223672,-68703.97126088057,133701.1868046835,2785.135544860754,3.1570000000001554e-06
1.104977396957275,0.45755315280707937,-0.035348630545832274,-69211.07757300026,133447.20046265202,2381.4764044447566,3.1580000000001555e-06
1.1049076948454437,0.4576863511136687,-0.035346674343385856,-69702.11183119894,133198.30658930948,1956.202446418005,3.1590000000001556e-06
1.1048375185377797,0.45781930601479326,-0.03534516434021014,-70176.30766404592,132954.90112459383,1510.003175713407,3.1600000000001557e-06
1.1047668856117399,0.4579520233861274,-0.03534412073816393,-70632.92603972196,132717.37133411109,1043.6020462105362,3.1610000000001557e-06
1.104695814355278,0.4580845094812996,-0.03534356298286971,-71071.25646181431,132486.09517217573,557.7552942225616,3.162000000000156e-06
1.104624323737159,0.458216770921959,-0.03534350973215089,-71490.61811915952,132261.44065940558,53.250718820093425,3.163000000000156e-06
1.104552433376171,0.45834881468723493,-0.03534397882573997,-71890.36098787772,132043.76527590136,-469.0935890753444,3.164000000000156e-06
1.1044801635092871,0.45848064810260597,-0.03534498725630678,-72269.86688381602,131833.41537101832,-1008.4305668123866,3.165000000000156e-06
1.1044075349588234,0.45861227882819666,-0.03534655114185403,-72628.55046369662,131630.72559071227,-1563.8855472494843,3.166000000000156e-06
1.1043345690986501,0.4587437148465201,-0.03534868569952497,-72965.8601733451,131436.0183234158,-2134.557670940187,3.167000000000156e-06
1.1042612878195086,0.45887496444968545,-0.03535140522086599,-73281.27914145753,131249.6031653717,-2719.5213410172832,3.1680000000001563e-06
1.1041877134934912,0.45900603622609176,-0.03535472304858445,-73574.32601744993,131071.7764063211,-3317.8277184586213,3.1690000000001563e-06
1.1041138689377392,0.45913693904662817,-0.0353586515548398,-73844.55575202203,130902.82053641242,-3928.5062553504954,3.1700000000001564e-06
1.10403977737742,0.45926768205040336,-0.0353632021211035,-74091.56031915698,130743.00377516344,-4550.566263701108,3.1710000000001565e-06
1.1039654624080417,0.45939827463002664,-0.035368385119620795,-74314.96937837092,130592.5796232753,-5182.998517297031,3.1720000000001566e-06
1.1038909479571657,0.4595287264164647,-0.03537420989650483,-74514.45087612103,130451.78643806037,-5824.77688403972,3.1730000000001566e-06
1.1038162582455804,0.4596590472634979,-0.03538068475649098,-74689.7115853764,130320.84703320912,-6474.859986147308,3.1740000000001567e-06
1.1037414177479978,0.4597892472318015,-0.03538781694937654,-74840.49758245441,130199.96830358228,-7132.192885558978,3.175000000000157e-06
1.1036664511533376,0.45991933657267714,-0.035395612658168374,-74966.59466032484,130089.3408756746,-7795.708791835527,3.176000000000157e-06
1.10359138332466,0.4600493257114615,-0.035404076988958186,-75067.82867768491,129989.13878435548,-8464.330789810165,3.177000000000157e-06
1.1035162392588167,0.460179225230638,-0.03541321396254239,-75144.06584321088,129899.51917644915,-9136.973584208332,3.178000000000157e-06
1.1034410440458822,0.4603090458526797,-0.03542302650780082,-75195.21293449566,129820.62204167426,-9812.545258424496,3.179000000000157e-06
1.1033658228284309,0.4604387984226511,-0.035433516456845435,-75221.21745128618,129752.56997141778,-10489.94904461739,3.180000000000157e-06
1.1032906007607282,0.4605684938905969,-0.0354446845419477,-75222.06770273975,129695.4679457731,-11168.085102263249,3.1810000000001572e-06
1.1032154029678995,0.46069814329374614,-0.03545653039424999,-75197.79282852515,129649.40314922614,-11845.852302289259,3.1820000000001573e-06
1.1031402545051459,0.4608277577385615,-0.035469052544263885,-75148.46275370037,129614.44481532599,-12522.150013896613,3.1830000000001574e-06
1.1030651803170684,0.4609573483826621,-0.03548224842415506,-75074.18807740614,129590.64410062924,-13195.879891174554,3.1840000000001575e-06
1.1029902051971727,0.4610869264166503,-0.03549611437181166,-74975.11989552189,129578.0339881589,-13865.94765660331,3.1850000000001575e-06
1.1029153537476153,0.46121650304587086,-0.03551064563669021,-74851.44955753747,129576.62922056967,-14531.264878545195,3.1860000000001576e-06
1.1028406503392574,0.461346089472134,-0.03552583638743004,-74703.40835800159,129586.42626316247,-15190.750739829242,3.1870000000001577e-06
1.1027661190720943,0.46147569687543083,-0.03554167972122458,-74531.26716301407,129607.40329684119,-15843.333794545488,3.1880000000001578e-06
1.102691783736122,0.46160533639567186,-0.03555816767493476,-74335.335972336,129639.52024105487,-16487.95371018073,3.189000000000158e-06
1.1026176677727042,0.46173501911447856,-0.03557529123792701,-74115.96341779659,129682.71880671829,-17123.56299224787,3.190000000000158e-06
1.1025437942365055,0.4618647560370576,-0.0355930403666156,-73873.53619878077,129736.92257905398,-17749.128688586105,3.191000000000158e-06
1.10247018575805,0.4619945580741879,-0.03561140400068614,-73608.47845568506,129802.03713024805,-18363.63407053905,3.192000000000158e-06
1.1023968645069675,0.46212443602434966,-0.03563037008097439,-73321.25108233155,129877.95016176249,-18966.080288252477,3.193000000000158e-06
1.102323852155989,0.46225440055602574,-0.03564992556897176,-73012.3509784308,129964.53167609639,-19555.487997372522,3.1940000000001582e-06
1.1022511698457458,0.46238446219020346,-0.035670056467926224,-72682.31024328413,130061.63417773882,-20130.898954469103,3.1950000000001583e-06
1.1021788381504338,0.4625146312831065,-0.03569074784550478,-72331.69531201321,130169.09290300695,-20691.377578557665,3.1960000000001584e-06
1.102106877044398,0.4626449180091849,-0.035711983857980925,-71961.10603570068,130286.72607841388,-21236.012476145297,3.1970000000001584e-06
1.102035305869691,0.46277533234439205,-0.03573374777590821,-71571.1747069192,130414.33520716224,-21763.91792728462,3.1980000000001585e-06
1.1019641433046587,0.46290588404977534,-0.03575602201123839,-71162.56503221774,130551.70538331212,-22274.235330180523,3.1990000000001586e-06
1.1018934073336055,0.4630365826554085,-0.03577878814584035,-70735.9710532227,130698.60563312468,-22766.13460196078,3.2000000000001587e-06
1.1018231152175875,0.4631674374446915,-0.03580202696137364,-70292.11601809815,130854.78928303647,-23238.815533291723,3.2010000000001587e-06
1.1017532834663823,0.4632984574390452,-0.03582571847046823,-69831.7512051925,131019.99435367437,-23691.509094594257,3.202000000000159e-06
1.1016839278116817,0.46342965138302444,-0.035849841949159925,-69355.65470078033,131193.9439792765,-24123.478691693697,3.203000000000159e-06
1.101615063181549,0.4635610277298763,-0.03587437597052874,-68864.630132885,131376.34685184128,-24534.02136881872,3.204000000000159e-06
1.1015467036761857,0.46369259462756557,-0.035899298439485694,-68359.5053632426,131566.89768928452,-24922.468956950448,3.205000000000159e-06
1.1014788625450462,0.4638243599052924,-0.035924586628651306,-67841.13113953859,131765.27772684343,-25288.1891656117,3.206000000000159e-06
1.101411552165336,0.46395633106052336,-0.03595021721526759,-67310.37971011596,131971.15523092702,-25630.586616279128,3.207000000000159e-06
1.1013447840219326,0.4640885152465579,-0.035976166319083284,-66768.1434034181,132184.1860345738,-25949.103815696555,3.2080000000001593e-06
1.101278568688758,0.46422091926065157,-0.03600240954115075,-66215.33317448918,132404.01409364078,-26243.2220674669,3.2090000000001594e-06
1.101212915811637,0.4643535495327144,-0.03602892200347115,-65652.87712091165,132630.27206281293,-26512.462320401624,3.2100000000001594e-06
1.1011478340926664,0.4644864121146049,-0.03605567838942336,-65081.718970612725,132862.58189048758,-26756.38595221128,3.2110000000001595e-06
1.1010833312761223,0.4646195126700364,-0.03608265298491059,-64502.81654401961,133100.5554315571,-26974.59548722774,3.2120000000001596e-06
1.1010194141359293,0.4647528564651135,-0.036109819720157546,-63917.14019308812,133343.79507708194,-27166.73524695804,3.2130000000001597e-06
1.1009560884647096,0.4648864483595133,-0.03613715221208993,-63325.67121976832,133591.894399818,-27332.49193238144,3.2140000000001597e-06
1.1008933590644332,0.46502029279832785,-0.036164623807226945,-62729.40027650702,133844.43881453472,-27471.59513701476,3.21500000000016e-06
1.1008312297386817,0.4651543938045799,-0.036192207625016834,-62129.32575141756,134101.00625203602,-27583.817789886463,3.21600000000016e-06
1.100769703286541,0.46528875497242567,-0.036219876601544514,-61526.45214077434,134361.16784577267,-27668.976527676732,3.21700000000016e-06
1.1007087814981293,0.46542337946105555,-0.03624760353353991,-60921.78841151122,134624.48862991304,-27726.931995399093,3.21800000000016e-06
1.100648465151773,0.4655582699893033,-0.03627536112261503,-60316.346356420734,134890.52824772082,-27757.58907511851,3.21900000000016e-06
1.100588754012828,0.46569342883097237,-0.03630312201965735,-59711.138944763814,135158.84166907016,-27760.897042321125,3.22000000000016e-06
1.100529646834157,0.4658288578108883,-0.03633085886930702,-59107.178671007874,135428.97991591413,-27736.849649671844,3.2210000000001603e-06
1.1004711413582526,0.4659645583016828,-0.03635854435444504,-58505.47590441481,135700.4907945088,-27685.485138017502,3.2220000000001603e-06
1.1004132343210105,0.466100531221316,-0.036386151240619655,-57907.03724219928,135972.91963318439,-27606.88617461499,3.2230000000001604e-06
1.1003559214571415,0.4662367770313405,-0.03641365242033834,-57312.863868971785,136245.81002444547,-27501.17971868562,3.2240000000001605e-06
1.1002991975072163,0.46637329573591063,-0.036441020957152855,-56723.9499251707,136518.70457017634,-27368.5368145186,3.2250000000001606e-06
1.100243056226329,0.46651008688153933,-0.036468230129465325,-56141.28088717222,136791.1456287215,-27209.172312467635,3.2260000000001606e-06
1.1001874903943674,0.46664714955760195,-0.03649525347398363,-55565.83196174748,137062.67606260953,-27023.34451830539,3.2270000000001607e-06
1.1001324918278699,0.46678448239758763,-0.03652206482875515,-54998.566497511696,137332.83998568763,-26811.35477152022,3.2280000000001608e-06
1.1000780513934538,0.46692208358109605,-0.0365486383757084,-54440.43441598146,137601.1835084358,-26573.546953258312,3.229000000000161e-06
1.100024159022789,0.46705995083657625,-0.036574948682633134,-53892.37066482266,137867.25548023285,-26310.306924731816,3.230000000000161e-06
1.0999708037290932,0.4671980814448036,-0.03660097074453016,-53355.29369583409,138130.608227353,-26022.061897029467,3.231000000000161e-06
1.099917973625123,0.4673364722430891,-0.036626680024263544,-52830.10397016922,138390.79828547823,-25709.27973338053,3.232000000000161e-06
1.0998656559426296,0.46747511963021465,-0.03665205249244858,-52317.68249325261,138647.3871255229,-25372.46818503517,3.233000000000161e-06
1.0998138370532478,0.4676140195720862,-0.03667706466651061,-51818.889381796405,138899.94187157764,-25012.17406203475,3.2340000000001612e-06
1.0997625024907824,0.467753167608096,-0.03670169364885087,-51334.56246526805,139148.03600979428,-24628.982340253373,3.2350000000001613e-06
1.0997116369748583,0.46789255885818304,-0.03672591716405707,-50865.51592410129,139391.25008704863,-24223.51520619769,3.2360000000001614e-06
1.0996612244358914,0.4680321880305813,-0.036749713595098224,-50412.538966880275,139629.17239823623,-23796.431041154654,3.2370000000001615e-06
1.0996112480413427,0.4681720494302424,-0.0367730620184446,-49976.39454866006,139861.39966107532,-23348.423346377007,3.2380000000001615e-06
1.0995616902232102,0.4683121369679197,-0.0367959422380557,-49557.818132516935,140087.53767731282,-22880.219611093245,3.2390000000001616e-06
1.099512532706714,0.46845244416989895,-0.03681833481818092,-49157.51649634859,140307.20197925236,-22392.5801252226,3.2400000000001617e-06
1.099463756540127,0.4685929641883595,-0.036840221114919684,-48776.16658686722,140520.01846054842,-21886.296738766017,3.2410000000001618e-06
1.0994153421257045,0.46873368981234975,-0.036861583306489615,-48414.414422648864,140725.62399023707,-21362.191569931125,3.242000000000162e-06
1.0993672692516565,0.46887461347935877,-0.03688240442215375,-48072.874048018966,140923.6670090022,-20821.11566413254,3.243000000000162e-06
1.099319517125117,0.4690157272874655,-0.03690266836975984,-47752.12653946842,141113.80810670627,-20263.947606088335,3.244000000000162e-06
1.099272064406051,0.46915702300804574,-0.03692235996184715,-47452.71906620547,141295.7205802455,-19691.5920873093,3.245000000000162e-06
1.0992248892420446,0.4692984920990166,-0.0369414649402785,-47175.164006357656,141469.09097082287,-19104.978431349144,3.246000000000162e-06
1.0991779693039243,0.46944012571859633,-0.03695996999935775,-46919.9381202443,141633.619579766,-18505.059079251474,3.247000000000162e-06
1.0991312818221424,0.4695819147395584,-0.03697786280739544,-46687.481782044015,141789.0209620534,-17892.8080376925,3.2480000000001623e-06
1.0990848036238712,0.46972384976395515,-0.03699513202668782,-46478.19827108393,141935.02439674854,-17269.219292377576,3.2490000000001624e-06
1.0990385111707472,0.46986592113828873,-0.037011767331877124,-46292.45312387719,142071.37433358052,-16635.305189304127,3.2500000000001624e-06
1.0989923805971993,0.47000811896910366,-0.03702775942666368,-46130.573547934015,142197.83081494793,-15992.094786553625,3.2510000000001625e-06
1.098946387749301,0.4701504331389763,-0.037043100058842995,-45992.84789826835,142314.16987266432,-15340.632179320866,3.2520000000001626e-06
1.0989005082240837,0.4702928533228751,-0.037057782033643925,-45879.525217417795,142420.1838988042,-14681.974800929602,3.2530000000001627e-06
1.098854717409244,0.47043536900486516,-0.03707179922534654,-45790.81483968893,142515.681990051,-14017.191702619957,3.2540000000001627e-06
1.0988089905231837,0.47057796949513014,-0.037085146587161465,-45726.88606023372,142600.49026499144,-13347.36181492455,3.255000000000163e-06
1.0987633026553143,0.47072064394728397,-0.03709782015935494,-45687.86786945536,142674.45215384546,-12673.572193477057,3.256000000000163e-06
1.0987176288065612,0.47086338137594413,-0.03710981707560706,-45673.84875313397,142737.42866016435,-11996.916252119068,3.257000000000163e-06
1.0986719439300026,0.4710061706745382,-0.03712113556759325,-45684.876558554526,142789.2985940762,-11318.49198618834,3.258000000000163e-06
1.0986262229715757,0.4711490006333149,-0.03713177496778213,-45720.95842681069,142829.95877670287,-10639.400188884083,3.259000000000163e-06
1.0985804409107844,0.4712918599575303,-0.037141735710445746,-45782.06079134988,142859.32421541988,-9960.742663612662,3.260000000000163e-06
1.0985345728013418,0.47143473728578,-0.03715101933088097,-45868.10944271648,142877.3282496764,-9283.62043522008,3.2610000000001633e-06
1.0984885938116824,0.47157762120844715,-0.037159628462843985,-45978.98965934209,142883.92266714096,-8609.131963015812,3.2620000000001633e-06
1.0984424792652783,0.47172050028623713,-0.03716756683420247,-46114.54640412435,142879.07778998525,-7938.3713584861225,3.2630000000001634e-06
1.0983962046806919,0.4718633630687683,-0.03717483926081305,-46274.58458642873,142862.78253116572,-7272.42661058378,3.2640000000001635e-06
1.0983497458113027,0.4720061981131889,-0.03718145163863452,-46458.869389042244,142835.04442061175,-6612.377821465295,3.2650000000001636e-06
1.0983030786846433,0.47214899400279015,-0.037187410934090046,-46667.12665950251,142795.8896012757,-5959.295455526391,3.2660000000001636e-06
1.0982561796412782,0.4722917393655852,-0.037192725172694605,-46899.04336512244,142745.36279504906,-5314.238604561462,3.2670000000001637e-06
1.0982090253731673,0.47243442289282384,-0.03719740342596645,-47154.268110928126,142683.52723859617,-4678.253271843352,3.2680000000001638e-06
1.0981615929614477,0.472577033357413,-0.037201455796644335,-47432.41171962673,142610.46458920484,-4052.3706778859687,3.269000000000164e-06
1.0981138599135751,0.47271955963221385,-0.03720489340223495,-47733.04787262209,142526.27480080075,-3437.60559061405,3.270000000000164e-06
1.0980658041997642,0.4728619907081842,-0.037207728356917574,-48055.713810998364,142431.0759703195,-2834.954682622029,3.271000000000164e-06
1.0980174042886688,0.47300431571233886,-0.03720997375183573,-48399.91109529672,142325.0041546773,-2245.39491815732,3.272000000000164e-06
1.097968639182246,0.4731465239254975,-0.03721164363380815,-48765.10642281674,142208.21315862736,-1669.881972412743,3.273000000000164e-06
1.097919488449745,0.47328860479979135,-0.0372127529824938,-49150.73250108336,142080.87429383522,-1109.348685658159,3.2740000000001642e-06
1.097869932260769,0.4734305479759009,-0.037213317686048485,-49556.188976031415,141943.17610955174,-564.7035546828986,3.2750000000001643e-06
1.0978199514173557,0.4735723432999962,-0.03721335451531244,-49980.84341337383,141795.324095307,-36.82926395833147,3.2760000000001644e-06
1.097769527385024,0.47371398084035227,-0.03721288109657131,-50424.032331536066,141637.54035609265,473.4187411359851,3.2770000000001645e-06
1.0977186423227396,0.4738554509036128,-0.037211915882934564,-50885.06228445871,141470.06326054363,965.2136367485837,3.2780000000001645e-06
1.0976672791117472,0.4739967440506755,-0.03721047812437811,-51363.21099249217,141293.14706267286,1437.7585564536118,3.2790000000001646e-06
1.0976154213832277,0.47413785111217327,-0.03720858783649963,-51857.72851953264,141107.061497754,1890.287878484604,3.2800000000001647e-06
1.0975630535447332,0.47427876320352624,-0.03720626576803737,-52367.83849447679,140912.0913529886,2322.068462258756,3.2810000000001648e-06
1.0975101608053581,0.47441947173953986,-0.037203533367205145,-52892.739375003766,140708.53601363348,2732.4008322282943,3.282000000000165e-06
1.0974567291996065,0.47455996844852516,-0.03720041274689796,-53431.605751627954,140496.7089853034,3120.6203071807777,3.283000000000165e-06
1.0974027456099165,0.4747002453859184,-0.03719692664882476,-53983.589689903754,140276.93739320154,3486.0980731981144,3.284000000000165e-06
1.097348197787808,0.47484029494737745,-0.037193098406626185,-54547.82210860518,140049.5614590672,3828.2421985747083,3.285000000000165e-06
1.0972930743736162,0.4749801098813341,-0.037188951908037095,-55123.414191647775,139814.93395666557,4146.498589088218,3.286000000000165e-06
1.0972373649147849,0.47511968330098076,-0.03718451155615498,-55709.45883146903,139573.4196466788,4440.351882111827,3.287000000000165e-06
1.0971810598826832,0.47525900869567267,-0.037179802229876824,-56305.03210153541,139325.39469189016,4709.326278154536,3.2880000000001653e-06
1.0971241506879277,0.4753980799417263,-0.03717484924356831,-56909.19475559993,139071.24605358535,4952.986308515636,3.2890000000001654e-06
1.0970666296941765,0.4755368913125964,-0.03716967830603047,-57520.993751293776,138811.370870125,5170.937537841037,3.2900000000001654e-06
1.097008490230381,0.47567543748841506,-0.03716431547883,-58139.46379559879,138546.1758186712,5362.827200472457,3.2910000000001655e-06
1.0969497266014712,0.4758137135648761,-0.037158787134060414,-58763.628909714665,138276.0764610783,5528.344769585283,3.2920000000001656e-06
1.0968903340974603,0.4759517150614511,-0.037153119911602195,-59392.504010805824,138001.49657498472,5667.222458217284,3.2930000000001657e-06
1.0968303090009521,0.4760894379289223,-0.037147340675950796,-60025.09650808793,137722.86747116604,5779.235651397878,3.2940000000001657e-06
1.0967696485930414,0.47622687855622053,-0.0371414764726821,-60660.4079106926,137440.6272982331,5864.20326869643,3.295000000000166e-06
1.0967083511575966,0.47636403377655634,-0.03713555448462549,-61297.43544473187,137155.22033577954,5921.988056617688,3.296000000000166e-06
1.0966464159839195,0.4765009008728334,-0.037129601987815106,-61935.173676970735,136867.09627710335,5952.4968103829915,3.297000000000166e-06
1.096583843367777,0.47663747758233604,-0.037123646307290356,-62572.616142506646,136576.7095026443,5955.680524747016,3.298000000000166e-06
1.0965206346108032,0.47677376210068134,-0.037117714772816744,-63208.75697384976,136284.5183452955,5931.534473611476,3.299000000000166e-06
1.0964567920182744,0.4769097530850301,-0.037111834674598436,-63842.59252879637,135990.98434876167,5880.0982183091855,3.300000000000166e-06
1.09639231889526,0.4770454496565502,-0.03710603321905389,-64473.12301449053,135696.57152014962,5801.45554454404,3.3010000000001663e-06
1.0963272195411549,0.4771808514021282,-0.037100337484725805,-65099.35410507583,135401.74557798676,5695.734328084689,3.3020000000001663e-06
1.0962614992426045,0.47731595837532503,-0.03709477437839638,-65720.29855034962,135106.97319687277,5563.106329421691,3.3030000000001664e-06
1.0961951642648318,0.477450771096575,-0.03708937059147867,-66334.97777284669,134812.72124997686,5403.786917709722,3.3040000000001665e-06
1.096128221841381,0.4775852905526256,-0.03708415255675424,-66942.42345079793,134519.456050598,5218.034724427709,3.3050000000001666e-06
1.0960606801622965,0.47771951819521963,-0.03707914640552694,-67541.67908443187,134227.64259400914,5006.15122730043,3.3060000000001666e-06
1.0959925483607533,0.47785345593902046,-0.0370743779252618,-68131.80154311324,133937.74380080804,4768.4802651350765,3.3070000000001667e-06
1.0959238364981625,0.4779871061587834,-0.03706987251777747,-68711.86259084266,133650.21976299662,4505.407484335243,3.3080000000001668e-06
1.0958545555477748,0.4781204716857774,-0.037065655158059506,-69280.95038767591,133365.52699400898,4217.359717962751,3.309000000000167e-06
1.09578471737681,0.47825355580346135,-0.037061750353761184,-69838.17096465804,133084.1176839033,3904.804298324364,3.310000000000167e-06
1.09571433472714,0.47838636224242226,-0.03705818210545702,-70382.64966990982,132806.43896092765,3568.248304165744,3.311000000000167e-06
1.0956434211945565,0.4785188951745829,-0.037054973867713364,-70913.53258354813,132532.9321606606,3208.2377436587517,3.312000000000167e-06
1.0955719912066573,0.4786511592066868,-0.03705214851103889,-71429.98789917107,132264.03210391835,2825.3566744702243,3.313000000000167e-06
1.0955000599993876,0.4787831593730714,-0.03704972828477659,-71931.20726969013,132000.166384608,2420.2262623005377,3.3140000000001672e-06
1.0954276435922723,0.4789149011277401,-0.03704773478099721,-72416.40711534754,131741.75466869224,1993.5037793784768,3.3150000000001673e-06
1.0953547587623804,0.47904639033574553,-0.037046188899452714,-72884.82989181555,131489.20800541597,1545.8815444949755,3.3160000000001674e-06
1.095281423017064,0.47917763326389745,-0.03704511081364646,-73335.74531633682,131242.92815192667,1078.0858062520151,3.3170000000001675e-06
1.095207654565514,0.47930863657080985,-0.037044519938075164,-73768.45154992996,131003.30691240175,590.8755712943121,3.3180000000001675e-06
1.0951334722891803,0.47943940729630263,-0.03704443489669578,-74182.27633375335,130770.72549277416,85.04137938014173,3.3190000000001676e-06
1.0950588957111025,0.4795699528501748,-0.03704487349266855,-74576.57807779133,130545.5538721247,-438.5959727663585,3.3200000000001677e-06
1.0949839449642025,0.47970028100036655,-0.037045852679425346,-74950.74690010153,130328.15019178428,-979.1867567958684,3.3210000000001678e-06
1.0949086407585875,0.4798303998605297,-0.03704738853311051,-75304.20561493952,130118.86016316286,-1535.8536851619047,3.322000000000168e-06
1.0948330043479193,0.47996031787702503,-0.03704949622643896,-75636.41066815666,129918.01649529289,-2107.69332845345,3.323000000000168e-06
1.094757057494901,0.4800900438153681,-0.037052190004014336,-75946.85301834974,129725.93834304545,-2693.7775753757,3.324000000000168e-06
1.0946808224359388,0.480219586746145,-0.03705548315914739,-76235.05896232635,129542.93077694484,-3293.155133052033,3.325000000000168e-06
1.0946043218450352,0.4803489560304205,-0.037059388012212646,-76500.59090353723,129369.28427547422,-3904.8530652533855,3.326000000000168e-06
1.094527578796973,0.4804781613046612,-0.037063915890578746,-76743.04806221652,129205.27424072978,-4527.878366097932,3.3270000000001682e-06
1.094450616729847,0.48060721246519944,-0.03706907711014545,-76962.0671260631,129051.16053824416,-5161.219566704392,3.3280000000001683e-06
1.0943734594070065,0.4807361196522612,-0.03707488095851767,-77157.32284038984,128907.187061762,-5803.848372226589,3.3290000000001684e-06
1.0942961308784698,0.48086489323358494,-0.03708133567984432,-77328.52853676351,128773.58132371075,-6454.721326645071,3.3300000000001684e-06
1.0942186554418705,0.480993543787657,-0.037088448461346964,-77475.43659925563,128650.55407206924,-7112.78150264388,3.3310000000001685e-06
1.0941410576030028,0.4811220820865913,-0.03709622542156082,-77597.83886752371,128538.29893429411,-7776.960213856976,3.3320000000001686e-06
1.0940633620360267,0.4812505190786802,-0.037104671600307546,-77695.56697604276,128436.99208892115,-8446.178746729393,3.3330000000001687e-06
1.0939855935433977,0.48137886587064566,-0.037113790950416746,-77768.49262890899,128346.79196541356,-9119.350109203197,3.3340000000001687e-06
1.093907777015588,0.48150713370961845,-0.03712358633121016,-77816.5278097407,128267.83897278397,-9795.380793407588,3.335000000000169e-06
1.0938299373906617,0.4816353339648759,-0.03713405950375966,-77839.62492630498,128200.25525747002,-10473.1725495063,3.336000000000169e-06
1.0937520996137722,0.4817634781093668,-0.0371452111279275,-77837.77688960434,128144.14449089591,-11151.62416783372,3.337000000000169e-06
1.0936742885966448,0.4818915777010539,-0.03715704076119394,-77811.01712726206,128099.59168710356,-11829.633266434063,3.338000000000169e-06
1.0935965291771137,0.48201964436410466,-0.037169546859275045,-77759.41953115193,128066.66305078821,-12506.098081105423,3.339000000000169e-06
1.0935188460787744,0.4821476897699607,-0.03718272677853009,-77683.0983393237,128045.40585602265,-13179.919255042729,3.340000000000169e-06
1.093441263870822,0.4822757256183166,-0.037196576780155255,-77582.20795238239,128035.84835590425,-13850.00162517051,3.3410000000001693e-06
1.0933638069281373,0.48240376361803994,-0.037211092036157516,-77456.94268458619,128037.99972330747,-14515.256002258036,3.3420000000001693e-06
1.0932864993916873,0.4825318154680628,-0.03722626663709943,-77307.5364500336,128051.85002287306,-15174.600941915829,3.3430000000001694e-06
1.093209365129303,0.4826598928382771,-0.037242093601603014,-77134.26238441696,128077.37021431328,-15826.96450358362,3.3440000000001695e-06
1.0931324276968999,0.4827880073504642,-0.03725856488759765,-76937.43240292452,128114.5121870601,-16471.28599463594,3.3450000000001696e-06
1.093055710300205,0.4829161705592904,-0.0372756714052944,-76717.39669497815,128163.20882623103,-17106.517696752104,3.3460000000001696e-06
1.0929792357570485,0.48304439393340026,-0.037293403031866124,-76474.54315659762,128223.37410983496,-17731.626571723034,3.3470000000001697e-06
1.0929030264602873,0.48317268883663733,-0.03731174862781002,-76209.29676128503,128294.90323708765,-18345.5959438974,3.34800000000017e-06
1.0928271043414168,0.483301066509425,-0.03733069605496652,-75922.11887042482,128377.67278765443,-18947.42715650474,3.34900000000017e-06
1.0927514908349325,0.4834295380503366,-0.03735023219616565,-75613.50648429448,128471.54091158534,-19536.141199132726,3.35000000000017e-06
1.0926762068430262,0.48355811439758434,-0.03737034297663528,-75283.99190624988,128576.34724770351,-20110.780469631456,3.35100000000017e-06
1.0926012727010654,0.4836868063107069,-0.037391013387019986,-74934.14196071155,128691.91312254178,-20670.41038470518,3.35200000000017e-06
1.0925267081456416,0.4838156243535891,-0.03741222750737473,-74564.55542390789,128818.0428822357,-21214.12035474232,3.35300000000017e-06
1.092452532282497,0.4839445788770948,-0.03743396853297528,-74175.86314463714,128954.5235057094,-21741.02560054488,3.3540000000001702e-06
1.0923787635554785,0.4840736800020373,-0.03745621880157277,-73768.72701839446,129101.12494252386,-22250.26859749079,3.3550000000001703e-06
1.0923054197165678,0.48420293760251626,-0.037478959822048394,-73343.83891067246,129257.60047893856,-22741.020475617883,3.3560000000001704e-06
1.0922325177970367,0.48433236128964785,-0.0375021723044217,-72901.91953117687,129423.68713160155,-23212.482373308736,3.3570000000001705e-06
1.0921600740797759,0.4844619603957161,-0.037525836191164036,-72443.71726078191,129599.10606823677,-23663.88674233048,3.3580000000001705e-06
1.0920881040728427,0.48459174395877075,-0.0375499306897661,-71970.0069331299,129783.56305465075,-24094.49860206195,3.3590000000001706e-06
1.0920166224842698,0.4847217207076981,-0.03757443430650692,-71481.58857285636,129976.74892733616,-24503.616740823156,3.3600000000001707e-06
1.0919456431981773,0.48485189904778897,-0.03759932488136923,-70979.28609249556,130178.34009090585,-24890.574862307963,3.3610000000001708e-06
1.0918751792522272,0.4849822870468285,-0.03762457962404444,-70463.94595019182,130387.9990395488,-25254.742675210648,3.362000000000171e-06
1.0918052428164569,0.48511289242173017,-0.03765017515096867,-69936.43577040857,130605.37490165776,-25595.526924229885,3.363000000000171e-06
1.091735845173527,0.4852437225257369,-0.0376760875233294,-69397.6429298904,130830.10400673974,-25912.372360730144,3.364000000000171e-06
1.0916669967004158,0.48537478433621056,-0.037702292285980835,-68848.47311119277,131061.81047368114,-26204.762651439705,3.365000000000171e-06
1.0915987068515896,0.48550608444302995,-0.0377287645072045,-68289.84882614974,131300.10681940397,-26472.221223666933,3.366000000000171e-06
1.0915309841436778,0.48563762903761687,-0.03775547881925012,-67722.70791170154,131544.59458691403,-26714.31204562133,3.3670000000001712e-06
1.0914638361416773,0.4857694239026086,-0.03778240945959065,-67148.00200055145,131794.864991709,-26930.64034053356,3.3680000000001713e-06
1.0913972694467082,0.48590147440219406,-0.03780953031282403,-66566.69496916498,132050.4995854833,-27120.853233378522,3.3690000000001714e-06
1.0913312896853427,0.4860337854731301,-0.03783681495315315,-65979.76136566313,132311.07093603647,-27284.640329117687,3.3700000000001714e-06
1.0912659015005224,0.4861663616164523,-0.03786423668737464,-65388.184820196744,132576.14332226498,-27421.734221490984,3.3710000000001715e-06
1.091201108544082,0.4862992068898954,-0.03789176859830614,-64792.95644041906,132845.27344309134,-27531.91093150438,3.3720000000001716e-06
1.0911369134708873,0.48643232490103455,-0.03791938358858102,-64195.07319469966,133118.01113916052,-27614.99027487667,3.3730000000001717e-06
1.0910733179346015,0.4865657188011607,-0.03794705442473885,-63595.53628574435,133393.90012611245,-27670.836157827813,3.3740000000001717e-06
1.0910103225850842,0.4866993912798989,-0.03797475378153956,-62995.349517302384,133672.4787382199,-27699.356800710946,3.375000000000172e-06
1.0909479270674276,0.4868333445605801,-0.03800245428642867,-62395.51765665479,133953.28068116304,-27700.504889111104,3.376000000000172e-06
1.090886130022632,0.4869675803963728,-0.03803012856408083,-61797.044795584894,134235.8357926971,-27674.277652155084,3.377000000000172e-06
1.0908249290899195,0.48710210006718274,-0.038057749280948724,-61200.93271253544,134519.67080995667,-27620.71686789891,3.378000000000172e-06
1.0907643209106808,0.48723690437732486,-0.038085289189744506,-60608.17923865473,134804.3101421285,-27539.908795781586,3.379000000000172e-06
1.0907043011340503,0.4873719936539721,-0.03811272117378076,-60019.77663042801,135089.27664721638,-27431.984036255963,3.380000000000172e-06
1.0906448644240987,0.4875073677463837,-0.038140018291098594,-59436.709951579236,135374.09241161513,-27297.117317829776,3.3810000000001723e-06
1.0905860044686317,0.4876430260259149,-0.03816715381831046,-58859.95546691283,135658.27953120612,-27135.527211871366,3.3820000000001723e-06
1.090527713989581,0.4877789673868076,-0.03819410129408612,-58290.479050744514,135941.3608926849,-26947.47577565566,3.3830000000001724e-06
1.0904699847549686,0.4879151902477614,-0.038220834562210364,-57729.23461254598,136222.86095383117,-26733.268124246144,3.3840000000001725e-06
1.0904128075924262,0.4880516925542829,-0.03824732781414229,-57177.16254239824,136502.30652143437,-26493.251931927545,3.3850000000001726e-06
1.0903561724042474,0.48818847178180846,-0.03827355563100632,-56635.18817881523,136779.22752559162,-26227.81686402173,3.3860000000001726e-06
1.0903000681839459,0.4883255249395976,-0.038299493024946354,-56104.220301460744,137053.1577891024,-25937.393940035578,3.3870000000001727e-06
1.0902444830342946,0.48846284857538824,-0.03832511547977556,-55585.14965123927,137323.63579069253,-25622.454829204067,3.388000000000173e-06
1.0901894041868143,0.48860043878080905,-0.03835039899085516,-55078.84748019473,137590.2054208111,-25283.51107960447,3.389000000000173e-06
1.0901348180226806,0.4887382911975378,-0.038375320104137293,-54586.16413359996,137852.41672875764,-24921.113282127986,3.390000000000173e-06
1.090080710095014,0.4888764010241977,-0.038399855954308,-54107.92766656493,138109.8266599108,-24535.85017070335,3.391000000000173e-06
1.0900270651525166,0.48901476302397956,-0.03842398430196827,-53644.9424974328,138361.99978184828,-24128.347660272506,3.392000000000173e-06
1.0899738671644164,0.4891533715329777,-0.03844768356979239,-53197.98810016996,138608.50899816636,-23699.26782412154,3.393000000000173e-06
1.0899210993466784,0.48929222046922655,-0.03847093287760466,-52767.817737889956,138848.93624882828,-23249.307812269948,3.3940000000001732e-06
1.0898687441894388,0.48943130334242246,-0.03849371207631738,-52355.15723958087,139082.87319589453,-22779.19871271853,3.3950000000001733e-06
1.0898167834856167,0.489570613264316,-0.03851600178067483,-51960.70382203244,139309.92189351245,-22289.70435744985,3.3960000000001734e-06
1.0897651983606578,0.48971014295975707,-0.038537783400749995,-51585.12495888214,139529.69544106978,-21781.620075165756,3.3970000000001735e-06
1.089713969303359,0.4898498847783755,-0.03855903917214283,-51229.05729861951,139741.81861844508,-21255.77139283336,3.3980000000001735e-06
1.0896630761977257,0.4899898307068778,-0.03857975218483103,-50893.10563330504,139945.92850231836,-20713.012688194005,3.3990000000001736e-06
1.089612498355806,0.49012997238194034,-0.038599906410626494,-50577.84191967382,140141.6750625372,-20154.225795469378,3.4000000000001737e-06
1.0895622145514519,0.4902703011036779,-0.03861948672919307,-50283.80435420584,140328.72173756678,-19580.318566574315,3.4010000000001738e-06
1.0895122030549482,0.490410807849666,-0.03863847895258329,-50011.496503653354,140506.74598808837,-18992.223390217332,3.402000000000174e-06
1.0894624416684557,0.49055148328949383,-0.03865686984825462,-49761.38649242257,140675.43982784546,-18390.895671337268,3.403000000000174e-06
1.0894129077622077,0.4906923177998247,-0.03867464716052801,-49533.906248110885,140834.5103308769,-17777.31227338743,3.404000000000174e-06
1.0893635783114013,0.49083330147993903,-0.03869179963045404,-49329.450806403445,140983.6801143134,-17152.469926037338,3.405000000000174e-06
1.089314429933725,0.490974424167735,-0.03870831701405496,-49148.37767643313,141122.68779595615,-16517.38360091643,3.406000000000174e-06
1.0892654389274574,0.4911156754561609,-0.03872419009891303,-48991.00626760681,141251.2884258963,-15873.084858073793,3.4070000000001742e-06
1.0892165813100787,0.4912570447100524,-0.0387394107190789,-48857.61737879825,141369.25389147815,-15220.62016587321,3.4080000000001743e-06
1.089167832857328,0.4913985210833473,-0.03875397176827598,-48748.45275070376,141476.37329495186,-14561.04919708325,3.4090000000001744e-06
1.0891191691426458,0.4915400935366505,-0.03876786721137994,-48663.71468205196,141572.45330320636,-13895.44310395805,3.4100000000001745e-06
1.0890705655769355,0.49168175085511956,-0.038781092094155076,-48603.56571025277,141657.31846901914,-13224.882775135484,3.4110000000001745e-06
1.089021997448435,0.49182348166659334,-0.03879364255123612,-48568.12850044494,141730.81147379745,-12550.457081046854,3.4120000000001746e-06
1.088973439961681,0.49196527445960514,-0.03880551581237368,-48557.48675402303,141792.7930118178,-11873.261137561061,3.4130000000001747e-06
1.0889248682792017,0.4921071176025226,-0.038816710206882765,-48571.68247931643,141843.14291746166,-11194.394509086123,3.4140000000001748e-06
1.088876257561909,0.49224899936242533,-0.038827225166284174,-48610.71729259742,141881.7599026946,-10514.959401411812,3.415000000000175e-06
1.0888275830094833,0.4923909079241545,-0.038837061225154804,-48674.55242575575,141908.56172918522,-9836.058870626648,3.416000000000175e-06
1.0887788199006836,0.4925328314095041,-0.038846220020185986,-48763.1087996872,141923.48534955992,-9158.795031180209,3.417000000000175e-06
1.0887299436335203,0.49267475789652165,-0.03885470428745199,-48876.26716323118,141926.48701756677,-8484.267266002113,3.418000000000175e-06
1.088680929765223,0.49281667543888863,-0.038862517857893575,-49013.868297385154,141917.54236697123,-7813.57044158212,3.419000000000175e-06
1.0886317540519386,0.4929585720853477,-0.03886966565102448,-49175.71328441798,141896.64645905685,-7147.793130904148,3.420000000000175e-06
1.088582392488097,0.49310043589914637,-0.03887615366687159,-49361.56384139901,141863.81379865404,-6488.015847110739,3.4210000000001753e-06
1.0885328213453795,0.49324225497746504,-0.038881988976162345,-49571.14271755555,141819.07831866993,-5835.309290753653,3.4220000000001754e-06
1.0884830172112248,0.4933840174707982,-0.0388871797087758,-49804.1341547686,141762.493333143,-5190.73261346079,3.4230000000001754e-06
1.0884329570268143,0.49352571160225706,-0.038891735040476626,-50060.184410415095,141694.1314588956,-4555.3317008197755,3.4240000000001755e-06
1.0883826181244727,0.49366732568676297,-0.03889566517795387,-50338.90234166499,141614.08450590755,-3930.1374772441936,3.4250000000001756e-06
1.0883319782644225,0.49380884815009957,-0.03889898134218942,-50639.86005024323,141522.46333658375,-3316.1642355497884,3.4260000000001757e-06
1.088281015670836,0.4939502675477937,-0.038901695750183346,-50962.593586570125,141419.3976941376,-2714.407993925047,3.4270000000001757e-06
1.088229709067124,0.49409157258379405,-0.03890382159506628,-51306.603712099255,141305.03600036114,-2125.844882933474,3.428000000000176e-06
1.0881780377104053,0.49423275212891715,-0.038905373024631415,-51671.356718579635,141179.5451231012,-1551.4295651337052,3.429000000000176e-06
1.0881259814251025,0.49437379523903097,-0.03890636511832126,-52056.28530287887,141043.11011380842,-992.0936898484856,3.430000000000176e-06
1.0880735206356067,0.49451469117294655,-0.038906813862706814,-52460.78949591617,140895.9339155735,-448.7443855545139,3.431000000000176e-06
1.0880206363979625,0.4946554294099887,-0.038906736125499115,-52884.237644169145,140738.23704211172,77.73720769763054,3.432000000000176e-06
1.0879673104305203,0.4947959996672169,-0.03890614962813563,-53325.967442135545,140570.2572282023,586.4973634906494,3.433000000000176e-06
1.0879135251435064,0.49493639191626904,-0.03890507291698603,-53785.28701405153,140392.24905213417,1076.711149601936,3.4340000000001763e-06
1.0878592636674633,0.4950765963997998,-0.03890352533322431,-54261.47604309098,140204.48353075437,1547.583761719762,3.4350000000001763e-06
1.0878045098805171,0.49521660364748754,-0.03890152698141612,-54753.78694619649,140007.24768775818,1998.3518081913946,3.4360000000001764e-06
1.0877492484344244,0.49535640449158347,-0.03889909869687236,-55261.44609262185,139800.8440959025,2428.2845437601445,3.4370000000001765e-06
1.0876934647793604,0.4954959900819773,-0.03889626201182203,-55783.65506419806,139585.59039386496,2836.685050331178,3.4380000000001766e-06
1.0876371451874052,0.4956353519007558,-0.03889303912045914,-56319.59195527043,139361.81877851224,3222.891362891649,3.4390000000001766e-06
1.087580276774695,0.4957744817762292,-0.03888945284292034,-56868.41271019339,139129.87547337872,3586.2775387992033,3.4400000000001767e-06
1.0875228475221987,0.4959133718964034,-0.0388855265882516,-57429.2524962117,138890.1201741959,3926.254668744028,3.4410000000001768e-06
1.0874648462950893,0.4960520148218757,-0.03888128431642381,-58001.22710950272,138642.92547234835,4242.271827783166,3.442000000000177e-06
1.0874062628606773,0.49619040349813287,-0.03887675049945887,-58583.43441210372,138388.6762571678,4533.816964941749,3.443000000000177e-06
1.0873470879048799,0.49632853126723087,-0.0388719500817289,-59174.95579740118,138127.7690980109,4800.4177299738585,3.444000000000177e-06
1.087287313047198,0.49646639187883795,-0.03886690843949292,-59774.85768181557,137860.61160709814,5041.642235975912,3.445000000000177e-06
1.0872269308541778,0.4966039795006221,-0.03886165133973627,-60382.19302027581,137587.62178412292,5257.099756647363,3.446000000000177e-06
1.0871659348513347,0.49674128872796575,-0.038856204898379175,-60996.00284304129,137309.22734366922,5446.44135709737,3.4470000000001772e-06
1.0871043195335233,0.49687831459299225,-0.03885059553792197,-61615.31781139782,137025.86502650392,5609.36045720129,3.4480000000001773e-06
1.0870420803737335,0.4970150525728881,-0.038844849944595354,-62239.15978972527,136737.9798958366,5745.59332661768,3.4490000000001774e-06
1.086979213830302,0.49715149859750773,-0.03883899502508467,-62866.54343141073,136446.02461966415,5854.919510684436,3.4500000000001775e-06
1.086915717352526,0.49728764905624806,-0.03883305786289815,-63496.47777606033,136150.45874034084,5937.162186521866,3.4510000000001775e-06
1.0868515893846704,0.4974235008041806,-0.03882706567444937,-64127.96785544669,135851.74793253542,5992.188448780534,3.4520000000001776e-06
1.086786829368365,0.4975590511674313,-0.03882104576492479,-64760.01630561626,135550.3632507571,6019.909524582636,3.4530000000001777e-06
1.0867214377433823,0.49769429794779896,-0.03881502548400747,-65391.62498257241,135246.78036764957,6020.280917317146,3.4540000000001778e-06
1.0866554159468034,0.49782923942660323,-0.03880903218152841,-66021.79657894546,134941.47880426858,5993.302479061009,3.455000000000178e-06
1.0865887664105642,0.4979638743677568,-0.0388030931631169,-66649.53623906021,134634.94115357267,5939.0184115109405,3.456000000000178e-06
1.0865214925573945,0.49809820202005517,-0.038797235645921475,-67273.85316981497,134327.6522983691,5857.51719542295,3.457000000000178e-06
1.0864535987951498,0.4982322221186801,-0.03879148671447281,-67893.76224479332,134020.09862496753,5748.93144866912,3.458000000000178e-06
1.0863850905095507,0.4983659348859139,-0.038785873276759676,-68508.28559904087,133712.76723380256,5613.437713133608,3.459000000000178e-06
1.0863159740553388,0.4984993410310622,-0.038780422020588894,-69116.45421195487,133406.14514829256,5451.256170781773,3.460000000000178e-06
1.086246256745863,0.4986324417495854,-0.038775159370299545,-69717.30947575312,133100.7185232076,5262.65028934799,3.4610000000001783e-06
1.086175946841116,0.4987652387214392,-0.03877011144390135,-70309.90474701166,132796.97185382113,5047.926398198544,3.4620000000001784e-06
1.0861050535342374,0.4988977341086263,-0.03876530401070631,-70893.30687878763,132495.38718712193,4807.433195036233,3.4630000000001784e-06
1.0860335869365065,0.49902993055196265,-0.03876076244952209,-71466.59773087394,132196.44333636007,4541.561184222437,3.4640000000001785e-06
1.0859615580608508,0.49916183116706286,-0.03875651170747449,-72028.87565576701,131900.61510019907,4250.7420476005545,3.4650000000001786e-06
1.0858889788038928,0.4992934395395506,-0.038752576259525676,-72579.25695796635,131608.37248774007,3935.447948811488,3.4660000000001787e-06
1.0858158619265685,0.49942475971950123,-0.03874898006875348,-73116.87732426696,131320.17995067668,3596.19077219737,3.4670000000001787e-06
1.0857422210333458,0.4995557962151251,-0.03874574654745598,-73640.89322275034,131036.49562383065,3233.5212974934902,3.468000000000179e-06
1.0856680705500776,0.4996865539857004,-0.03874289851914437,-74150.483268229,130757.77057530617,2848.028311610584,3.469000000000179e-06
1.0855934257005257,0.4998170384337679,-0.038740458181485464,-74644.84955195138,130484.44806748848,2440.337658909867,3.470000000000179e-06
1.0855183024815924,0.499947255396598,-0.03873844707025399,-75123.21893342987,130216.96283009622,2011.1112314714892,3.471000000000179e-06
1.0854427176373,0.5000772111369445,-0.03873688602435304,-75584.84429231385,129955.74034648041,1561.0459009531023,3.472000000000179e-06
1.0853666886315618,0.5002069123330988,-0.03873579515195931,-76029.00573829142,129701.19615434353,1090.8723937290388,3.473000000000179e-06
1.0852902336197847,0.5003363660682608,-0.03873519379784822,-76455.01177706954,129453.73516203107,601.3541110918659,3.4740000000001793e-06
1.0852133714193541,0.5004655798192423,-0.03873510051195183,-76862.20043055029,129213.75098152478,93.2858963867925,3.4750000000001793e-06
1.0851361214790447,0.5005945614445215,-0.038735533019200796,-77249.94030939296,128981.62527924225,-432.50724896467136,3.4760000000001794e-06
1.0850585038474085,0.5007233191716672,-0.038736508190699306,-77617.6316362255,128757.72714572023,-975.1714985123044,3.4770000000001795e-06
1.0849805391401908,0.5008518615841525,-0.03873804201628008,-77964.70721784688,128542.41248523079,-1533.8255807764886,3.4780000000001796e-06
1.084902248506826,0.5009801976075788,-0.03874014957848408,-78290.63336484092,128336.02342634885,-2107.5622040028175,3.4790000000001796e-06
1.084823653596069,0.5011083364953333,-0.03874284502800748,-78594.91075710533,128138.88775445761,-2695.4495234019237,3.4800000000001797e-06
1.0847447765208151,0.5012362878137004,-0.03874614156065602,-78877.07525388434,127951.31836714408,-3296.5326485342457,3.4810000000001798e-06
1.0846656398221681,0.5013640614264538,-0.038750051395844455,-79136.6986469806,127773.61275340195,-3909.835188432742,3.48200000000018e-06
1.0845862664328123,0.5014916674789514,-0.03875458575667645,-79373.38935591167,127606.05249752138,-4534.3608319935065,3.48300000000018e-06
1.0845066796396967,0.5016191163817268,-0.038759754851654726,-79586.79311555151,127448.90277553596,-5169.0949782757125,3.48400000000018e-06
1.08442690304439,0.50174641879251,-0.038765567858628586,-79776.59530661172,127302.41078317011,-5813.0069738610655,3.48500000000018e-06
1.0843469605266178,0.5018735856001776,-0.03877203290927644,-79942.51777217949,127166.80766758886,-6465.050647850793,3.48600000000018e-06
1.0842668762054628,0.5020006279071324,-0.03877915707580509,-80084.32115501234,127042.30695486002,-7124.166528655462,3.4870000000001802e-06
1.0841866744001754,0.5021275570113215,-0.03878694635936643,-80201.80528744755,126929.10418905305,-7789.2835613367715,3.4880000000001803e-06
1.0841063795906576,0.5022543843879219,-0.03879540568021074,-80294.80951785605,126827.37660041796,-8459.320844312122,3.4890000000001804e-06
1.0840260163776845,0.5023811216707251,-0.03880453886959336,-80363.21297308213,126737.28280322344,-9133.18938262279,3.4900000000001805e-06
1.083945609442928,0.502507780633249,-0.0388143486634483,-80406.93475641291,126658.96252378535,-9809.793854936172,3.4910000000001805e-06
1.0838651835088473,0.5026343731696081,-0.038824836697839725,-80425.93408072456,126592.5363591679,-10488.034391426572,3.4920000000001806e-06
1.0837847632985107,0.5027609112751751,-0.03883600350619938,-80420.21033655667,126538.10556699002,-11166.808359657665,3.4930000000001807e-06
1.0837043734954157,0.5028874070270618,-0.038847848518354954,-80389.80309497095,126495.75188671822,-11845.012155572935,3.4940000000001808e-06
1.0836240387033707,0.5030138725644546,-0.038860370061351644,-80334.79204515571,126465.53739277639,-12521.542996688273,3.495000000000181e-06
1.0835437834065038,0.5031403200688344,-0.038873565362066216,-80255.29686684324,126447.50437974997,-13195.300714573434,3.496000000000181e-06
1.0834636319294662,0.5032667617441142,-0.038887430551609925,-80151.47703771292,126441.67527990969,-13865.189543706345,3.497000000000181e-06
1.08338360839789,0.5033932097967274,-0.03890196067151371,-80023.5315760587,126448.05261322603,-14530.119903786277,3.498000000000181e-06
1.083303736699171,0.5035196764156974,-0.03891714968168631,-79871.6987191052,126466.61896999234,-15189.010172598728,3.499000000000181e-06
1.0832240404436335,0.5036461737527235,-0.03893299047013284,-79696.25553746162,126497.33702611981,-15840.788446536448,3.5000000000001812e-06
1.0831445429261473,0.5037727139023146,-0.03894947486441874,-79497.51748630751,126540.14959111338,-16484.39428589745,3.5010000000001813e-06
1.0830652670882532,0.5038993088820033,-0.038966593644860846,-79275.83789400841,126594.97968868296,-17118.780442102077,3.5020000000001814e-06
1.0829862354808644,0.5040259706126732,-0.03898433655942484,-79031.60738896215,126661.73066988974,-17742.914563997107,3.5030000000001814e-06
1.0829074702275987,0.5041527108990318,-0.03900269234030529,-78765.2532655787,126740.28635867267,-18355.780880445756,3.5040000000001815e-06
1.0828289929888084,0.5042795414102613,-0.039021648722161725,-78477.23879039723,126830.51122954578,-18956.38185643776,3.5050000000001816e-06
1.0827508249263589,0.5044064736608785,-0.03904119246198172,-78168.06244944301,126932.2506172029,-19543.739819994044,3.5060000000001817e-06
1.0826729866692208,0.5045335189918363,-0.03906130936053891,-77838.25713802509,127045.33095771231,-20116.898557185174,3.5070000000001817e-06
1.0825954982799266,0.5046606885518973,-0.03908198428541154,-77488.38929427069,127169.56006093051,-20674.92487263237,3.508000000000182e-06
1.0825183792219488,0.504787993279311,-0.039103201195524455,-77119.05797778702,127304.72741371123,-21216.910112913625,3.509000000000182e-06
1.082441648328054,0.5049154438838245,-0.03912494316717481,-76730.89389493273,127450.60451343392,-21741.971650356,3.510000000000182e-06
1.0823653237696815,0.5050430508290558,-0.03914719242149957,-76324.55837227074,127606.94523132402,-22249.25432475793,3.511000000000182e-06
1.0822894230274016,0.5051708243152607,-0.039169930353340224,-75900.74227986141,127773.48620498682,-22737.93184065233,3.512000000000182e-06
1.0822139628624954,0.5052987742625202,-0.039193137561458015,-75460.16490613962,127949.94725952695,-23207.208117792645,3.513000000000182e-06
1.0821389592897093,0.5054269102943768,-0.039216793880050636,-75003.57278620075,128136.0318565767,-23656.3185926192,3.5140000000001823e-06
1.082064427551224,0.5055552417219473,-0.03924087841151918,-74531.7384854,128331.42757050894,-24084.53146854249,3.5150000000001823e-06
1.0819903820918837,0.5056837775285384,-0.03926536956043214,-74045.45934024452,128535.80659106362,-24491.14891296309,3.5160000000001824e-06
1.081916836535725,0.50581252635479,-0.03929024506863117,-73545.55615863105,128748.82625157191,-24875.508199034724,3.5170000000001825e-06
1.0818438036638434,0.5059414964843719,-0.039315482051421435,-73032.87188155057,128970.12958191842,-25236.98279026719,3.5180000000001826e-06
1.081771295393635,0.5060706958302572,-0.039341057034787595,-72508.27020844731,129199.34588533912,-25574.983366159686,3.5190000000001826e-06
1.0816993227594465,0.5062001319215953,-0.039366945993574744,-71972.63418848184,129436.09133811237,-25888.958787151987,3.5200000000001827e-06
1.0816278958946666,0.5063298118912064,-0.03939312439057203,-71426.86478000577,129679.96961116073,-26178.396997280906,3.521000000000183e-06
1.0815570240152859,0.5064597424637189,-0.03941956721643506,-70871.87938061086,129930.5725125443,-26442.825863032456,3.522000000000183e-06
1.0814867154049557,0.5065899299443687,-0.03944624903038205,-70308.61033016532,130187.48064979003,-26681.81394698574,3.523000000000183e-06
1.0814169774015663,0.5067203802084796,-0.039473144001597,-69738.00338929697,130450.26411096801,-26894.971214952842,3.524000000000183e-06
1.0813478163853705,0.506851098691643,-0.03950022595127243,-69161.0161958251,130718.48316339342,-27081.94967542944,3.525000000000183e-06
1.0812792377686689,0.5069820903806118,-0.03952746839522271,-68578.61670168127,130991.68896880282,-27242.443950283687,3.526000000000183e-06
1.081211245987076,0.5071133598049257,-0.039554844586998435,-67991.78159289269,131269.42431382538,-27376.191775725372,3.5270000000001832e-06
1.0811438444923807,0.5072449110292803,-0.03958232756143115,-67401.49469523174,131551.22435454366,-27482.974432713992,3.5280000000001833e-06
1.0810770357470125,0.5073767476466542,-0.039609890178537235,-66808.74536815984,131836.61737391452,-27562.617106082074,3.5290000000001834e-06
1.0810108212201228,0.507508872772205,-0.039637505167709,-66214.5268897145,132125.1255507989,-27614.989171769506,3.5300000000001835e-06
1.0809452013852878,0.5076412890379444,-0.039665145172120685,-65619.83483500432,132416.26573932992,-27640.00441168493,3.5310000000001835e-06
1.0808801757198367,0.5077739985882017,-0.03969278279327652,-65025.66545098807,132709.55025733061,-27637.621155831483,3.5320000000001836e-06
1.0808157427058065,0.5079070030758842,-0.039720390635627975,-64433.014030220686,133004.4876824785,-27607.84235145616,3.5330000000001837e-06
1.0807518998325203,0.5080403036595391,-0.03974794135118708,-63842.87328625134,133300.5836549001,-27550.715559104403,3.5340000000001838e-06
1.080688643600787,0.508173901001224,-0.039775407684062666,-63256.23173335597,133597.34168486894,-27466.33287558414,3.535000000000184e-06
1.0806259695287137,0.5083077952651882,-0.03980276251484663,-62674.07207327974,133894.26396427132,-27354.83078396602,3.536000000000184e-06
1.080563872159122,0.5084419861173687,-0.0398299789047775,-62097.369591653216,134190.8521804991,-27216.38993086907,3.537000000000184e-06
1.0805023450685551,0.5085764727257001,-0.0398570301396089,-61527.090566729414,134486.60833142392,-27051.234831402828,3.538000000000184e-06
1.0804413808778621,0.5087112537612402,-0.039883889773111164,-60964.19069306835,134781.03554010708,-26859.63350225828,3.539000000000184e-06
1.0803809712643393,0.508846327400108,-0.039910531670134725,-60409.61352276999,135073.63886789908,-26641.897023560345,3.5400000000001842e-06
1.0803211069754124,0.5089816913262326,-0.03993693004916494,-59864.288926826775,135363.9261245869,-26398.379030213757,3.5410000000001843e-06
1.0802617778438333,0.5091173427349068,-0.03996305952429853,-59329.13157913239,135651.40867425234,-26129.475133592274,3.5420000000001844e-06
1.0802029728043676,0.5092532783371423,-0.03998889514657307,-58805.03946564496,135935.60223551228,-25835.622274537396,3.5430000000001844e-06
1.0801446799119465,0.5093894943648171,-0.040014412444581815,-58292.89242115967,136216.0276748222,-25517.298008747483,3.5440000000001845e-06
1.0800868863612505,0.5095259865766086,-0.040039587464307566,-57793.55069609867,136492.21179153622,-25175.01972575077,3.5450000000001846e-06
1.0800295785076948,0.5096627502647021,-0.04006439680811033,-57307.853555674934,136763.68809343182,-24809.343802766347,3.5460000000001847e-06
1.079972741889781,0.5097997802622635,-0.0400888176728052,-56836.61791373126,137029.99756142322,-24420.86469486527,3.5470000000001847e-06
1.0799163612527776,0.5099370709516656,-0.04011282788676815,-56380.63700349644,137290.68940220744,-24010.21396294968,3.548000000000185e-06
1.0798604205736901,0.5100746162734532,-0.04013640594600932,-55940.679087437726,137545.32178760646,-23578.059241170562,3.549000000000185e-06
1.079804903087482,0.5102124097360325,-0.040159531049154824,-55517.48620832167,137793.46257939315,-23125.10314550488,3.550000000000185e-06
1.0797497913144984,0.5103504444260709,-0.040182183131280136,-55111.772983525705,138034.69003841243,-22652.082125309662,3.551000000000185e-06
1.079695067089054,0.5104887130195878,-0.0402043428965399,-54724.22544456859,138268.59351683673,-22159.76525976426,3.552000000000185e-06
1.0796407115891302,0.5106272077937202,-0.04022599184954111,-54355.499923751464,138494.7741324229,-21648.953001202248,3.553000000000185e-06
1.0795867053671404,0.5107659206391438,-0.04024711232540853,-54006.22198972074,138712.84542366912,-21120.475867421217,3.5540000000001853e-06
1.0795330283817068,0.5109048430731287,-0.04026768751849367,-53676.98543368137,138922.43398480155,-20575.19308514153,3.5550000000001853e-06
1.0794796600303989,0.5110439662532082,-0.04028770150968053,-53368.35130790304,139123.1800795554,-20013.991186864467,3.5560000000001854e-06
1.0794265791833808,0.511183280991441,-0.040307139292243985,-53080.847018073284,139314.73823275045,-19437.78256345525,3.5570000000001855e-06
1.0793737642179098,0.5113227777692396,-0.040325986796218835,-52814.96547096075,139496.77779869817,-18847.503974847663,3.5580000000001856e-06
1.079321193053631,0.5114624467527451,-0.04034423091124017,-52571.16427875823,139668.98350551637,-18244.115021333808,3.5590000000001856e-06
1.0792688431886097,0.5116022778087196,-0.040361859507818135,-52349.86502137992,139831.05597446763,-17628.596577965327,3.5600000000001857e-06
1.0792166917360417,0.5117422605209331,-0.040378861457012784,-52151.452567889704,139982.71221347913,-17001.949194650562,3.561000000000186e-06
1.0791647154615835,0.5118823842070171,-0.04039522664847737,-51976.2744581382,140123.68608404425,-16365.191464586018,3.562000000000186e-06
1.079112890821238,0.5120226379357579,-0.04041094600684108,-51824.64034558539,140253.72874075055,-15719.358363709709,3.563000000000186e-06
1.0790611939997359,0.5121630105448006,-0.040426011506404985,-51696.82150218339,140372.60904272352,-15065.49956390866,3.564000000000186e-06
1.0790096009493497,0.5123034906587369,-0.04044041618412774,-51593.0503860905,140480.11393632198,-14404.677722752813,3.565000000000186e-06
1.078958087429077,0.5124440667075454,-0.0404541541508803,-51513.520272882924,140576.0488084681,-13737.966752562927,3.566000000000186e-06
1.078906629044126,0.5125847269453554,-0.04046722060095195,-51458.38495082529,140660.23781004277,-13066.45007165055,3.5670000000001862e-06
1.0788552012856454,0.5127254594695042,-0.040479611819792545,-51427.75848065485,140732.52414882634,-12391.218840593976,3.5680000000001863e-06
1.0788037795706251,0.5128662522398557,-0.04049132518997898,-51421.71502022756,140792.77035151373,-11713.370186435028,3.5690000000001864e-06
1.078752339281911,0.5130070930983501,-0.04050235919539668,-51440.28871426745,140840.8584943839,-11034.005417697736,3.5700000000001865e-06
1.0787008558082616,0.5131479697887524,-0.04051271342362982,-51483.473649353284,140876.6904022536,-10354.228233141293,3.5710000000001865e-06
1.0786493045843875,0.5132888699765679,-0.04052238856655698,-51551.2238741697,140900.18781539713,-9675.142927166238,3.5720000000001866e-06
1.0785976611309025,0.513429781269092,-0.04053138641915178,-51643.45348494313,140911.2925241654,-8997.852594794611,3.5730000000001867e-06
1.0785459010941265,0.5135706912355631,-0.04053970987649092,-51760.036775876164,140909.9664710892,-8323.45733914178,3.5740000000001868e-06
1.0784940002856722,0.5137115874273834,-0.04054736292897521,-51900.80845428842,140896.1918203044,-7653.052484289905,3.575000000000187e-06
1.0784419347217522,0.5138524573983776,-0.040554350655771676,-52065.56392006661,140869.97099418857,-6987.726796460568,3.576000000000187e-06
1.0783896806621434,0.5139932887250548,-0.040560679216488045,-52254.05960892256,140831.32667715117,-6328.5607163669465,3.577000000000187e-06
1.0783372146487444,0.5141340690268413,-0.04056635584109365,-52466.01339885449,140780.3017865721,-5676.624605604231,3.578000000000187e-06
1.0782845135436654,0.5142747859862523,-0.040571388818103564,-52701.10507910534,140716.95941093544,-5032.977009910703,3.579000000000187e-06
1.0782315545667847,0.5144154273689676,-0.040575787481045664,-52958.976880811206,140641.38271525752,-4398.662942101101,3.5800000000001872e-06
1.0781783153327162,0.5145559810437815,-0.0405795621932331,-53239.23406843423,140553.6748139604,-3774.7121874388113,3.5810000000001873e-06
1.0781247738871254,0.5146964350023929,-0.04058272433086728,-53541.445590977,140453.95861139352,-3162.137634173826,3.5820000000001874e-06
1.0780709087423335,0.5148367773790031,-0.040585286264499205,-53865.144791880266,140342.37661025772,-2561.9336319297536,3.5830000000001874e-06
1.0780166989121571,0.5149769964696914,-0.04058726133887978,-54209.830176412535,140219.09068823603,-1975.0743805751995,3.5840000000001875e-06
1.0779621239459218,0.5151170807515346,-0.04058866385123194,-54574.96623526872,140084.28184318668,-1402.51235216287,3.5850000000001876e-06
1.077907163961599,0.5152570189014419,-0.040589509027980405,-54959.98432300654,139938.14990730293,-845.176748463849,3.5860000000001877e-06
1.077851799678009,0.5153967998146727,-0.04058981299997697,-55364.28358986239,139780.91323069346,-303.97199656465295,3.5870000000001877e-06
1.0777960124460437,0.5155364126230075,-0.0405895927762619,-55787.231965405044,139612.80833488549,220.223715068832,3.588000000000188e-06
1.0777397842788514,0.5156758467125443,-0.04058886621640418,-56228.16719240368,139434.0895367998,726.5598577236301,3.589000000000188e-06
1.0776830978809422,0.5158150917410881,-0.04058765200146568,-56686.397909208645,139245.02854379412,1214.2149385019602,3.590000000000188e-06
1.0776259366761634,0.5159541376551084,-0.04058596960363656,-57161.204778867526,139045.91402041627,1682.3978291213841,3.591000000000188e-06
1.0775682848345003,0.516092974706236,-0.04058383925459122,-57651.841663126404,138837.05112755342,2130.3490453380546,3.592000000000188e-06
1.0775101272976608,0.5162315934672708,-0.040581281912616264,-58157.53683939664,138618.76103470768,2557.341974958774,3.593000000000188e-06
1.077451449803402,0.5163699848476769,-0.040578319228563774,-58677.49425870104,138391.3804061701,2962.684052491077,3.5940000000001883e-06
1.0773922389085595,0.5165081401085388,-0.04057497351068521,-59210.89484255007,138155.260861907,3345.717878566917,3.5950000000001883e-06
1.0773324820107428,0.5166460508769528,-0.04057126768840284,-59756.897816639,137910.7684140124,3705.822282364631,3.5960000000001884e-06
1.0772721673686636,0.5167837091598324,-0.040567225275077494,-60314.642079200225,137658.2828796186,4042.4133253455534,3.5970000000001885e-06
1.0772112841210617,0.5169211073571036,-0.04056287032983278,-60883.24760179225,137398.19727119582,4354.94524471578,3.5980000000001886e-06
1.0771498223042015,0.5170582382742688,-0.04055822741849766,-61461.81686025727,137130.91716520555,4642.9113351200285,3.5990000000001887e-06
1.077087772867908,0.5171950951343189,-0.04055332157373049,-62049.43629353341,136856.86005010927,4905.844767173131,3.6000000000001887e-06
1.0770251276901202,0.5173316715889738,-0.04054817825438895,-62645.17778796571,136576.4546547655,5143.319341535312,3.601000000000189e-06
1.0769618795899354,0.517467961729232,-0.04054282330421161,-63248.10018472127,136290.14025828033,5354.950177339848,3.602000000000189e-06
1.0768980223391276,0.5176039600952145,-0.04053728290987773,-63857.250807879296,135998.36598240692,5540.39433388589,3.603000000000189e-06
1.0768335506721167,0.5177396616852821,-0.040531583558513114,-64471.6670107361,135701.59006761666,5699.351364614939,3.604000000000189e-06
1.0767684602943788,0.517875061964416,-0.04052575199471062,-65090.37773783762,135400.27913399247,5831.563802496576,3.605000000000189e-06
1.0767027478892786,0.5180101568718442,-0.04051981517713456,-65712.40510022918,135094.907428119,5936.817576057432,3.606000000000189e-06
1.076636411123317,0.5181449428279014,-0.040513800234779164,-66336.76596139256,134785.9560571677,6014.94235539681,3.6070000000001893e-06
1.0765694486497859,0.5182794167401128,-0.040507734422951525,-66962.47353132517,134473.9122113961,6065.811827642754,3.6080000000001893e-06
1.0765018601108196,0.5184135760084891,-0.04050164507905011,-67588.53896620445,134159.26837630055,6089.343901413532,3.6090000000001894e-06
1.0764336461378485,0.5185474185300248,-0.04049555957821015,-68213.972971073,133842.52153567868,6085.500839961242,3.6100000000001895e-06
1.0763648083504456,0.5186809427023917,-0.04048950528888736,-68837.78740297646,133524.17236687394,6054.289322786508,3.6110000000001896e-06
1.0762953493535736,0.5188141474268212,-0.040483509528451735,-69458.99687198589,133204.72442948897,5995.760435625723,3.6120000000001896e-06
1.076225272733236,0.51894703211017,-0.04047759951886291,-70076.62033754104,132884.68334886522,5910.009588824991,3.6130000000001897e-06
1.0761545830505383,0.5190795966661657,-0.040471802342498676,-70689.68269755876,132564.55599563767,5797.176364227578,3.6140000000001898e-06
1.0760832858341707,0.5192118415158283,-0.040466144898207865,-71297.2163677625,132244.84966268003,5657.444290814108,3.61500000000019e-06
1.076011387571322,0.5193437675870691,-0.040460653857658416,-71898.26284870517,131926.07124076303,5491.040549446929,3.61600000000019e-06
1.075938895697044,0.5194753763134634,-0.040455355622051235,-72491.87427797666,131608.7263942512,5298.23560718169,3.61700000000019e-06
1.0758658185820789,0.5196066696322016,-0.04045027627926952,-73077.11496511156,131293.3187381662,5079.34278172017,3.61800000000019e-06
1.0757921655191722,0.5197376499812195,-0.040445441561532826,-73653.06290673908,130980.34901794443,4834.717736688567,3.61900000000019e-06
1.0757179467078928,0.5198683202955128,-0.04044087680362429,-74218.81127954891,130670.31429321361,4564.757908534713,3.6200000000001902e-06
1.075643173237984,0.5199986840026397,-0.04043660690175835,-74773.46990868099,130363.70712691023,4269.901865945716,3.6210000000001903e-06
1.075567857071275,0.5201287450174208,-0.04043265627315555,-75316.16670918588,130061.01478105172,3950.628602794401,3.6220000000001904e-06
1.0754920110221768,0.5202585077358413,-0.040429048816389826,-75846.0490982444,129762.71842046989,3607.4567657282605,3.6230000000001905e-06
1.075415648736801,0.5203879770281671,-0.04042580787257221,-76362.28537588037,129469.29232580095,3240.9438176184512,3.6240000000001905e-06
1.075338784670729,0.5205171582312841,-0.04042295618743402,-76864.0660719501,129181.20311701536,2851.685138188417,3.6250000000001906e-06
1.0752614340654718,0.5206460571402728,-0.04042051587437078,-77350.60525724413,128898.9089887553,2440.3130632418693,3.6260000000001907e-06
1.0751836129236552,0.5207746799992315,-0.04041850837850677,-77821.14181659278,128622.85895873175,2007.495864008018,3.6270000000001908e-06
1.0751053379829731,0.5209030334913619,-0.04041695444183856,-78274.94068192637,128353.49213041355,1553.936668217837,3.628000000000191e-06
1.0750266266889499,0.5210311247283331,-0.04041587406951394,-78711.2940233032,128091.23697122051,1080.37232461878,3.629000000000191e-06
1.0749474971665538,0.5211589612389406,-0.040415286497301216,-79129.52239598383,127836.51060740973,587.5722127264762,3.630000000000191e-06
1.074867968190712,0.5212865509570774,-0.040415210160301515,-79528.97584169886,127589.71813681936,76.33699970042517,3.631000000000191e-06
1.0747880591557697,0.521413902209038,-0.040415662662955196,-79909.03494232878,127351.25196060752,-452.5026536835471,3.632000000000191e-06
1.0747077900439455,0.5215410237001732,-0.040416660750391104,-80269.1118242889,127121.4911350954,-998.0874359084651,3.633000000000191e-06
1.0746271813928334,0.521667924500918,-0.04041822028116541,-80608.65111198946,126900.80074479284,-1559.530774303621,3.6340000000001913e-06
1.0745462542620046,0.5217946140322157,-0.04042035620143454,-80927.13082882053,126689.53129765273,-2135.920269132184,3.6350000000001914e-06
1.0744650301987604,0.5219211020503592,-0.040423082520604434,-81224.06324419413,126488.01814356599,-2726.319169893638,3.6360000000001914e-06
1.0743835312030952,0.5220473986312764,-0.040426412288495917,-81498.99566526,126296.58091707321,-3329.7678914857242,3.6370000000001915e-06
1.0743017796919232,0.5221735141542816,-0.04043035757406372,-81751.5111719992,126115.5230052313,-3945.285567804228,3.6380000000001916e-06
1.0742197984626287,0.5222994592853232,-0.04043492944570402,-81981.22929448841,125945.13104153423,-4571.871640296191,3.6390000000001917e-06
1.0741376106559974,0.52242524495975,-0.04044013795318294,-82187.80663121927,125785.6744267461,-5208.507478923216,3.6400000000001917e-06
1.07405523971859,0.5225508823646274,-0.04044599211121588,-82370.9374074504,125637.40487746215,-5854.158032936421,3.641000000000192e-06
1.0739727093646174,0.5226763829206306,-0.04045249988472469,-82530.3539726647,125500.5560031696,-6507.773508813583,3.642000000000192e-06
1.073890043537381,0.5228017582635431,-0.04045966817579735,-82665.827236301,125375.34291253479,-7168.291072661934,3.643000000000192e-06
1.07380726637034,0.5229270202253927,-0.0404675028123717,-82777.1670410278,125261.96184959638,-7834.636574347343,3.644000000000192e-06
1.0737244021478671,0.5230521808152532,-0.040476008538662275,-82864.22247292587,125160.58986049633,-8505.726290572013,3.645000000000192e-06
1.073641475265759,0.5231772521997445,-0.040485189007346364,-82926.88210804781,125071.38449133145,-9180.468684088639,3.646000000000192e-06
1.0735585101915641,0.5233022466832622,-0.04049504677352257,-82965.07419492405,124994.48351765766,-9857.766176209245,3.6470000000001923e-06
1.0734755314247915,0.5234271766879683,-0.04050558329045231,-82978.7667726881,124930.00470612799,-10536.516929741594,3.6480000000001923e-06
1.073392563457067,0.523552054733577,-0.040516798907091776,-82967.96772459698,124878.04560869312,-11215.616639465408,3.6490000000001924e-06
1.0733096307323,0.5236768934169668,-0.040528692867419024,-82932.72476682716,124838.68338973976,-11893.960327244547,3.6500000000001925e-06
1.0732267576069274,0.5238017053916533,-0.040541263311557885,-82873.12537253105,124811.97468648836,-12570.444138859872,3.6510000000001926e-06
1.0731439683102961,0.5239265033471562,-0.04055450727869753,-82789.2966312437,124797.95550291723,-13243.967139640848,3.6520000000001926e-06
1.0730612869052523,0.5240512999882936,-0.0405684207118035,-82681.40504383459,124796.6411374243,-13913.433105971988,3.6530000000001927e-06
1.072978737248999,0.5241761080144379,-0.04058299846411325,-82549.65625330419,124808.02614438249,-14577.752309753076,3.6540000000001928e-06
1.072896342954287,0.5243009400987676,-0.04059823430740615,-82394.29471182995,124832.08432968812,-15235.843292899757,3.655000000000193e-06
1.0728141273510026,0.524425808867548,-0.040614120942035134,-82215.6032845702,124868.76878034558,-15886.634628983535,3.656000000000193e-06
1.0727321134482117,0.524550726879476,-0.040630650008704264,-82013.90279083858,124918.01192807415,-16529.06666912743,3.657000000000193e-06
1.0726503238967284,0.5246757066051229,-0.04064781210197356,-81789.55148336443,124979.72564686694,-17162.093269295747,3.658000000000193e-06
1.072568780952262,0.5248007604065072,-0.0406655967854697,-81542.94446645663,125053.80138437393,-17784.68349614309,3.659000000000193e-06
1.0724875064392079,0.5249259005168342,-0.04068399260877832,-81274.51305398923,125140.1103269253,-18395.823308619612,3.6600000000001932e-06
1.0724065217151397,0.5250511390204321,-0.04070298712599089,-80984.72406822699,125238.503597954,-18994.517212565715,3.6610000000001933e-06
1.072325847636059,0.5251764878329216,-0.04072256691587646,-80674.07908060715,125348.81248952025,-19579.7898855706,3.6620000000001934e-06
1.0722455045224635,0.5253019586816482,-0.040742717603645874,-80343.11359569005,125470.84872658532,-20150.687769414795,3.6630000000001935e-06
1.0721655121262839,0.5254275630864118,-0.04076342388427334,-79992.39617958668,125604.40476362556,-20706.280627467127,3.6640000000001935e-06
1.0720858895987495,0.5255533123405249,-0.0407846695473378,-79622.52753426305,125749.2541131237,-21245.6630644615,3.6650000000001936e-06
1.0720066554592302,0.5256792174922303,-0.040806437503343944,-79234.13951921301,125905.1517054198,-21767.956006138167,3.6660000000001937e-06
1.071927827565108,0.5258052893265097,-0.04082870981148024,-78827.89412207878,126071.8342793512,-22272.30813629792,3.6670000000001938e-06
1.0718494230827282,0.5259315383473128,-0.04085146770876913,-78404.4823798846,126249.02080305795,-22757.89728888554,3.668000000000194e-06
1.0717714584594755,0.5260579747602371,-0.04087469164056192,-77964.62325263249,126436.41292427955,-23223.931792791063,3.669000000000194e-06
1.0716939493970243,0.5261846084556865,-0.04089836129232905,-77509.06245108909,126633.69544941763,-23669.65176713367,3.670000000000194e-06
1.0716169108258036,0.5263114489925371,-0.04092245562269392,-77038.57122067072,126840.53685059071,-24094.330364873043,3.671000000000194e-06
1.0715403568807202,0.526438505582337,-0.0409469528976566,-76553.94508340786,127056.58979985895,-24497.27496267718,3.672000000000194e-06
1.0714643008781801,0.5265657870740668,-0.04097183072595166,-76056.00254004175,127281.49172975062,-24877.828295063187,3.673000000000194e-06
1.0713887552944457,0.5266933019394859,-0.04099706609548258,-75545.58373437395,127514.86541917663,-25235.369530918822,3.6740000000001943e-06
1.0713137317453636,0.5268210582590898,-0.04102263541077319,-75023.54908205375,127756.31960377637,-25569.315290607145,3.6750000000001944e-06
1.0712392409674976,0.5269490637086994,-0.04104851453137514,-74490.77786604947,128005.44960969605,-25879.120601954375,3.6760000000001944e-06
1.0711652928006965,0.5270773255467092,-0.04107467881116866,-73948.16680110674,128261.83800976053,-26164.27979352199,3.6770000000001945e-06
1.071091896172127,0.5272058506020101,-0.04110110313849233,-73396.62856955014,128525.05530096153,-26424.327323667752,3.6780000000001946e-06
1.071019059081796,0.5273346452626122,-0.04112776197703633,-72837.09033083377,128794.66060214837,-26658.838544006863,3.6790000000001947e-06
1.0709467885895887,0.5274637154649829,-0.04115462940743233,-72270.49220729183,129070.20237077294,-26867.430395993342,3.6800000000001947e-06
1.07087509080384,0.5275930666841204,-0.04118167916947178,-71697.78574858117,129351.21913750784,-27049.76203945302,3.681000000000195e-06
1.0708039708714627,0.5277227039243779,-0.0412088847048838,-71119.93237734489,129637.24025752653,-27205.535412012978,3.682000000000195e-06
1.070733432969644,0.5278526317110551,-0.04123621920060229,-70537.9018186585,129927.78667720521,-27334.49571848751,3.683000000000195e-06
1.0706634802991282,0.5279828540827701,-0.041263655632451685,-69952.67051584854,130222.37171498047,-27436.431849397813,3.684000000000195e-06
1.070594115079093,0.5281133745846252,-0.0412911668091796,-69365.22003529721,130520.5018550724,-27511.176727921098,3.685000000000195e-06
1.0705253385436302,0.5282441962621779,-0.04131872541676429,-68776.53546286598,130821.67755276097,-27558.60758468467,3.686000000000195e-06
1.0704571509398355,0.5283753216562278,-0.04134630406292423,-68187.60379458604,131125.39404988405,-27578.646159941447,3.6870000000001953e-06
1.0703895515275113,0.528506752798427,-0.041373875321757014,-67599.4123242734,131431.14219920826,-27571.25883278517,3.6880000000001953e-06
1.0703225385804804,0.5286384912077232,-0.0414014117784342,-67012.94703073261,131738.4092963087,-27536.4566771859,3.6890000000001954e-06
1.0702561093895133,0.5287705378876408,-0.04142888607387895,-66429.19096721351,132046.67991758132,-27474.29544474924,3.6900000000001955e-06
1.0701902602668576,0.5289028933244039,-0.041456270949353176,-65849.12265578263,132355.43676300158,-27384.875474225755,3.6910000000001956e-06
1.0701249865523683,0.5290355574859061,-0.0414835392908811,-65273.714489262115,132664.16150223496,-27268.34152791988,3.6920000000001956e-06
1.0700602826212249,0.5291685298215288,-0.041510664173436365,-64703.93114337668,132972.3356227002,-27124.88255527048,3.6930000000001957e-06
1.0699961418932231,0.529301809262807,-0.04153761890482036,-64140.72800173185,133279.44127818244,-26954.73138399719,3.6940000000001958e-06
1.0699325568436269,0.5294353942249436,-0.04156437706915969,-63585.04959622483,133584.9621365938,-26758.164339328385,3.695000000000196e-06
1.0698695190155614,0.529569282609169,-0.041590912569951635,-63037.8280654631,133888.38422548003,-26535.500791946954,3.696000000000196e-06
1.0698070190339277,0.5297034718059429,-0.04161719967258704,-62499.98163373519,134189.196773877,-26287.102635409603,3.697000000000196e-06
1.0697450466208147,0.5298379586989921,-0.04164321304628096,-61972.41311304294,134486.89304912667,-26013.373693913323,3.698000000000196e-06
1.069683590612384,0.5299727396701793,-0.04166892780534236,-61456.008430665126,134780.97118727214,-25714.759061399167,3.699000000000196e-06
1.0696226389771994,0.530107810605195,-0.041694319549715454,-60951.635184678715,135070.93501566187,-25391.744373098078,3.7000000000001962e-06
1.0695621788359697,0.5302431669000613,-0.04171936440472619,-60460.14122981614,135356.29486640793,-25044.85501073615,3.7010000000001963e-06
1.0695021964826736,0.5303788034684407,-0.04174403905996892,-59982.3532959852,135636.56837935795,-24674.655242727174,3.7020000000001964e-06
1.069442677407032,0.530514714749734,-0.041768320807269714,-59519.07564172231,135911.2812932601,-24281.7473007883,3.7030000000001965e-06
1.0693836063182873,0.5306508947179578,-0.04179218757766424,-59071.08874479001,136179.96822381945,-23866.770394520216,3.7040000000001965e-06
1.0693249671702552,0.5307873368913851,-0.041815617977329834,-58639.14803206648,136442.17342736784,-23430.399665595753,3.7050000000001966e-06
1.0692667431876044,0.530924034342934,-0.04183859132241313,-58223.98265080741,136697.4515488937,-22973.34508330074,3.7060000000001967e-06
1.0692089168933212,0.5310609797112872,-0.0418610876726964,-57826.29428329029,136945.3683532047,-22496.350283267428,3.7070000000001968e-06
1.0691514701373144,0.5311981652127252,-0.04188308786404773,-57446.75600677708,137185.50143802582,-22000.191351334106,3.708000000000197e-06
1.0690943841261138,0.5313355826536531,-0.04190457353960228,-57086.011200654204,137417.44092786504,-21485.675554554564,3.709000000000197e-06
1.0690376394536112,0.5314732234438007,-0.04192552717962375,-56744.67250252855,137640.79014751271,-20953.64002146711,3.710000000000197e-06
1.0689812161327963,0.5316110786100747,-0.04194593212999757,-56423.32081497507,137855.16627407406,-20404.950373815613,3.711000000000197e-06
1.0689250936284318,0.5317491388110412,-0.04196577262930956,-56122.50436454566,138060.2009664712,-19840.499311993586,3.712000000000197e-06
1.0688692508906172,0.5318873943520126,-0.04198503383446612,-55842.73781456048,138255.54097138875,-19261.205156557022,3.7130000000001972e-06
1.068813666389184,0.5320258352007172,-0.04200370184481434,-55584.50143311207,138440.8487046764,-18668.010348222328,3.7140000000001973e-06
1.0687583181488665,0.5321644510035245,-0.042021763724723174,-55348.24031761929,138615.8028072632,-18061.87990883196,3.7150000000001974e-06
1.0687031837851892,0.5323032311021991,-0.042039207524589006,-55134.36367717293,138780.09867468063,-17443.799865832454,3.7160000000001974e-06
1.0686482405410154,0.5324421645511584,-0.04205602230023187,-54943.24417381759,138933.44895933583,-16814.7756428671,3.7170000000001975e-06
1.0685934653236915,0.5325812401352031,-0.04207219813065101,-54775.217323815516,139075.5840447205,-16175.830419138669,3.7180000000001976e-06
1.0685388347427316,0.5327204463876939,-0.042087726134111256,-54630.58095983749,139206.252490789,-15528.003460246135,3.7190000000001977e-06
1.0684843251479768,0.5328597716091437,-0.042102598482534496,-54509.5947549242,139325.22144978514,-14872.348423243218,3.7200000000001977e-06
1.0684299126681678,0.5329992038861955,-0.0421168084141732,-54412.47980895818,139432.27705184728,-14209.931638705875,3.721000000000198e-06
1.0683755732498694,0.5331387311109552,-0.04213035024454583,-54339.418298282544,139527.2247597696,-13541.830372630282,3.722000000000198e-06
1.0683212826966804,0.5332783410006475,-0.042143219375616846,-54290.553188997634,139609.88969234878,-12869.131071012656,3.723000000000198e-06
1.068267016708666,0.5334180211175633,-0.04215541230320683,-54265.98801436136,139680.11691579656,-12192.92758998715,3.724000000000198e-06
1.0682127509219494,0.533557758889266,-0.04216692662262125,-54265.786716612805,139737.77170275015,-11514.31941441818,3.725000000000198e-06
1.068158460948396,0.5336975416290245,-0.0421777610324891,-54289.97355343239,139782.73975846564,-10834.409867858863,3.726000000000198e-06
1.068104122415327,0.5338373565564384,-0.0421879153368059,-54338.533069145735,139814.92741383266,-10154.304316797681,3.7270000000001983e-06
1.0680497110051963,0.5339771908182233,-0.04219739044517802,-54411.41013067164,139834.2617849019,-9475.108372121138,3.7280000000001983e-06
1.0679952024951682,0.5341170315091219,-0.042206188371268744,-54508.510028109,139840.69089867163,-8797.926090721034,3.7290000000001984e-06
1.0679405727965285,0.5342568656929069,-0.042214312229448915,-54629.698639751536,139834.18378493318,-8123.858180171004,3.7300000000001985e-06
1.0678857979938674,0.5343966804234409,-0.0422217662296583,-54774.80266121452,139814.73053403036,-7454.00020938831,3.7310000000001986e-06
1.0678308543839692,0.5345364627657614,-0.04222855567048649,-54943.60989825315,139782.34232044205,-6789.440828183438,3.7320000000001986e-06
1.0677757185143464,0.5346761998171535,-0.04223468693048507,-55135.86962274935,139737.0513921524,-6131.2599985819925,3.7330000000001987e-06
1.067720367221355,0.5348158787281794,-0.04224016745772585,-55351.29299124142,139678.91102582694,-5480.527240780698,3.734000000000199e-06
1.0676647776678299,0.5349554867236272,-0.042245005757622425,-55589.55352527011,139607.99544786834,-4838.299896572049,3.735000000000199e-06
1.0676089273801772,0.5350950111233487,-0.042249211379035465,-55850.28765271553,139524.39972147945,-4205.621413040456,3.736000000000199e-06
1.067552794284868,0.5352344393629486,-0.04225279489868476,-56133.09530920121,139428.23959991502,-3583.5196492965706,3.737000000000199e-06
1.0674963567442695,0.5353737590142947,-0.04225576790389374,-56437.54059854577,139319.6513461578,-2973.0052089760125,3.738000000000199e-06
1.0674395935917582,0.5355129578058141,-0.04225814297369492,-56763.152511148415,139198.79151930765,-2375.069801183996,3.739000000000199e-06
1.067382484166059,0.5356520236425422,-0.04225993365832744,-57109.42569910244,139065.8367280247,-1790.6846325184708,3.7400000000001992e-06
1.0673250083447523,0.5357909446258936,-0.042261154457160194,-57475.8213067407,138920.9833514204,-1220.7988327514718,3.7410000000001993e-06
1.067267146576897,0.5359297090731214,-0.042261820795076885,-57861.76785522973,138764.44722784127,-666.337916691467,3.7420000000001994e-06
1.0672088799147172,0.5360683055364335,-0.042261948997361576,-58266.66217974359,138596.4633120409,-128.2022846887494,3.7430000000001995e-06
1.0671501900442997,0.5362067228217348,-0.042261556263125756,-58689.870417665996,138417.28530128615,392.7342358185542,3.7440000000001995e-06
1.0670910593152534,0.5363449500069658,-0.04226066063732037,-59130.72904618933,138227.1852309918,895.6258053884039,3.7450000000001996e-06
1.0670314707692858,0.5364829764600063,-0.042259280981378336,-59588.54596760165,138026.45304052663,1379.6559420308477,3.7460000000001997e-06
1.0669714081676454,0.5366207918561162,-0.04225743694253548,-60062.60164047871,137815.39610988053,1844.0388428532387,3.7470000000001998e-06
1.0669108560173903,0.5367583861948841,-0.04225514892187969,-60552.150254926375,137594.33876792883,2288.020655790059,3.7480000000002e-06
1.0668497995964403,0.5368957498166572,-0.0422524380411803,-61056.42094995071,137363.62177307403,2710.8806993940952,3.7490000000002e-06
1.0667882249773695,0.5370328734184243,-0.042249326108551546,-61574.61907096769,137123.6017670897,3111.9326287500826,3.7500000000002e-06
1.066726119049904,0.5371697480691273,-0.04224583558300589,-62105.927465402725,136874.65070303302,3490.525545659114,3.7510000000002e-06
1.0666634695420898,0.5373063652243755,-0.042241989537954557,-62649.50781427163,136617.15524813384,3846.045051332066,3.7520000000002e-06
1.0666002650400923,0.5374427167405381,-0.042237811623714636,-63204.5019975794,136351.5161626078,4177.914239922749,3.7530000000002002e-06
1.066536495006601,0.5375787948881935,-0.04223332602908331,-63770.03349132158,136078.14765537926,4485.594631326437,3.7540000000002003e-06
1.0664721497978071,0.5377145923649113,-0.04222855744204154,-64345.20879382494,135797.47671773666,4768.587041766612,3.7550000000002004e-06
1.0664072206789281,0.5378501023073472,-0.04222353100965075,-64929.118879119414,135509.94243597786,5026.432390792112,3.7560000000002004e-06
1.066341699838253,0.5379853183026313,-0.042218272297207336,-65520.8406749926,135215.9952841373,5258.712443408165,3.7570000000002005e-06
1.0662755803996897,0.5381202343990292,-0.04221280724672117,-66119.43856334075,134916.096397918,5465.050486167967,3.7580000000002006e-06
1.0662088564337893,0.5382548451158602,-0.042207162134785016,-66723.96590039691,134610.71683098265,5645.111936156272,3.7590000000002007e-06
1.0661415229672349,0.5383891454526549,-0.04220136352990311,-67333.46655438699,134300.33679478575,5798.604881902835,3.7600000000002007e-06
1.0660735759907767,0.5385231308975381,-0.04219543824934774,-67946.97645813879,133985.44488315636,5925.280555371259,3.761000000000201e-06
1.0660050124656026,0.538656797434821,-0.04218941331561346,-68563.52517414703,133666.5372828657,6024.933734277774,3.762000000000201e-06
1.065935830328133,0.5387901415517924,-0.042183315912539356,-69182.13746957917,133344.11697143677,6097.403074104439,3.763000000000201e-06
1.0658660284932342,0.5389231602446959,-0.04217717334117008,-69801.83489869245,133018.6929034751,6142.571369282181,3.764000000000201e-06
1.065795606855844,0.5390558510238828,-0.04217101297542695,-70421.63739012244,132690.77918681852,6160.3657431307565,3.765000000000201e-06
1.0657245662910075,0.5391882119181326,-0.04216486221766069,-71040.56483649656,132360.89424982155,6150.75776625491,3.766000000000201e-06
1.0656529086523236,0.5393202414781337,-0.042158748454157485,-71657.63868382359,132029.56000110536,6113.7635032086955,3.7670000000002013e-06
1.0655806367688054,0.5394519387791169,-0.04215269901067013,-72271.88351811162,131697.3009831177,6049.443487352843,3.7680000000002013e-06
1.0655077544401588,0.5395833034226377,-0.04214674110804619,-72882.32864667155,131364.6435208585,5957.902623943095,3.7690000000002014e-06
1.0654342664304872,0.5397143355375048,-0.042140901818024594,-73488.00967157313,131032.11486713655,5839.2900216004,3.7700000000002015e-06
1.0653601784604345,0.5398450357798505,-0.04213520801927217,-74087.97005273253,130700.24234572914,5693.7987524266555,3.7710000000002016e-06
1.0652854971977763,0.5399754053323443,-0.04212968635373102,-74681.2626581279,130369.55249382247,5521.665541142062,3.7720000000002016e-06
1.0652102302464777,0.5401054459025495,-0.042124363183347294,-75266.9512986597,130040.57020511331,5323.170383732044,3.7730000000002017e-06
1.0651343861342324,0.5402351597204245,-0.04211926454725109,-75844.11224519674,129713.8178749533,5098.636096202879,3.774000000000202e-06
1.065057974298507,0.5403645495349734,-0.04211441611945693,-76411.83572537752,129389.81454891586,4848.42779415551,3.775000000000202e-06
1.064981005071109,0.5404936186100495,-0.04210984316715294,-76969.2273977676,129069.0750761629,4572.952303996342,3.776000000000202e-06
1.064903489661308,0.5406223707193185,-0.04210557050964622,-77515.40980100987,128752.10926898208,4272.657506712032,3.777000000000202e-06
1.0648254401375326,0.5407508101403884,-0.04210162247803098,-78049.52377564338,128439.4210698584,3948.0316152421224,3.778000000000202e-06
1.0647468694076763,0.5408789416481158,-0.04209802287564439,-78570.72985630904,128131.50772743381,3599.602386588751,3.779000000000202e-06
1.0646677911980442,0.5410067705070984,-0.042094794939374486,-79078.20963210703,127828.85898269614,3227.9362699064527,3.7800000000002022e-06
1.0645882200309713,0.5411343024633651,-0.04209196130188257,-79571.16707291995,127531.95626672525,2833.637491917045,3.7810000000002023e-06
1.0645081712011517,0.5412615437352765,-0.042089543954801474,-80048.82981956941,127241.27191130714,2417.3470810946465,3.7820000000002024e-06
1.064427660750716,0.5413885010036502,-0.04208756421296931,-80510.4504357294,126957.26837370911,1979.741832163863,3.7830000000002025e-06
1.0643467054430964,0.5415151814011271,-0.04208604267975676,-80955.30761958017,126680.39747688793,1521.5332125498971,3.7840000000002025e-06
1.064265322735723,0.5416415925007935,-0.04208499921354425,-81382.70737324833,126411.09966638072,1043.466212512753,3.7850000000002026e-06
1.064183530751595,0.5417677423040785,-0.04208445289540346,-81791.98412814546,126149.8032851035,546.3181407885222,3.7860000000002027e-06
1.0641013482497705,0.5418936392279458,-0.04208442199803581,-82182.50182438597,125896.92386725551,30.897367648948602,3.7870000000002028e-06
1.064018794594828,0.5420192920913982,-0.042084923956018434,-82553.65494253664,125652.8634524989,-501.9579826241393,3.788000000000203e-06
1.0639358897253421,0.5421447101013198,-0.042085975337406205,-82904.86948602519,125418.00992155248,-1051.381387770511,3.789000000000203e-06
1.0638526541214295,0.5422699028376741,-0.04208759181673614,-83235.60391261212,125192.73635430576,-1616.479329930898,3.790000000000203e-06
1.063769108771416,0.5423948802380856,-0.04208978814947828,-83545.3500134102,124977.40041152496,-2196.3327421394883,3.791000000000203e-06
1.063685275137678,0.5425196525818268,-0.0420925781479749,-83833.63373801814,124772.3437411862,-2789.9984966221095,3.792000000000203e-06
1.0636011751217136,0.5426442304732372,-0.04209597465890742,-84100.01596441973,124577.89141043305,-3396.510932523325,3.7930000000002032e-06
1.0635168310285013,0.5427686248246013,-0.04209998954232804,-84344.09321238702,124394.35136411562,-4014.883420619858,3.7940000000002033e-06
1.063432265530202,0.5428928468385121,-0.04210463365229056,-84565.49829921471,124222.01391082672,-4644.109962515632,3.7950000000002034e-06
1.0633475016292653,0.5430169079897494,-0.04210991681911231,-84763.90093670455,124061.15123730752,-5283.166821755483,3.7960000000002035e-06
1.0632625626209968,0.5431408200067015,-0.04211584783329655,-84939.00826841118,123912.01695205017,-5931.014184240174,3.7970000000002035e-06
1.0631774720556506,0.5432645948523603,-0.042122434431141824,-85090.56534625606,123774.8456588785,-6586.597845275022,3.7980000000002036e-06
1.0630922537001049,0.5433882447049215,-0.04212968328206236,-85218.35554571186,123649.85256124045,-7248.850920538243,3.7990000000002037e-06
1.063006931499186,0.5435117819380194,-0.04213759997764057,-85322.20091885836,123537.2330978961,-7916.695578213048,3.8000000000002038e-06
1.0629215295367012,0.5436352191006301,-0.04214618902243006,-85401.96248470923,123437.16261063563,-8589.044789489888,3.801000000000204e-06
1.0628360719962449,0.5437585688966746,-0.04215545382652467,-85457.54045631006,123349.79604460901,-9264.804094611878,3.802000000000204e-06
1.0627505831218407,0.5438818441643564,-0.04216539669990628,-85488.87440420898,123275.2676817972,-9942.873381607573,3.803000000000204e-06
1.0626650871784846,0.5440050578552644,-0.04217601884858111,-85495.94335600379,123213.69090810009,-10622.148674830958,3.804000000000204e-06
1.0625796084126529,0.5441282230132789,-0.04218732037251152,-85478.76583177205,123165.15801446255,-11301.523930408764,3.805000000000204e-06
1.0624941710128375,0.5442513527533113,-0.042199300265347205,-85437.3998152945,123129.74003240316,-11979.892835680128,3.806000000000204e-06
1.0624087990701765,0.5443744602399155,-0.04221195641595691,-85371.94266108588,123107.486604255,-12656.150609703242,3.8070000000002043e-06
1.062323516539239,0.544497558665804,-0.042225285611758805,-85282.5309373513,123098.42588836965,-13329.195801897975,3.8080000000002044e-06
1.062238347199034,0.5446206612303034,-0.042239283543844694,-85169.34020509062,123102.56449947874,-13997.93208589261,3.8090000000002044e-06
1.0621533146143003,0.5447437811177878,-0.04225394481389034,-85032.58473367734,123119.8874843486,-14661.270045646692,3.8100000000002045e-06
1.062068442097147,0.5448669314761205,-0.04226926294284127,-84872.51715334227,123150.35833280522,-15318.128950930852,3.8110000000002046e-06
1.0619837526691018,0.5449901253951447,-0.04228523038136053,-84689.4280450955,123193.91902414811,-15967.438519257923,3.8120000000002047e-06
1.061899269023633,0.5451133758852535,-0.04230183852202191,-84483.64546872317,123250.49010891201,-16608.140661378173,3.8130000000002047e-06
1.0618150134892035,0.5452366958560795,-0.04231907771322939,-84255.53442959722,123319.97082587692,-17239.19120747465,3.814000000000205e-06
1.0617310079929183,0.5453600980953337,-0.042336937274840614,-84005.49628513721,123402.23925416745,-17859.561611222733,3.815000000000205e-06
1.0616472740248264,0.545483595247834,-0.04235540551546953,-83733.96809186359,123497.15250022354,-18468.24062891076,3.8160000000002045e-06
1.0615638326029324,0.5456071997947534,-0.04237446975144038,-83441.42189407944,123604.5469193662,-19064.23597085624,3.817000000000204e-06
1.0614807042390908,0.5457309240332089,-0.04239411632731613,-83128.36384154648,123724.23845546984,-19646.575875748822,3.818000000000204e-06
1.0613979089067902,0.5458547800569223,-0.04241433063757222,-82795.3323006439,123856.02371340957,-20214.31025608666,3.8190000000002035e-06
1.061315466007362,0.5459787797354051,-0.042435097150762074,-82442.89942810831,123999.6784827374,-20766.51318985974,3.820000000000203e-06
1.061233394338395,0.5461029346944282,-0.04245639943474563,-82071.66896721577,124154.95902306866,-21302.283983553134,3.821000000000203e-06
1.0611517120631313,0.5462272562968805,-0.04247822018339105,-81682.27526354785,124321.60245236331,-21820.748645419582,3.8220000000002024e-06
1.0610704366809007,0.5463517556240475,-0.042500541244706556,-81275.38223057809,124499.3271669486,-22321.061315505856,3.823000000000202e-06
1.060989584998634,0.54647644345734,-0.042523343650356614,-80851.68226675445,124687.83329261123,-22802.405650058474,3.824000000000202e-06
1.060909173103508,0.5466013302605061,-0.04254660764651462,-80411.89512583561,124886.8031660346,-23263.99615800754,3.825000000000201e-06
1.0608292163367659,0.5467264261623519,-0.042570312726001924,-79956.76674231798,125095.90184580449,-23705.079487304964,3.826000000000201e-06
1.060749729268752,0.5468517409400041,-0.0425944376616609,-79487.06801386633,125314.77765215629,-24124.935658974562,3.827000000000201e-06
1.0606707256752093,0.5469772840027387,-0.04261896054090771,-79003.59354273412,125543.06273458741,-24522.8792468167,3.8280000000002e-06
1.060592218514871,0.5471030643764051,-0.04264385880140851,-78507.16033822941,125780.37366641084,-24898.26050079889,3.8290000000002e-06
1.0605142199083888,0.5472290906884704,-0.04266910926782076,-77998.60648234865,126026.31206527981,-25250.46641225602,3.8300000000002e-06
1.060436741118628,0.547355371153709,-0.042694688189539885,-77478.78976076364,126280.46523866856,-25578.921719119637,3.831000000000199e-06
1.0603597925323665,0.5474819135605623,-0.04272057127938938,-76948.5862614063,126542.406853252,-25883.08984949437,3.832000000000199e-06
1.0602833836434236,0.5476087252581894,-0.04274673375319138,-76408.88894295145,126811.69762708538,-26162.47380200166,3.833000000000199e-06
1.060207523037248,0.5477358131442328,-0.04277315037015279,-75860.60617554976,127087.88604344647,-26416.616961415522,3.834000000000198e-06
1.060132218376992,0.547863183653318,-0.042799795474001014,-75304.66025621042,127370.50908516541,-26645.103848222527,3.835000000000198e-06
1.0600574763910906,0.5479908427463063,-0.04282664303480186,-74741.98590127726,127659.09298823208,-26847.560800848052,3.8360000000001976e-06
1.0599833028623722,0.5481187959003198,-0.04285366669139126,-74173.52871848161,127953.15401343824,-27023.65658940302,3.837000000000197e-06
1.0599097026187112,0.5482470480995545,-0.04288083979435118,-73600.24366109031,128252.19923478035,-27173.102959919564,3.838000000000197e-06
1.0598366795252445,0.5483756038268978,-0.04290813544945934,-73023.09346669885,128555.72734332057,-27295.655108160205,3.8390000000001965e-06
1.0597642364781612,0.5485044670563629,-0.042935526561541544,-72443.04708324593,128863.22946517699,-27391.11208220293,3.840000000000196e-06
1.0596923754000764,0.5486336412463552,-0.042962985878654665,-71861.07808484857,129174.18999229006,-27459.317113123816,3.841000000000196e-06
1.0596210972369964,0.5487631293337798,-0.042990486036527886,-71278.16308007439,129488.08742459046,-27500.157873219345,3.8420000000001955e-06
1.059550401956881,0.5488929337290019,-0.043017999603189215,-70695.28011528126,129804.3952221742,-27513.566661332145,3.843000000000195e-06
1.0594802885498054,0.549023056311668,-0.04304549912370418,-70113.40707566358,130122.58266607413,-27499.52051496612,3.844000000000195e-06
1.0594107550297187,0.5491534984273942,-0.04307295716495318,-69533.52008664841,130442.1157262022,-27458.041249000005,3.8450000000001944e-06
1.0593417984378004,0.5492842608853292,-0.04310034636037411,-68956.5919182847,130762.45793502517,-27389.19542093154,3.846000000000194e-06
1.0592734148474052,0.5494153439565947,-0.04312763945459682,-68383.5903952641,131083.0712655268,-27293.094222707914,3.847000000000194e-06
1.05920559937059,0.5495467473736068,-0.043154809347896145,-67815.47681520224,131403.41701200278,-27169.89329932145,3.848000000000193e-06
1.0591383461662123,0.549678470330279,-0.04318182914039062,-67253.20437779582,131722.95667222977,-27019.79249447251,3.849000000000193e-06
1.0590716484495848,0.5498105114831084,-0.04320867217591434,-66697.71662745195,132041.15282954878,-26843.035523724004,3.850000000000193e-06
1.0590054985036728,0.5499428689531418,-0.04323531208549004,-66149.94591196405,132357.4700334029,-26639.909575693633,3.851000000000192e-06
1.058939887691813,0.5500755403288187,-0.043261722830331986,-65610.81185978022,132671.37567687294,-26410.744841950625,3.852000000000192e-06
1.0588748064719347,0.5502085226696884,-0.04328787874430839,-65081.2198783794,132982.34086976014,-26155.913976403273,3.853000000000192e-06
1.0588102444122585,0.5503418125109942,-0.04331375457579347,-64562.05967623362,133289.84130577306,-25875.831485081544,3.854000000000191e-06
1.0587461902084476,0.5504754058691166,-0.04333932552884081,-64054.20381079492,133593.3581223863,-25570.95304733557,3.855000000000191e-06
1.0586826317021827,0.5506092982478685,-0.04336456730361039,-63558.5062649007,133892.37875195197,-25241.774769585267,3.856000000000191e-06
1.0586195559011287,0.5507434846456312,-0.04338945613598326,-63075.801053942785,134186.39776265968,-24888.83237286891,3.85700000000019e-06
1.0585569490002626,0.5508779595633191,-0.043413968836298805,-62606.90086609275,134474.91768795913,-24512.70031554874,3.85800000000019e-06
1.0584947964045248,0.5510127170131621,-0.04343808282715145,-62152.595737819676,134757.4498430793,-24113.990852639457,3.8590000000001895e-06
1.058433082752758,0.5511477505282895,-0.04346177618018478,-61713.651766875955,135033.51512730008,-23693.35303333058,3.860000000000189e-06
1.058371791942893,0.5512830531731001,-0.043485027651823153,-61290.809864863,135302.6448106579,-23251.471638376086,3.861000000000189e-06
1.0583109071583416,0.5514186175544039,-0.04350781671788228,-60884.7845514209,135564.3813037923,-22789.06605912396,3.8620000000001885e-06
1.0582504108955497,0.5515544358333135,-0.043530123607002334,-60496.26279201525,135818.2789096706,-22306.889120054482,3.863000000000188e-06
1.0581902849926685,0.5516904997378695,-0.043551929332849126,-60125.90288121998,136063.90455595794,-21805.72584678892,3.864000000000188e-06
1.0581305106592953,0.5518268005763763,-0.04357321572503075,-59774.33337331753,136300.8385068332,-21286.392181619565,3.8650000000001875e-06
1.0580710685072334,0.5519633292514294,-0.04359396545867945,-59442.15206195736,136528.67505308648,-20749.733648697795,3.866000000000187e-06
1.0580119385822229,0.5521000762746088,-0.043614162082650544,-59129.925010530365,136747.02317936995,-20196.62397109862,3.867000000000187e-06
1.057953100396588,0.5522370317818163,-0.0436337900462926,-58838.18563483087,136955.5072075134,-19627.963642058323,3.868000000000186e-06
1.0578945329627485,0.5523741855492311,-0.043652834724745355,-58567.43383948914,137153.7674148554,-19044.678452755572,3.869000000000186e-06
1.0578362148275389,0.5525115270098577,-0.04367128244272443,-58318.13520956659,137341.46062658288,-18447.717979076257,3.870000000000186e-06
1.0577781241072803,0.5526490452706389,-0.0436891204967543,-58090.7202586128,137518.26078111643,-17838.054029867813,3.871000000000185e-06
1.057720238523546,0.5527867291301065,-0.04370633717581355,-57885.58373438794,137683.85946762236,-17216.679059249916,3.872000000000185e-06
1.0576625354395626,0.5529245670965413,-0.04372292178035916,-57703.08398335779,137837.9664347798,-16584.604545605183,3.873000000000185e-06
1.0576049918971877,0.5530625474066112,-0.04373886463969908,-57543.54237496924,137980.31006997882,-15942.859339925642,3.874000000000184e-06
1.0575475846544011,0.5532006580444594,-0.04375415712768532,-57407.24278661438,138110.6378481741,-15292.487986238371,3.875000000000184e-06
1.057490290223251,0.553338886761209,-0.043768791676702196,-57294.431150089644,138228.71674966931,-14634.54901687656,3.876000000000184e-06
1.0574330849081908,0.5534772210948552,-0.0437827617899276,-57205.315060253924,138334.3336461582,-13970.11322540047,3.877000000000183e-06
1.0573759448447442,0.5536156483905096,-0.043796062051847606,-57140.063446485816,138427.29565440063,-13300.261920006238,3.878000000000183e-06
1.0573188460384368,0.5537541558209665,-0.043808688137007896,-57098.806307435974,138507.4304569653,-12626.085160289047,3.879000000000183e-06
1.0572617644039273,0.553892730407556,-0.04382063681698815,-57081.63450946556,138574.5865895236,-11948.679980251056,3.880000000000182e-06
1.0572046758042781,0.5540313590412502,-0.04383190596558861,-57088.59964905641,138628.63369423526,-11269.148600463472,3.881000000000182e-06
1.0571475560902988,0.554170028503989,-0.04384249456222092,-57119.71397937288,138669.46273881997,-10588.596632306268,3.8820000000001815e-06
1.0570903811398977,0.55430872549019,-0.04385240269349814,-57174.950401050024,138696.98620096585,-9908.131277218345,3.883000000000181e-06
1.0570331268973805,0.5544474366284077,-0.043861631553022036,-57254.24251717686,138711.1382177817,-9228.85952389543,3.884000000000181e-06
1.056975769412628,0.5545861485031077,-0.04387018343936841,-57357.4847523387,138711.87470005587,-8551.886346372594,3.8850000000001805e-06
1.0569182848800927,0.5547248476765189,-0.043878061752274336,-57484.532535477614,138699.17341114194,-7878.312905923188,3.88600000000018e-06
1.0568606496775463,0.5548635207105292,-0.043885270987034035,-57635.202546226195,138673.03401034794,-7209.234759696015,3.88700000000018e-06
1.056802840404522,0.55500215418859,-0.04389181672711303,-57809.27302426659,138633.47806076298,-6545.740078997986,3.8880000000001794e-06
1.0567448339203809,0.5551407347375915,-0.04389770563499314,-58006.48414116458,138580.5490015119,-5888.907880110135,3.889000000000179e-06
1.0566866073819468,0.555279249049676,-0.043902945441263636,-58226.53843402749,138514.312084486,-5239.806270501053,3.890000000000179e-06
1.0566281382806466,0.5554176839039516,-0.04390754493197691,-58469.10130023494,138434.85427565352,-4599.490713273195,3.891000000000178e-06
1.0565694044790943,0.5555560261880728,-0.043911513934289555,-58733.80155239343,138342.28412111147,-3969.002312644673,3.892000000000178e-06
1.0565103842470618,0.5556942629196508,-0.04391486330041278,-59020.23203256886,138236.73157809512,-3349.366123231706,3.893000000000178e-06
1.056451056296777,0.555832381267462,-0.04391760488989864,-59327.95028475656,138118.34781121783,-2741.589485855231,3.894000000000177e-06
1.0563913998174925,0.5559703685724163,-0.04391975155029119,-59656.4792844553,137987.3049542691,-2146.660392549236,3.895000000000177e-06
1.0563313945092685,0.5561082123682543,-0.043921317096174584,-60005.308224121116,137843.79583795287,-1565.5458833982757,3.896000000000177e-06
1.0562710206159154,0.5562459004019382,-0.043922316286652364,-60373.89335318793,137688.03368400264,-999.1904777775321,3.897000000000176e-06
1.0562102589570441,0.5563834206537044,-0.043922764801294874,-60761.65887125578,137520.2517661622,-448.51464251063817,3.898000000000176e-06
1.056149090959171,0.556520761356743,-0.04392267921459427,-61167.99787296359,137340.70303857425,85.58670060136319,3.899000000000176e-06
1.0560874986858282,0.5566579110164752,-0.04392207696896878,-61592.273342982044,137149.65973216994,602.2456254922445,3.900000000000175e-06
1.0560254648666287,0.5567948584293949,-0.04392097634636031,-62033.81919948354,136947.4129197027,1100.6226084655746,3.901000000000175e-06
1.0559629729252444,0.556931592701445,-0.0439193964384718,-62491.94138437046,136734.27205012017,1579.9078885067233,3.9020000000001746e-06
1.0559000070062459,0.557068103265898,-0.043917357115692696,-62965.918998469795,136510.56445301516,2039.3227791023028,3.903000000000174e-06
1.055836552000766,0.5572043799007119,-0.04391487899476322,-63455.005479832646,136276.634813945,2478.120929476756,3.904000000000174e-06
1.0557725935709428,0.5573404127453334,-0.04391198340522998,-63958.42982320978,136032.84462145375,2895.589533238253,3.9050000000001735e-06
1.055708118173104,0.5574761923169201,-0.043908692354747474,-64475.39783871117,135779.57158667687,3291.05048251143,3.906000000000173e-06
1.0556431130796564,0.5576117095259566,-0.04390502849328175,-65005.093447596744,135517.2090364513,3663.861465722763,3.907000000000173e-06
1.0555775663996434,0.5577469556912376,-0.043901015076274454,-65546.68001308858,135246.1652808957,4013.417007295249,3.9080000000001725e-06
1.0555114670979393,0.557881922554194,-0.043896675926826854,-66099.3017040412,134966.8629564662,4339.149447602531,3.909000000000172e-06
1.05544480501305,0.5580166022925396,-0.04389203539696523,-66662.08488925608,134679.73834553204,4640.529861628473,3.910000000000172e-06
1.0553775708734898,0.5581509875332131,-0.043887118328050354,-67234.13956018043,134385.24067355224,4917.068914876285,3.9110000000001714e-06
1.05530975631271,0.5582850713645982,-0.04388195001039518,-67814.56077968651,134083.8313849715,5168.317655171497,3.912000000000171e-06
1.0552413538825556,0.5584188473479972,-0.043876556142156076,-68402.43015458876,133775.98339898608,5393.868239105279,3.913000000000171e-06
1.055172357065226,0.5585523095283436,-0.04387096278756411,-68996.81732952026,133462.1803463638,5593.354591968524,3.91400000000017e-06
1.0551027602837264,0.5586854524441321,-0.043865196334563976,-69596.78149975777,133142.9157885325,5766.453000132771,3.91500000000017e-06
1.0550325589107858,0.5588182711365524,-0.043859283451929035,-70201.37294055661,132818.69242017978,5912.88263494109,3.91600000000017e-06
1.0549617492762353,0.558950761157809,-0.043853251045921755,-70809.63455053208,132490.02125663444,6032.40600728055,3.917000000000169e-06
1.0548903286728286,0.5590829185786163,-0.04384712621656964,-71420.60340660329,132157.42080732415,6124.829352117451,3.918000000000169e-06
1.0548182953605005,0.5592147399948528,-0.04384093621362725,-72033.31232799897,131821.41623662756,6190.002942387194,3.919000000000169e-06
1.0547456485690536,0.5593462225333663,-0.04383470839229551,-72646.79144681121,131482.5385134598,6227.821331742128,3.920000000000168e-06
1.054672388499271,0.5594773638569173,-0.043828470168769736,-73260.06978257472,131141.3235509494,6238.223525772946,3.921000000000168e-06
1.0545985163224527,0.5596081621682548,-0.0438222489756883,-73872.1768183433,130798.31133758182,6221.193081431946,3.922000000000168e-06
1.054524034178377,0.559738616213316,-0.043816072217553806,-74482.14407573461,130454.04506119933,6176.758134499612,3.923000000000167e-06
1.0544489451716905,0.5598687252835433,-0.04380996722619876,-75089.00668641608,130109.07022726031,6104.991355049353,3.924000000000167e-06
1.054373253366733,0.559998489217316,-0.04380396121636778,-75691.80495751195,129763.93377277131,6006.009830978646,3.9250000000001666e-06
1.0542969637808046,0.5601279084004933,-0.04379808124148799,-76289.58592842119,129419.18317731387,5879.974879788195,3.926000000000166e-06
1.054220082375888,0.5602569837660659,-0.043792354149699085,-76881.40491655031,129075.36557259454,5727.091788903783,3.927000000000166e-06
1.0541426160488385,0.5603857167929178,-0.043786806540214135,-77466.32704948296,128733.02685195077,5547.609484948185,3.9280000000001655e-06
1.0540645726200575,0.5605141095036991,-0.04378146472008165,-78043.42878112991,128392.71078124695,5341.820132482586,3.929000000000165e-06
1.053985960820668,0.5606421644618117,-0.043776354661418805,-78611.79938942834,128054.95811259533,5110.058662848339,3.930000000000165e-06
1.0539067902782149,0.560769884767514,-0.04377150195918496,-79170.5424531886,127720.30570233328,4852.702233850356,3.9310000000001645e-06
1.0538270715009093,0.5608972740531487,-0.043766931789563826,-79718.77730571943,127389.28563468439,4570.169621132863,3.932000000000164e-06
1.0537468158604464,0.5610243364775013,-0.043762668869021616,-80255.64046289906,127062.4243525234,4262.920542206465,3.933000000000164e-06
1.053666035573423,0.561151076719298,-0.04375873741410742,-80780.28702339945,126740.24179665626,3931.454914192317,3.934000000000163e-06
1.0535847436813843,0.561277499969853,-0.043755161102060965,-81291.89203881484,126423.2505550149,3576.3120464545545,3.935000000000163e-06
1.0535029540295329,0.5614036119248761,-0.04375196303229157,-81789.65185149261,126111.95502315286,3198.069769395791,3.936000000000163e-06
1.053420681244135,0.5615294187754535,-0.04374916568879078,-82272.78539791479,125806.85057741194,2797.3435007923163,3.937000000000162e-06
1.0533379407086594,0.5616549271982156,-0.04374679090353963,-82740.53547553255,125508.42276211227,2374.7852511455244,3.938000000000162e-06
1.0532547485386883,0.5617801443447077,-0.04374485982097001,-83192.16997101287,125217.14649209756,1931.0825696237953,3.939000000000162e-06
1.0531711215556403,0.5619050778299797,-0.04374339286353775,-83626.98304791698,124933.4852719452,1466.9574322645371,3.940000000000161e-06
1.0530870772593484,0.5620297357204128,-0.04374240969846355,-84044.29629189335,124657.89043312636,983.1650741991189,3.941000000000161e-06
1.0530026337995368,0.5621541265208032,-0.04374192920569579,-84443.45981153451,124390.80039037418,480.4927677538717,3.942000000000161e-06
1.0529178099462437,0.5622782591607217,-0.04374196944714742,-84823.8532931163,124132.6399184899,-40.24145163187541,3.94300000000016e-06
1.0528326250592361,0.5624021429801725,-0.043742547637257066,-85184.88700751022,123883.81945078561,-578.1901096449014,3.94400000000016e-06
1.0527470990564685,0.5625257877145728,-0.043743680114922454,-85526.00276763452,123644.73440032937,-1132.4776653865683,3.94500000000016e-06
1.0526612523816337,0.562649203479078,-0.043745382316851975,-85846.67483488747,123415.76450512408,-1702.2019295241203,3.946000000000159e-06
1.0525751059708606,0.5627724007522763,-0.04374766875237802,-86146.41077308574,123197.27319831413,-2286.4355260427315,3.947000000000159e-06
1.052488681218612,0.5628953903592808,-0.04375055297977328,-86424.75224851425,122989.60700447562,-2884.2273952640435,3.9480000000001585e-06
1.0524019999428373,0.5630181834542438,-0.04375404758410901,-86681.27577477787,122793.0949630053,-3494.6043357283265,3.949000000000158e-06
1.0523150843494362,0.5631407915023234,-0.04375816415669148,-86915.5934012329,122608.04807958088,-4116.572582472356,3.950000000000158e-06
1.0522279569960924,0.56326322626113,-0.043762913276110656,-87127.3533438654,122434.75880662187,-4749.119419173805,3.9510000000001575e-06
1.052140640755535,0.5633854997616836,-0.04376830449093223,-87316.24055757422,122273.50055363376,-5391.214821575571,3.952000000000157e-06
1.052053158778286,0.5635076242889119,-0.04377434630406178,-87481.97724890982,122124.52722827156,-6041.81312954997,3.953000000000157e-06
1.0519655344549577,0.5636296123617208,-0.043781046158806895,-87624.32332841441,121988.07280890986,-6699.8547451133545,3.9540000000001565e-06
1.0518777913781558,0.5637514767126702,-0.043788410426660554,-87743.07680180504,121864.35094945594,-7364.267853656474,3.955000000000156e-06
1.0517899533040564,0.5638732302672873,-0.043796444396826166,-87838.07409933912,121753.55461709131,-8033.97016561495,3.956000000000156e-06
1.0517020441137137,0.5639948861230509,-0.04380515226750193,-87909.1903428002,121655.85576357371,-8707.870675767601,3.957000000000155e-06
1.051614087774164,0.5641164575280816,-0.04381453713893925,-87956.33954964219,121571.40503067766,-9384.87143731814,3.958000000000155e-06
1.05152610829939,0.5642379578595719,-0.04382460100828714,-87979.47477393097,121500.33149029636,-10063.869347888103,3.959000000000155e-06
1.0514381297112063,0.5643594006019915,-0.04383534476623167,-87978.58818382391,121442.74241967109,-10743.757944525683,3.960000000000154e-06
1.051350176000131,0.5644807993251036,-0.04384676819543648,-87953.71107543039,121398.72311215746,-11423.42920481669,3.961000000000154e-06
1.051262271086308,0.5646021676618275,-0.04385886997078765,-87904.9138229991,121368.33672387924,-12101.775351169994,3.962000000000154e-06
1.0511744387805424,0.5647235192859841,-0.043871647661443,-87832.30576548121,121351.62415656187,-12777.690655340757,3.963000000000153e-06
1.0510867027455129,0.5648448678899608,-0.04388509773468325,-87736.03502962184,121348.60397677794,-13450.073240250385,3.964000000000153e-06
1.050999086457223,0.5649662271623326,-0.043899215561559415,-87616.28828983531,121359.27237177712,-14117.826876162659,3.965000000000153e-06
1.0509116131667577,0.5650876107654746,-0.043913995424327695,-87473.2904652235,121383.60314201191,-14779.862768280802,3.966000000000152e-06
1.0508243058624036,0.5652090323132051,-0.043929430525660534,-87307.30435419861,121421.54773041027,-15435.101332840373,3.967000000000152e-06
1.0507371872321962,0.5653305053484935,-0.043945512999619324,-87118.63020727482,121473.03528838418,-16082.473958787887,3.9680000000001516e-06
1.0506502796269575,0.565452043321272,-0.04396223392437148,-86907.6052386943,121537.9727785027,-16720.924752154915,3.969000000000151e-06
1.0505636050238798,0.5655736595663856,-0.04397958333663174,-86674.60307765436,121616.24511369587,-17349.412260262117,3.970000000000151e-06
1.0504771849907197,0.5656953672817184,-0.043997550247804655,-86420.03316000183,121707.71533279518,-17966.911172917156,3.9710000000001505e-06
1.0503910406506585,0.5658171795065305,-0.04401612266180246,-86144.34006135984,121812.22481215488,-18572.41399780478,3.97200000000015e-06
1.0503051926478857,0.5659391091000436,-0.04403528759450977,-85848.00277274901,121929.59351303734,-19164.932707306394,3.97300000000015e-06
1.0502196611139658,0.566061168720308,-0.0440550310948638,-85531.53391986093,122059.62026438599,-19743.500354030286,3.9740000000001495e-06
1.0501344656350386,0.5661833708033885,-0.04407533826751618,-85195.4789272357,122202.0830805486,-20307.17265238206,3.975000000000149e-06
1.0500496252199099,0.566305727542902,-0.04409619329703974,-84840.41512868756,122356.73951345512,-20855.029523557932,3.976000000000149e-06
1.0499651582690845,0.5664282508699406,-0.04411757947364114,-84466.95082541247,122523.32703869519,-21386.17660140108,3.9770000000001484e-06
1.0498810825447913,0.5665509524334156,-0.04413947922033776,-84075.72429329965,122701.56347488331,-21899.74669662333,3.978000000000148e-06
1.0497974151420502,0.5666738435808513,-0.04416187412155472,-83667.40274105425,122891.14743564249,-22394.90121696073,3.979000000000148e-06
1.0497141724608294,0.5667969353396648,-0.04418474495309562,-83242.6812208217,123091.75881348169,-22870.83154090232,3.980000000000147e-06
1.0496313701793363,0.5669202383989596,-0.04420807171343833,-82802.2814930842,123303.05929478807,-23326.7603427061,3.981000000000147e-06
1.0495490232284885,0.5670437630918647,-0.04423183365630483,-82346.95084767752,123524.69290510147,-23761.942866495097,3.982000000000147e-06
1.0494671457676057,0.5671675193784484,-0.04425600932445214,-81877.46088285084,123756.28658378708,-24175.668147309072,3.983000000000146e-06
1.0493857511613613,0.5672915168292356,-0.044280576584629215,-81394.60624436334,123997.45078717152,-24567.260177074,3.984000000000146e-06
1.0493048519580346,0.5674157646093548,-0.04430551266364276,-80899.20332668007,124247.78011915911,-24936.079013541505,3.985000000000146e-06
1.0492244598690963,0.5675402714633432,-0.0443307941854731,-80392.08893839356,124506.85398829766,-25281.521830344103,3.986000000000145e-06
1.0491445857501622,0.5676650457006334,-0.04435639720937951,-79874.1189340596,124774.23729021776,-25603.023906409046,3.987000000000145e-06
1.0490652395833475,0.5677900951817477,-0.044382297268932586,-79346.16681469275,125049.48111432615,-25900.059553073585,3.988000000000145e-06
1.0489864304610483,0.5679154273052213,-0.044408469411909936,-78809.1222992212,125332.1234735919,-26172.142977347685,3.989000000000144e-06
1.048908166571179,0.5680410489952775,-0.04443488824098981,-78263.88986925053,125621.69005622454,-26418.829079875995,3.990000000000144e-06
1.0488304551838894,0.5681669666902756,-0.04446152795517607,-77711.38728953214,125917.69499800562,-26639.714186259484,3.9910000000001436e-06
1.0487533026397828,0.5682931863319496,-0.04448836239188658,-77152.54410657378,126219.64167399995,-26834.436710508053,3.992000000000143e-06
1.048676714339655,0.5684197133554579,-0.04451536506963609,-76588.30012786799,126527.02350833923,-27002.67774950869,3.993000000000143e-06
1.0486006947357707,0.5685465526802587,-0.0445425092312436,-76019.60388424732,126839.32480073991,-27144.161607508886,3.9940000000001425e-06
1.0485252473246927,0.5686737087018271,-0.04456976788749333,-75447.41107790532,127156.0215683887,-27258.65624973212,3.995000000000142e-06
1.048450374641674,0.5688011852842288,-0.04459711386117769,-74872.68301864658,127476.58240180247,-27345.97368436092,3.996000000000142e-06
1.0483760782566232,0.5689289857535621,-0.04462451983144994,-74296.3850509504,127800.46933324568,-27405.970272243052,3.9970000000001415e-06
1.0483023587716487,0.5690571128922783,-0.044651958378413736,-73719.48497444837,128127.13871626722,-27438.546963797613,3.998000000000141e-06
1.0482292158201882,0.5691855689343932,-0.04467940202787646,-73142.95146042839,128456.0421148993,-27443.649462720146,3.999000000000141e-06
1.0481566480677214,0.5693143555615943,-0.04470682329619267,-72567.75246698452,128786.62720104514,-27421.268316208712,4.0000000000001404e-06
1.048084653214066,0.5694434739002529,-0.04473419473512422,-71994.85365543477,129118.33865856793,-27371.43893155647,4.00100000000014e-06
1.0480132279972554,0.5695729245193454,-0.0447614889766433,-71425.2168106275,129450.619092583,-27294.241519079995,4.00200000000014e-06
1.0479423681989877,0.5697027074292879,-0.04478867877760478,-70859.79826775048,129782.90994244593,-27189.80096147646,4.003000000000139e-06
1.0478720686516394,0.5698328220816847,-0.04481573706421461,-70299.54734824563,130114.65239692372,-27058.286609826464,4.004000000000139e-06
1.047802323246832,0.5699632673699948,-0.04484263697622119,-69745.40480741771,130445.2883100328,-26899.91200658257,4.005000000000139e-06
1.0477331249455357,0.5700940416311109,-0.0448693519107572,-69198.30129630472,130774.26111602681,-26714.93453600628,4.006000000000138e-06
1.0476644657896954,0.570225142647853,-0.04489585556575984,-68659.15584035394,131101.01674201907,-26503.655002638057,4.007000000000138e-06
1.047596336915358,0.5703565676523696,-0.04492212198289835,-68128.87433741869,131425.0045167291,-26266.417138505698,4.008000000000138e-06
1.0475287285672805,0.5704883133304435,-0.04494812558993824,-67608.34807755804,131745.6780738498,-26003.60703989591,4.009000000000137e-06
1.0474616301149935,0.570620375826692,-0.044973841242472876,-67098.45228708416,132062.49624854137,-25715.6525346319,4.010000000000137e-06
1.0473950300702943,0.5707527507506576,-0.04499924426495379,-66600.0446992608,132374.9239655705,-25403.02248091612,4.011000000000137e-06
1.0473289161061403,0.5708854331837752,-0.0450243104909527,-66113.96415401057,132682.43311762763,-25066.225998911592,4.012000000000136e-06
1.0472632750769113,0.5710184176872075,-0.04504901630258905,-65641.0292289391,132984.5034323733,-24705.811636347516,4.013000000000136e-06
1.0471980930400073,0.5711516983105343,-0.04507333866905859,-65182.03690393069,133280.62332678298,-24322.366469544813,4.0140000000001355e-06
1.0471333552787458,0.5712852686012816,-0.04509725518419996,-64737.76126151221,133570.29074738274,-23916.515141364536,4.015000000000135e-06
1.0470690463265206,0.5714191216152766,-0.045120744103037645,-64308.95222512146,133853.01399499242,-23488.918837686877,4.016000000000135e-06
1.0470051499921833,0.5715532499278092,-0.04514378437724178,-63896.334337350745,134128.31253261937,-23040.2742041302,4.0170000000001345e-06
1.046941649386603,0.5716876456455844,-0.045166355689446595,-63500.605580168696,134395.71777517506,-22571.312204818314,4.018000000000134e-06
1.046878526950364,0.5718223004194442,-0.0451884384863717,-63122.43623905127,134654.77385971785,-22082.796925099596,4.019000000000134e-06
1.046815764482551,0.5719572054578391,-0.04521001401069191,-62762.467812878385,134905.0383949588,-21575.524320213768,4.0200000000001335e-06
1.0467533431705798,0.5720923515410279,-0.045231064331603905,-62421.31197137439,135146.08318880206,-21050.32091199056,4.021000000000133e-06
1.046691243621018,0.5722277290359806,-0.04525157237403966,-62099.54956178988,135377.49495272967,-20508.042435749343,4.022000000000133e-06
1.0466294458913517,0.5723633279119625,-0.04527152194647931,-61797.72966643869,135598.87598187887,-19949.57243964986,4.023000000000132e-06
1.046567929522639,0.5724991377567722,-0.04529089776731813,-61516.368712617426,135809.84480970167,-19375.82083882107,4.024000000000132e-06
1.0465066735730029,0.5726351477936084,-0.045309685489744796,-61255.94963634647,136010.036836139,-18787.722426668202,4.025000000000132e-06
1.0464456566519016,0.5727713468985366,-0.045327871725090625,-61016.9211012801,136199.1049282865,-18186.23534582666,4.026000000000131e-06
1.0463848569551275,0.5729077236185292,-0.04534544406461192,-60799.696774040254,136376.7199925746,-17572.33952129595,4.027000000000131e-06
1.0463242523004703,0.5730442661900467,-0.04536239109967027,-60604.654657133455,136542.57151753365,-16947.035058346784,4.028000000000131e-06
1.0462638201639898,0.5731809625581329,-0.04537870244027812,-60432.136480513414,136696.3680862639,-16311.34060784987,4.02900000000013e-06
1.046203537716837,0.5733178003959907,-0.04539436873197984,-60282.44715275334,136837.83785777955,-15666.291701726084,4.03000000000013e-06
1.0461433818625643,0.5734547671250071,-0.0454093816710411,-60155.854272692086,136966.7290164493,-15012.939061263769,4.03100000000013e-06
1.046083329274862,0.5735918499351959,-0.04542373401792219,-60052.58770231713,137082.81018880667,-14352.34688109064,4.032000000000129e-06
1.0460233564356605,0.5737290358060229,-0.04543741960901382,-59972.839201545044,137185.87082705897,-13685.591091624578,4.033000000000129e-06
1.0459634396735351,0.5738663115275815,-0.04545043336661668,-59916.76212545716,137275.72155867706,-13013.757602859634,4.034000000000129e-06
1.0459035552023506,0.574003663722083,-0.04546277130714905,-59884.47118444415,137352.19450150477,-12337.940532370834,4.035000000000128e-06
1.045843679160083,0.5741410788656269,-0.04547443054756949,-59876.0422676091,137415.14354388244,-11659.24042044371,4.036000000000128e-06
1.0457837876477531,0.5742785433102162,-0.04548540931000474,-59891.512329673846,137464.44458933684,-10978.762435252065,4.0370000000001275e-06
1.0457238567684117,0.5744160433059816,-0.04549570692457576,-59930.87934152862,137499.9957654468,-10297.614571020113,4.038000000000127e-06
1.0456638626661072,0.5745535650235781,-0.045505323830417874,-59994.1023044602,137521.71759655248,-9616.905842112905,4.039000000000127e-06
1.0456037815647792,0.5746910945767182,-0.045514261574893876,-60081.1013279892,137529.5531400347,-8937.744476001983,4.0400000000001265e-06
1.045543589807008,0.5748286180448041,-0.04552252281100193,-60191.75777114299,137523.4680859493,-8261.236108051227,4.041000000000126e-06
1.045483263892561,0.574966121495624,-0.04553011129298299,-60325.914446886876,137503.45081986138,-7588.4819810612535,4.042000000000126e-06
1.0454227805166718,0.5751035910080727,-0.04553703187013549,-60483.37588933343,137469.51244878242,-6920.577152499217,4.0430000000001254e-06
1.0453621166079885,0.5752410126948629,-0.045543290478847816,-60663.908683247726,137421.68679017382,-6258.60871232474,4.044000000000125e-06
1.0453012493661333,0.575378372725187,-0.04554889413286212,-60867.24185526517,137360.0303240382,-5603.654014301789,4.045000000000125e-06
1.0452401562988072,0.5755156573472952,-0.04555385091178578,-61093.06732613897,137284.62210818022,-4956.778923660905,4.046000000000124e-06
1.0451788152583839,0.5756528529109519,-0.04555816994786972,-61341.040423235616,137195.56365677642,-4319.036083946143,4.047000000000124e-06
1.0451172044779315,0.5757899458897344,-0.04556186141107557,-61610.78045240026,137092.97878245282,-3691.463205846601,4.048000000000124e-06
1.0450553026066034,0.5759269229031365,-0.04556493649245635,-61901.871328218105,136977.01340212667,-3075.081380773504,4.049000000000123e-06
1.0449930887443417,0.5760637707384434,-0.04556740738587825,-62213.86226160509,136847.83530692648,-2470.8934219006096,4.050000000000123e-06
1.0449305424758382,0.57620047637234,-0.04556928726811359,-62546.26850356927,136705.63389656154,-1879.8822353382352,4.051000000000123e-06
1.0448676439036944,0.5763370269922186,-0.04557059027733765,-62898.57214389513,136550.61987856837,-1303.0092240596605,4.052000000000122e-06
1.0448043736807309,0.5764734100171515,-0.04557133149006479,-63270.22296341603,136383.02493291744,-741.2127271430177,4.053000000000122e-06
1.0447407130413924,0.576609613118494,-0.04557152689656162,-63660.63933845504,136203.10134251782,-195.40649683225092,4.054000000000122e-06
1.0446766438321964,0.5767456242400842,-0.045571193374777476,-64069.20919593222,136011.12159021193,333.52178414260743,4.055000000000121e-06
1.0446121485411788,0.5768814316180072,-0.04557034866283486,-64495.29101755682,135807.37792290482,844.7119426126792,4.056000000000121e-06
1.0445472103262874,0.5770170237998907,-0.045569011330124774,-64938.214891445634,135592.1818835253,1337.3327100824627,4.0570000000001206e-06
1.044481813042678,0.5771523896637023,-0.045567200747054094,-65397.28360943489,135365.86381156568,1810.5830706785969,4.05800000000012e-06
1.0444159412688698,0.5772875184360153,-0.04556493705349431,-65871.77380828149,135128.7723129979,2263.6935597841602,4.05900000000012e-06
1.0443495803317169,0.5774223997097158,-0.045562241125983026,-66360.93715288141,134881.2737004112,2695.927511288146,4.0600000000001195e-06
1.0442827163301573,0.57755702346112,-0.04555913454373156,-66864.00155956784,134623.75140426386,3106.582251463434,4.061000000000119e-06
1.0442153361576998,0.5776913800664762,-0.04555563955349399,-67380.1724574896,134356.60535618733,3494.99023757324,4.062000000000119e-06
1.0441474275236138,0.5778254603178216,-0.04555177903335459,-67908.63408601187,134080.25134532494,3860.5201393954494,4.0630000000001185e-06
1.0440789789727878,0.5779592554381703,-0.04554757645549264,-68448.5508260256,133795.12034873062,4202.577861946308,4.064000000000118e-06
1.0440099799042248,0.5780927570960072,-0.04554305584798486,-68999.06856300062,133501.65783689352,4520.607507779558,4.065000000000118e-06
1.0439404205881453,0.5782259574190627,-0.045538241755707524,-69559.31607956813,133200.32305549446,4814.092277334043,4.0660000000001174e-06
1.0438702921816698,0.5783588490073472,-0.04553315920040162,-70128.40647537429,132891.58828453807,5082.555305901966,4.067000000000117e-06
1.0437995867430578,0.5784914249454233,-0.04552783363996573,-70705.43861190438,132575.93807603978,5325.560435891213,4.068000000000117e-06
1.043728297244478,0.5786236788138948,-0.045522290927042575,-71289.49857994019,132253.86847148254,5542.712923158313,4.069000000000116e-06
1.0436564175832905,0.578755604700095,-0.04551655726696628,-71879.66118727837,131925.8862002891,5733.660076293443,4.070000000000116e-06
1.0435839425918263,0.5788871972079556,-0.04551065917513843,-72474.9914643079,131592.50786058774,5898.091827845465,4.071000000000116e-06
1.0435108680456413,0.5790184514670391,-0.04550462343390185,-73074.5461850179,131254.25908357697,6035.741236582835,4.072000000000115e-06
1.0434371906702402,0.579149363140722,-0.045498477048981856,-73677.37540098434,130911.6736828222,6146.384919995522,4.073000000000115e-06
1.0433629081462543,0.5792799284335118,-0.0454922472055655,-74282.52398586519,130565.29278984184,6229.843416353418,4.074000000000115e-06
1.0432880191130665,0.5794101440974893,-0.04548596122408975,-74889.03318791841,130215.66397736277,6285.981475748049,4.075000000000114e-06
1.0432125231708784,0.5795400074378609,-0.045479646515810095,-75495.94218804594,129863.34037164648,6314.70827965656,4.076000000000114e-06
1.0431364208812175,0.5796695163176162,-0.04547333053822142,-76102.28966085923,129508.87975530488,6315.977588679769,4.077000000000114e-06
1.0430597137658812,0.5797986691612782,-0.0454670407504032,-76707.11533625833,129152.8436620417,6289.787818219353,4.078000000000113e-06
1.0429824043043223,0.5799274649577429,-0.04546080456836123,-77309.46155901674,128795.7964647695,6236.182041972901,4.079000000000113e-06
1.0429044959294784,0.5800559032622015,-0.04545464932043799,-77908.37484386828,128438.30445856413,6155.247923239369,4.0800000000001126e-06
1.042825993022055,0.5801839841971413,-0.04544860220286385,-78502.90742360006,128080.93493992864,6047.117574141268,4.081000000000112e-06
1.0427469009032673,0.5803117084524252,-0.04544269023552087,-79092.11878766745,127724.25528384591,5911.967342983654,4.082000000000112e-06
1.0426672258260583,0.5804390772844453,-0.04543694021799079,-79675.07720886233,127368.83202010453,5750.017530083296,4.0830000000001115e-06
1.0425869749648027,0.5805660925143558,-0.04543137868595827,-80250.86125558522,127015.22991038584,5561.532032514332,4.084000000000111e-06
1.0425061564035154,0.5806927565253833,-0.045426031868039944,-80818.56128729478,126664.01102760033,5346.817918328983,4.085000000000111e-06
1.0424247791225847,0.5808190722592222,-0.04542092564310902,-81377.28093073527,126315.73383896025,5106.224930923381,4.0860000000001105e-06
1.0423428529840502,0.5809450432115165,-0.04541608549818469,-81926.1385345722,125970.95229427147,4840.144924329092,4.08700000000011e-06
1.04226038871545,0.5810706734264375,-0.04541153648695437,-82464.2686001012,125630.21492092109,4549.011230320362,4.08800000000011e-06
1.0421773978922644,0.5811959674903645,-0.04540730318899603,-82990.8231857324,125294.06392702927,4233.2979583352535,4.089000000000109e-06
1.0420938929189814,0.5813209305246787,-0.04540340966976671,-83504.97328299338,124963.03431422252,3893.5192293156033,4.090000000000109e-06
1.0420098870088195,0.5814455681776802,-0.045399879441422035,-84005.9101618392,124637.6530014726,3530.2283446758884,4.091000000000109e-06
1.0419253941621363,0.5815698866156417,-0.04539673542453032,-84492.84668310518,124318.43796143009,3144.0168917145256,4.092000000000108e-06
1.0418404291435603,0.5816938925130124,-0.045393999910743436,-84965.01857598995,124005.8973706634,2735.513786882675,4.093000000000108e-06
1.0417550074578819,0.5818175930417876,-0.04539169452648501,-85421.68567851091,123700.52877519456,2305.3842584251247,4.094000000000108e-06
1.0416691453247429,0.5819409958600603,-0.045389840197715005,-85862.13313893194,123402.81827270033,1854.328770005185,4.095000000000107e-06
1.0415828596521666,0.582064109099773,-0.045388457115827986,-86285.67257622439,123113.23971272318,1383.0818870204716,4.096000000000107e-06
1.041496168008969,0.5821869413536892,-0.04538756470474058,-86691.64319768631,122832.2539162095,892.4110874089843,4.097000000000107e-06
1.041409088596097,0.5823095016616049,-0.04538718158922174,-87079.41287191203,122560.30791566393,383.1155188347693,4.098000000000106e-06
1.0413216402169416,0.582431799495822,-0.04538732556451751,-87448.37915537396,122297.83421717741,-143.97529577045543,4.099000000000106e-06
1.0412338422466707,0.5825538447459075,-0.04538801356731976,-87797.97027095131,122045.25008555349,-688.0028022491178,4.100000000000106e-06
1.041145714600634,0.5826756477027613,-0.04538926164812646,-88127.64603681582,121802.95685372212,-1248.08080670132,4.101000000000105e-06
1.0410572777018898,0.5827972190420189,-0.04539108494503865,-88436.89874416236,121571.33925759318,-1823.2969121903611,4.102000000000105e-06
1.0409685524479075,0.5829185698068163,-0.045393497659037024,-88725.25398235301,121350.7647974624,-2412.7139983758793,4.1030000000001045e-06
1.0408795601764975,0.5830397113899434,-0.04539651303077873,-88992.27141012566,121141.58312704139,-3015.371741709031,4.104000000000104e-06
1.040790322631026,0.5831606555154145,-0.045400143318952486,-89237.54547160369,120944.12547114056,-3630.2881737564394,4.105000000000104e-06
1.04070086192497,0.5832814142194875,-0.045404399780227644,-89460.70605593003,120758.70407298858,-4256.461275155698,4.1060000000001035e-06
1.0406112005058705,0.5834019998311597,-0.04540929265083029,-89661.41909943835,120585.61167212565,-4892.870602644993,4.107000000000103e-06
1.0405213611187412,0.5835224249521734,-0.045414831129776845,-89839.3871293653,120425.12101375968,-5538.478946553204,4.108000000000103e-06
1.040431366768993,0.5836427024365639,-0.04542102336379293,-89994.34974820015,120277.48439042411,-6192.23401608451,4.1090000000001025e-06
1.0403412406849353,0.5837628453697806,-0.04542787643394262,-90126.0840578632,120142.93321672539,-6853.0701496834445,4.110000000000102e-06
1.0402510062799122,0.5838828670474185,-0.04543539634399034,-90234.40502299974,120021.67763791441,-7519.910047722408,4.111000000000102e-06
1.0401606871141393,0.5840027809535915,-0.045443588010515054,-90319.1657727739,119913.90617296274,-8191.666524714006,4.112000000000101e-06
1.0400703068562986,0.5841226007389843,-0.04545245525479327,-90380.25784064512,119819.78539276811,-8867.244278215385,4.113000000000101e-06
1.039979889244957,0.5842423401986183,-0.045462000796464834,-90417.61134170956,119739.45963405754,-9545.541671560943,4.114000000000101e-06
1.0398894580498697,0.5843620132493678,-0.045472226248992366,-90431.19508728878,119673.05074949798,-10225.452527533593,4.1150000000001e-06
1.039799037033233,0.5844816339072623,-0.045483132116922426,-90421.01663654983,119620.6578944659,-10905.867930063136,4.1160000000001e-06
1.039708649910948,0.5846012162646131,-0.04549471779495345,-90387.1222850419,119582.35735086673,-11585.678031023363,4.1170000000001e-06
1.039618320313958,0.5847207744670014,-0.04550698156881264,-90329.59699013738,119558.20238833522,-12263.773859187253,4.118000000000099e-06
1.0395280717497244,0.5848403226901645,-0.04551992061794103,-90248.56423346711,119548.22316308536,-12939.049128392218,4.119000000000099e-06
1.0394379275639039,0.5849598751168191,-0.045533531019982997,-90144.18582054261,119552.42665461717,-13610.402041964611,4.120000000000099e-06
1.039347910902286,0.5850794459134595,-0.04554780775707345,-90016.66161785986,119570.79664042467,-14276.737090454972,4.121000000000098e-06
1.0392580446730582,0.5851990492071683,-0.04556274472391319,-89866.22922788216,119603.2937087864,-14936.966839742427,4.122000000000098e-06
1.0391683515094559,0.5853186990624779,-0.04557833473761977,-89693.16360240066,119649.85530965649,-15590.01370657858,4.1230000000000976e-06
1.039078853732861,0.5854384094583215,-0.04559456954933843,-89497.77659487288,119710.39584361085,-16234.811718658013,4.124000000000097e-06
1.0389895733164085,0.5855581942651102,-0.045611439857594756,-89280.41645243973,119784.80678873922,-16870.308256324068,4.125000000000097e-06
1.03890053184916,0.5856780672219756,-0.0456289353233678,-89041.46724842132,119872.95686531042,-17495.46577304515,4.1260000000000965e-06
1.0388117505009038,0.5857980419142136,-0.04564704458685963,-88781.34825619007,119974.69223797448,-18109.26349182803,4.127000000000096e-06
1.0387232499876384,0.5859181317509687,-0.0456657552859344,-88500.51326541707,120089.8367552024,-18710.699074770804,4.128000000000096e-06
1.0386350505377966,0.5860383499431944,-0.0456850540761974,-88199.44984178338,120218.19222560106,-19298.790262998962,4.1290000000000955e-06
1.0385471718592652,0.586158709481925,-0.04570492665268167,-87878.67853134213,120359.5387306788,-19872.57648427376,4.130000000000095e-06
1.0384596331072544,0.5862792231168986,-0.04572535777310729,-87538.75201080972,120513.63497357526,-20431.12042561217,4.131000000000095e-06
1.0383724528530693,0.5863999033355618,-0.0457463312826756,-87180.25418515512,120680.21866320798,-20973.509568312715,4.1320000000000944e-06
1.0382856490538355,0.5865207623424951,-0.04576783014035844,-86803.7992339443,120859.00693322821,-21498.857682840684,4.133000000000094e-06
1.0381992390232275,0.5866418120392902,-0.04578983644663953,-86410.03060798363,121049.69679511897,-22006.30628109021,4.134000000000094e-06
1.0381132394032497,0.586763064004915,-0.04581233147266314,-85999.61997788919,121251.96562471004,-22495.026023608687,4.135000000000093e-06
1.0380276661371135,0.5868845294765963,-0.045835295690742586,-85573.26613629071,121465.4716813279,-22964.218079441467,4.136000000000093e-06
1.037942534443258,0.5870062193312551,-0.04585870880617892,-85131.69385545696,121689.85465874233,-23413.115436331227,4.137000000000093e-06
1.0378578587905558,0.5871281440675221,-0.045882549790338005,-84675.65270220529,121924.73626701733,-23840.98415908698,4.138000000000092e-06
1.0377736528747439,0.5872503137883665,-0.045906796914932026,-84205.91581203057,122169.7208443207,-24247.124594022,4.139000000000092e-06
1.0376899295961195,0.5873727381843642,-0.04593142778744947,-83723.27862445822,122424.3959976957,-24630.872517448122,4.140000000000092e-06
1.037606701038538,0.587495426517636,-0.04595641938767578,-83228.55758169237,122688.33327174795,-24991.60022630558,4.141000000000091e-06
1.0375239784497452,0.5876183876064801,-0.04598174810524488,-82722.58879269267,122961.08884415329,-25328.7175691027,4.142000000000091e-06
1.0374417722230804,0.587741629810727,-0.04600738977816032,-82206.2266648731,123242.20424684574,-25641.672915438183,4.143000000000091e-06
1.0373600918805748,0.5878651610178387,-0.0460333197322228,-81680.34250567107,123531.20711170103,-25929.954062480327,4.14400000000009e-06
1.0372789460574785,0.5879889886297782,-0.04605951282129968,-81145.82309628744,123827.61193948869,-26193.08907688197,4.14500000000009e-06
1.0371983424882385,0.588113119550669,-0.046085943468370395,-80603.56923994604,124130.92089082584,-26430.647070717194,4.1460000000000896e-06
1.0371182879939513,0.5882375601752668,-0.04611258570728053,-80054.49428706506,124440.62459782808,-26642.238910135646,4.147000000000089e-06
1.0370387884713115,0.588362316378262,-0.046139413225136074,-79499.52263977284,124756.20299511701,-26827.517855542512,4.148000000000089e-06
1.0369598488830731,0.5884873935044308,-0.0461663994052683,-78939.58823823665,125077.12616881121,-26986.180132226556,4.1490000000000885e-06
1.0368814732500418,0.5886127963596529,-0.046193517370698774,-78375.63303130421,125402.85522209592,-27117.96543047492,4.150000000000088e-06
1.0368036646446077,0.5887385292028089,-0.04622074002803311,-77808.60543398559,125732.84315593903,-27222.657334331496,4.151000000000088e-06
1.0367264251858335,0.5888645957385724,-0.04624804011171138,-77239.45877432599,126066.5357634944,-27300.08367827534,4.1520000000000875e-06
1.0366497560361012,0.5889909991111091,-0.046275390228542594,-76669.14973223842,126403.37253671068,-27350.116831216492,4.153000000000087e-06
1.0365736573993283,0.5891177418986927,-0.046302762902449925,-76098.63677287998,126742.78758364271,-27372.673907328706,4.154000000000087e-06
1.036498128520751,0.5892448261092477,-0.04633013061935329,-75528.87857716472,127084.21055494432,-27367.71690336152,4.1550000000000864e-06
1.0364231676882791,0.5893722531768256,-0.046357465872115484,-74960.83247201199,127427.06757800623,-27335.25276219775,4.156000000000086e-06
1.036348772235416,0.5895000239590228,-0.04638474120547803,-74395.4528629295,127770.78219718955,-27275.333362546495,4.157000000000086e-06
1.0362749385457446,0.5896281387353414,-0.04641192926091282,-73833.68967152706,128114.77631859525,-27188.055434786103,4.158000000000085e-06
1.036201662058964,0.5897565972064992,-0.04643900282131591,-73276.48678054864,128458.47115780285,-27073.56040309571,4.159000000000085e-06
1.036128937278475,0.5898853984946882,-0.04646593485547005,-72724.78048899789,128801.28818900637,-26932.03415413803,4.160000000000085e-06
1.036056757780495,0.5900145411447822,-0.04649269856220273,-72179.497979915,129142.6500939741,-26763.70673267956,4.161000000000084e-06
1.0359851162246918,0.5901440231264915,-0.046519267414167384,-71641.55580334165,129481.98170925895,-26568.851964657282,4.162000000000084e-06
1.0359140043663149,0.5902738418374616,-0.04654561520117571,-71111.85837698446,129818.71097009022,-26347.78700832274,4.163000000000084e-06
1.0358434130698078,0.5904039941073109,-0.046571716073009924,-70591.29650705753,130152.26984938302,-26100.87183421521,4.164000000000083e-06
1.035773332323876,0.5905344762026012,-0.04659754458164476,-70080.74593175003,130482.09529031104,-25828.508634835078,4.165000000000083e-06
1.0357037512579863,0.5906652838327321,-0.04662307572280976,-69581.06588972578,130807.63013089955,-25531.141165006324,4.166000000000083e-06
1.0356346581602702,0.5907964121567512,-0.046648284976823794,-69093.09771601952,131128.32401910963,-25209.254014033013,4.167000000000082e-06
1.0355660404968026,0.5909278557910681,-0.04667314834863466,-68617.66346764704,131443.63431690139,-24863.3718108688,4.168000000000082e-06
1.0354978849322214,0.5910596088180599,-0.046697642406998294,-68155.56458119584,131753.02699178335,-24494.058363630145,4.1690000000000815e-06
1.0354301773516568,0.5911916647955542,-0.04672174432273319,-67707.5805646079,132055.9774943766,-24101.91573489341,4.170000000000081e-06
1.0353629028839315,0.5913240167671747,-0.04674543190598751,-67274.46772530803,132351.97162054703,-23687.58325432279,4.171000000000081e-06
1.0352960459259948,0.5914566572735314,-0.046768683642457794,-66856.95793676861,132640.5063566853,-23251.736470280026,4.1720000000000805e-06
1.0352295901685493,0.5915895783642381,-0.04679147872849996,-66455.75744553607,132921.09070674342,-22795.086042167884,4.17300000000008e-06
1.0351635186228287,0.5917227716107377,-0.046813797105075314,-66071.5457206753,133193.24649966802,-22318.376575357328,4.17400000000008e-06
1.0350978136484812,0.5918562281199137,-0.04683561949047595,-65704.97434751569,133456.50917590415,-21822.38540064283,4.1750000000000795e-06
1.0350324569825138,0.5919899385484654,-0.04685692741177622,-65356.66596750682,133710.42855167907,-21307.92130026141,4.176000000000079e-06
1.034967429769248,0.5921238931180252,-0.046877703234958816,-65027.213265913706,133954.56955981327,-20775.823182598466,4.177000000000079e-06
1.034902712591239,0.592258081630991,-0.0468979301936666,-64717.17800899939,134188.51296584602,-20226.958707787227,4.178000000000078e-06
1.0348382855011067,0.5923924934870494,-0.04691759241653309,-64427.09013225924,134411.85605830446,-19662.222866488373,4.179000000000078e-06
1.0347741280542255,0.5925271177003614,-0.0469366749530473,-64157.446881184245,134624.21331198874,-19082.536514212232,4.180000000000078e-06
1.0347102193422195,0.5926619429173846,-0.04695516379791092,-63908.712005941794,134825.2170231917,-18488.844863617538,4.181000000000077e-06
1.0346465380272083,0.5927969574353005,-0.04697304591384821,-63681.31501127101,135014.51791581794,-17882.115937288152,4.182000000000077e-06
1.0345830623767456,0.5929321492210179,-0.04699030925283176,-63475.650462796686,135191.78571741664,-17263.338983552047,4.183000000000077e-06
1.0345197702993947,0.5930675059307221,-0.04700694277568973,-63292.07735087054,135356.70970419244,-16633.5228579655,4.184000000000076e-06
1.0344566393808818,0.5932030149299362,-0.04702293647006287,-63130.91851295172,135508.99921411023,-15993.694373139362,4.185000000000076e-06
1.0343936469207664,0.5933386633140635,-0.047038281366682505,-62992.46011544028,135648.38412726298,-15344.896619633673,4.186000000000076e-06
1.0343307699695707,0.5934744379293763,-0.0470529695539432,-62876.95119577741,135774.6153127261,-14688.187260691606,4.187000000000075e-06
1.0342679853663053,0.5936103253944175,-0.04706699419074682,-62784.603265525715,135887.46504117682,-14024.636803623642,4.188000000000075e-06
1.0342052697763302,0.5937463121217801,-0.04708034951759751,-62715.589975040675,135986.7273626141,-13355.326850688092,4.189000000000075e-06
1.03414259972949,0.5938823843402287,-0.04709303086592985,-62670.04684024201,136072.21844857122,-12681.348332344423,4.190000000000074e-06
1.034079951658458,0.594018528117127,-0.04710503466565563,-62648.07103189044,136143.77689827254,-12003.799725781315,4.191000000000074e-06
1.0340173019372303,0.5941547293811352,-0.04711635845091727,-62649.721227671565,136201.26400824377,-11323.78526164205,4.1920000000000735e-06
1.033954626919703,0.5942909739451402,-0.047127000864039155,-62675.01752728478,136244.56400494563,-10642.413121885547,4.193000000000073e-06
1.0338919029782725,0.5944272475293803,-0.04713696165767089,-62723.94143063098,136273.58424006053,-9960.793631732246,4.194000000000073e-06
1.0338291065423935,0.5945635357847284,-0.04714624169511954,-62796.43587908919,136288.2553481229,-9280.037448649962,4.1950000000000725e-06
1.0337662141370336,0.5946998243160947,-0.04715484294887087,-62892.40535976828,136288.53136624437,-8601.253751336071,4.196000000000072e-06
1.0337032024209611,0.5948360987059105,-0.04716276849730252,-63011.716072517025,136274.38981574692,-7925.548431648513,4.197000000000072e-06
1.0336400482248018,0.594972344537656,-0.04717002251959495,-63154.19615937309,136245.83174557824,-7254.022292429707,4.1980000000000714e-06
1.0335767285888058,0.5951085474193935,-0.047176610288849105,-63319.635996029756,136202.88173744478,-6587.769254154071,4.199000000000071e-06
1.033513220800261,0.5952446930072661,-0.04718253816342242,-63507.78854479842,136145.58787266046,-5927.874573311858,4.200000000000071e-06
1.0334495024304926,0.5953807670289268,-0.04718781357649784,-63718.36976844516,136074.02166076907,-5275.413075419302,4.20100000000007e-06
1.0333855513713883,0.5955167553068569,-0.04719244502390336,-63951.05910418124,135988.27793006095,-4631.4474055177825,4.20200000000007e-06
1.0333213458713912,0.595652643781537,-0.04719644205020235,-64205.499996990446,135888.4746801644,-3997.0262989928087,4.20300000000007e-06
1.0332568645709,0.595788418534434,-0.047199815233077855,-64481.30049138075,135774.7528969532,-3373.182875507374,4.204000000000069e-06
1.0331920865370194,0.5959240658107641,-0.04720257616603666,-64778.033880554,135647.27633007176,-2760.932958803442,4.205000000000069e-06
1.0331269912976075,0.5960595720419976,-0.04720473743946174,-65095.239411895585,135506.23123343845,-2161.273425080386,4.206000000000069e-06
1.03306155887456,0.5961949238680667,-0.04720631262004435,-65432.423047596254,135351.82606914698,-1575.180582609923,4.207000000000068e-06
1.0329957698162808,0.5963301081592419,-0.047207316228629545,-65789.05827913048,135184.29117524324,-1003.6085851937705,4.208000000000068e-06
1.0329296052292867,0.5964651120376399,-0.04720776371651156,-66164.58699423043,135003.87839791275,-447.48788201292564,4.209000000000068e-06
1.0328630468088917,0.5965999228983285,-0.04720767144021792,-66558.42039491158,134810.86068866967,92.27629364382301,4.210000000000067e-06
1.0327960768689266,0.5967345284299957,-0.047207056634823566,-66969.93996502542,134605.53166719418,614.8053943495265,4.211000000000067e-06
1.0327286783704408,0.5968689166351463,-0.04720593738583871,-67398.4984857371,134388.20515051924,1119.248984852965,4.2120000000000666e-06
1.0326608349493436,0.5970030758497956,-0.04720433259971626,-67843.42109725023,134159.21464932032,1604.7861224551643,4.213000000000066e-06
1.0325925309429385,0.5971369947626277,-0.047202261973027015,-68304.00640502939,133918.91283211473,2070.6266892425606,4.214000000000066e-06
1.0325237514153098,0.597270662433586,-0.047199745960352965,-68779.52762870089,133667.67095822695,2516.012674049865,4.2150000000000655e-06
1.032454482181518,0.5974040683118664,-0.04719680574095086,-69269.2337917466,133405.87828042608,2940.219402107766,4.216000000000065e-06
1.032384709830568,0.5975372022532847,-0.04719346318424044,-69772.35095004192,133133.94141818938,3342.55671041583,4.217000000000065e-06
1.0323144217471107,0.5976700545369873,-0.04718974081417347,-70288.08345722931,132852.28370259257,3722.370066968975,4.2180000000000645e-06
1.0322436061318458,0.5978026158814812,-0.047185661772541417,-70815.61526486205,132561.34449387208,4079.0416320567642,4.219000000000064e-06
1.0321722520205907,0.597934877459954,-0.04718124978128147,-71354.11125519914,132261.5784727479,4411.991259948114,4.220000000000064e-06
1.0321003493019862,0.5980668309148607,-0.0471765291038421,-71902.71860448293,131953.4549066375,4720.677439369965,4.2210000000000634e-06
1.0320278887338117,0.5981984683717526,-0.04717152450567082,-72460.56817448388,131637.45689193092,5004.598171286599,4.222000000000063e-06
1.0319548619578816,0.5983297824523262,-0.04716626121388823,-73026.77593005451,131314.08057353564,5263.291782586658,4.223000000000063e-06
1.0318812615135011,0.5984607662866691,-0.04716076487621384,-73600.44438039477,130983.8343429355,5496.337674387327,4.224000000000062e-06
1.0318070808494595,0.5985914135246851,-0.04715506151921007,-74180.66404169559,130647.23801604338,5703.357003769292,4.225000000000062e-06
1.0317323143345407,0.5987217183466773,-0.04714917750591221,-74766.5149187953,130304.82199215879,5884.0132978620795,4.226000000000062e-06
1.0316569572665373,0.5988516754730727,-0.0471431394929129,-75357.06800345502,129957.12639537282,6038.012999306849,4.227000000000061e-06
1.0315810058797505,0.5989812801732725,-0.04713697438697067,-75951.38678683473,129604.70019979108,6165.105942232527,4.228000000000061e-06
1.0315044573509669,0.5991105282736124,-0.04713070930121268,-76548.52878373094,129248.10033997166,6265.085757991346,4.229000000000061e-06
1.0314273098039006,0.5992394161644204,-0.04712437151100267,-77147.54706611938,128887.89080799963,6337.790210010986,4.23000000000006e-06
1.0313495623120972,0.5993679408061591,-0.04711798840954544,-77747.49180353335,128524.64173864186,6383.1014572325985,4.23100000000006e-06
1.0312712149002894,0.5994960997346431,-0.04711158746329972,-78347.41180779868,128158.92848404555,6400.946245716869,4.23200000000006e-06
1.0311922685442096,0.5996238910653225,-0.04710519616727161,-78946.35607964045,127791.33067946232,6391.296028113686,4.233000000000059e-06
1.031112725168855,0.599751313496624,-0.0470988420002608,-79543.37535467512,127422.43130149461,6354.167010804869,4.234000000000059e-06
1.0310325876452087,0.5998783663123444,-0.04709255238013216,-80137.52364630344,127052.815720375,6289.6201286435535,4.2350000000000586e-06
1.0309518597854257,0.6000050493830922,-0.04708635461918483,-80727.85978302534,126683.0707477997,6197.760947328084,4.236000000000058e-06
1.030870546336488,0.6001313631667741,-0.04708027587969127,-81313.44893770774,126313.78368184625,6078.73949356246,4.237000000000058e-06
1.0307886529723416,0.6002573087081245,-0.047074343129678,-81893.36414634927,125945.54135051204,5932.750013269386,4.2380000000000575e-06
1.0307061862845277,0.60038288763728,-0.04706858309901977,-82466.68781390332,125578.92915541383,5760.0306582355915,4.239000000000057e-06
1.0306231537713229,0.6005081021673971,-0.04706302223591809,-83032.51320474145,125214.53011719062,5560.863101682156,4.240000000000057e-06
1.0305395638254076,0.6006329550913213,-0.047057686663834725,-83589.94591536386,124852.92392415089,5335.572083364987,4.2410000000000565e-06
1.0304554257200806,0.600757449777307,-0.0470526021389498,-84138.10532699166,124494.68598570267,5084.524884922101,4.242000000000056e-06
1.0303707495940448,0.6008815901637992,-0.04704779400821351,-84676.12603570765,124140.38649209891,4808.130736294903,4.243000000000056e-06
1.030285546434787,0.6010053807532811,-0.04704328716805935,-85203.15925784771,123790.58948202297,4506.840154159976,4.244000000000055e-06
1.0301998280605786,0.6011288266052006,-0.04703910602384593,-85718.37420838357,123445.85191952862,4181.14421341593,4.245000000000055e-06
1.0301136071011285,0.6012519333279824,-0.047035274450093055,-86220.95945008057,123106.72278183624,3831.573752876348,4.246000000000055e-06
1.0300268969769173,0.601374707070142,-0.04703181575157663,-86710.12421125943,122773.7421594719,3458.6985164247753,4.247000000000054e-06
1.0299397118772473,0.6014971545105122,-0.04702875262534564,-87185.0996700405,122447.4403702183,3063.1262309907324,4.248000000000054e-06
1.0298520667370443,0.6016192828476006,-0.047026107123722835,-87645.14020300117,122128.33708832705,2645.5016228069044,4.249000000000054e-06
1.029763977212448,0.601741099788091,-0.04702390061834933,-88089.52459623327,121816.94049041926,2206.5053735065994,4.250000000000053e-06
1.029675459655231,0.6018626135345104,-0.047022153765331615,-88517.55721684557,121513.74641947722,1746.8530177174116,4.251000000000053e-06
1.029586531086088,0.6019838327720787,-0.047020886471547715,-88928.56914301883,121219.23756830288,1267.2937839012889,4.252000000000053e-06
1.0294972091668373,0.6021047666547624,-0.047020117862167435,-89321.91925078565,120933.88268379014,768.6093802830724,4.253000000000052e-06
1.0294075121715816,0.6022254247905557,-0.047019866249439636,-89696.99525577501,120658.13579332616,251.61272779862384,4.254000000000052e-06
1.0293174589568732,0.6023458172260103,-0.04702014910279756,-90053.21470823228,120392.43545460397,-282.85335792002434,4.255000000000052e-06
1.0292270689309335,0.6024659544300405,-0.04702098302033098,-90390.02593969861,120137.20403009267,-833.9175334218421,4.256000000000051e-06
1.0291363620219738,0.6025858472770278,-0.04702238370167198,-90706.90895980963,119892.84698737388,-1400.6813409953975,4.257000000000051e-06
1.029045358645672,0.6027055070292543,-0.04702436592233863,-91003.37630175191,119659.75222651304,-1982.2206666511106,4.2580000000000505e-06
1.028954079671857,0.6028249453186899,-0.047026943509578825,-91278.97381499624,119438.2894355929,-2577.587240195815,4.25900000000005e-06
1.028862546390453,0.6029441741281654,-0.047030129319753824,-91533.2814040104,119228.80947549202,-3185.8101749982484,4.26000000000005e-06
1.0287707804767412,0.6030632057719603,-0.0470339352172988,-91765.91371173892,119031.64379494585,-3805.8975449776676,4.2610000000000495e-06
1.0286788039559944,0.6031820528758371,-0.04703837205529509,-91976.52074672507,118847.1038768805,-4436.837996285112,4.262000000000049e-06
1.0285866391675416,0.6033007283565541,-0.04704344965768618,-92164.7884528394,118675.4807169595,-5077.602391088031,4.263000000000049e-06
1.028494308728321,0.6034192454008893,-0.04704917680316699,-92330.43922067052,118517.04433523351,-5727.145480814135,4.2640000000000485e-06
1.0284018354959812,0.6035376174442111,-0.04705556121077315,-92473.23233972627,118372.04332172975,-6384.407606159565,4.265000000000048e-06
1.0283092425315905,0.6036558581486279,-0.04706260952719427,-92592.9643906881,118240.70441676414,-7048.316421119894,4.266000000000048e-06
1.0282165530620135,0.6037739813807546,-0.047070327315832536,-92689.46957705703,118123.23212670322,-7717.788638260107,4.267000000000047e-06
1.028123790442018,0.6038920011891304,-0.04707871904762494,-92762.61999562645,118019.80837584616,-8391.731792401793,4.268000000000047e-06
1.0280309781161727,0.6040099317813254,-0.047087788093644806,-92812.32584531532,117930.59219503861,-9069.046019872188,4.269000000000047e-06
1.0279381395805987,0.604127787500773,-0.04709753671949524,-92838.53557399438,117855.7194475709,-9748.62585043077,4.270000000000046e-06
1.0278452983446356,0.6042455828033658,-0.0471079660815042,-92841.23596303751,117795.30259285215,-10429.362008964605,4.271000000000046e-06
1.027752477892486,0.6043633322338541,-0.047119076224728225,-92820.45214943158,117749.4304882907,-11110.143224023943,4.272000000000046e-06
1.0276597016449007,0.6044810504020838,-0.04713086608276848,-92776.24758537825,117718.16822974816,-11789.858040254452,4.273000000000045e-06
1.0275669929209652,0.6045987519591146,-0.04714333347940025,-92708.72393542355,117701.55703087171,-12467.396631772182,4.274000000000045e-06
1.0274743749000539,0.6047164515732562,-0.04715647513201377,-92618.02091125176,117699.61414154462,-13141.65261352187,4.275000000000045e-06
1.0273818705840094,0.6048341639060618,-0.04717028665686143,-92504.31604438234,117712.33280563081,-13811.524847658482,4.276000000000044e-06
1.0272895027596123,0.60495190358832,-0.04718476257610343,-92367.82439710954,117739.68225812397,-14475.919241996111,4.277000000000044e-06
1.0271972939614002,0.6050696851960817,-0.047199896326641004,-92208.79821212593,117781.60776174635,-15133.750537577416,4.2780000000000436e-06
1.027105266434899,0.6051875232267647,-0.04721568027072343,-92027.52650137144,117838.03068297658,-15783.944082430706,4.279000000000043e-06
1.0270134421003243,0.6053054320753721,-0.04723210570831203,-91824.33457474949,117908.84860742005,-16425.437588600667,4.280000000000043e-06
1.026921842516815,0.6054234260108665,-0.04724916289118159,-91599.58350945108,117993.93549436961,-17057.182869562435,4.2810000000000425e-06
1.0268304888472541,0.6055415191527369,-0.04726684103873675,-91353.66956072587,118093.1418703383,-17678.147555157324,4.282000000000042e-06
1.026739401823739,0.6056597254477982,-0.04728512835551797,-91087.02351503624,118206.29506128059,-18287.316781221914,4.283000000000042e-06
1.0266486017137524,0.6057780586472614,-0.04730401205036909,-90800.10998662621,118333.1994631532,-18883.694851120556,4.2840000000000415e-06
1.0265581082870938,0.6058965322841118,-0.04732347835723552,-90493.42665863098,118473.63685040164,-19466.306866434225,4.285000000000041e-06
1.026467940783624,0.6060151596508336,-0.04734351255755963,-90167.50346994596,118627.36672189478,-20034.200324106507,4.286000000000041e-06
1.0263781178818747,0.6061339537775174,-0.04736409900423703,-89822.90174916429,118794.12668376586,-20586.446677399792,4.2870000000000404e-06
1.0262886576685777,0.6062529274103859,-0.0473852211470951,-89460.21329698106,118973.63286855587,-21122.14285807176,4.28800000000004e-06
1.026199577609159,0.606372092990776,-0.04740686155985234,-89080.05941854905,119165.5803899933,-21640.41275724367,4.28900000000004e-06
1.0261108945192516,0.6064914626346086,-0.047429001968514836,-88683.0899073546,119369.64383268348,-22140.40866249789,4.290000000000039e-06
1.0260226245372694,0.6066110481123845,-0.047451623281163646,-88269.98198226493,119585.47777592132,-22621.312648812243,4.291000000000039e-06
1.02593478309809,0.6067308608297353,-0.04747470561908466,-87841.43917947663,119812.71735078262,-23082.337921013142,4.292000000000039e-06
1.0258473849078888,0.6068509118085649,-0.047498228349190166,-87398.19020117207,120050.97882959236,-23522.730105508064,4.293000000000038e-06
1.0257604439201662,0.6069712116688117,-0.047522170117679306,-86940.98772276386,120299.86024681281,-23941.768489140246,4.294000000000038e-06
1.0256739733130056,0.6070917706108621,-0.0475465088848824,-86470.60716067802,120558.94205034031,-24338.76720309488,4.295000000000038e-06
1.0255879854676029,0.6072125983986442,-0.04757122196123227,-85987.84540269378,120827.78778214757,-24713.076349876035,4.296000000000037e-06
1.0255024919481,0.6073337043434314,-0.047596286044303736,-85493.5195029224,121105.94478715768,-25064.083071467063,4.297000000000037e-06
1.0254175034827564,0.6074550972883805,-0.04762167725686062,-84988.46534356712,121392.94494918754,-25391.212556884206,4.298000000000037e-06
1.0253330299464907,0.6075767855938333,-0.04764737118584805,-84473.53626566454,121688.30545275194,-25693.928987433206,4.299000000000036e-06
1.0252490803448195,0.6076987771234028,-0.04767334292226613,-83949.60167106011,121991.52956947494,-25971.73641808197,4.300000000000036e-06
1.0251656627992216,0.6078210792308706,-0.0476995671018596,-83417.5455979205,122302.1074678128,-26224.179593468405,4.3010000000000356e-06
1.0250827845339494,0.6079436987479153,-0.04772601794655677,-82878.26527213136,122619.51704475276,-26450.844697171255,4.302000000000035e-06
1.0250004518643125,0.6080666419726934,-0.04775266930658976,-82332.6696369706,122943.22477811387,-26651.360032983073,4.303000000000035e-06
1.024918670186449,0.6081899146592915,-0.047779494703226795,-81781.67786348492,123272.68659804098,-26825.39663703801,4.3040000000000345e-06
1.024837443968605,0.6083135220080678,-0.04780646737204656,-81226.21784403126,123607.34877624971,-26972.668819762675,4.305000000000034e-06
1.0247567767439336,0.6084374686568993,-0.047833560306683294,-80667.22467147386,123946.64883154999,-27092.93463673598,4.306000000000034e-06
1.024676671104827,0.6085617586733495,-0.047860746302970957,-80105.63910655298,124290.01645014746,-27185.996287662994,4.3070000000000335e-06
1.024597128698791,0.6086863955477687,-0.04788799800341374,-79542.40603596187,124636.8744191973,-27251.700442788562,4.308000000000033e-06
1.0245181502258673,0.6088113821873408,-0.04791528794190994,-78978.47292368542,124986.63957206171,-27289.938496198316,4.309000000000033e-06
1.0244397354376091,0.6089367209110844,-0.047942588588655514,-78414.78825816544,125338.72374370307,-27300.64674557771,4.3100000000000324e-06
1.0243618831376113,0.609062413445819,-0.047969872395153636,-77852.2999978657,125692.53473462671,-27283.806498123347,4.311000000000032e-06
1.0242845911835936,0.6091884609231007,-0.04799711183925606,-77291.95401781253,126047.47728177371,-27239.44410242528,4.312000000000032e-06
1.024207856491034,0.6093148638771355,-0.04802427947016233,-76734.69255968586,126402.95403475183,-27167.630906263505,4.313000000000031e-06
1.024131675038346,0.6094416222436713,-0.048051347953302716,-76181.45268802966,126758.36653578398,-27068.483140386666,4.314000000000031e-06
1.024056041873591,0.609568735359873,-0.04807829011503118,-75633.16475514059,127113.1162017477,-26942.1617284657,4.315000000000031e-06
1.0239809511227138,0.6096962019651797,-0.04810507898705472,-75090.75087717909,127466.60530667599,-26788.872023539265,4.31600000000003e-06
1.0239063959992898,0.6098240202031427,-0.04813168785052611,-74555.12342402808,127818.23796308895,-26608.863471391698,4.31700000000003e-06
1.0238323688157644,0.6099521876242433,-0.04815809027972753,-74027.18352540096,128167.42110052885,-26402.429201427098,4.31800000000003e-06
1.0237588609961688,0.6100807011896829,-0.04818426018527326,-73507.81959567318,128513.56543967588,-26169.90554572496,4.319000000000029e-06
1.023685863090289,0.6102095572761433,-0.048210171856760346,-72997.90587987912,128856.08646043004,-25911.67148708358,4.320000000000029e-06
1.0236133647892658,0.6103387516815058,-0.048235800004797325,-72498.3010232804,129194.40536235574,-25628.14803697649,4.321000000000029e-06
1.023541354942599,0.6104682796315216,-0.04826111980234179,-72009.84666687077,129527.95001589862,-25319.797544464793,4.322000000000028e-06
1.0234698215765277,0.6105981357874244,-0.048286106925279015,-71533.36607113894,129856.15590280097,-24987.122937223787,4.323000000000028e-06
1.0233987519137573,0.6107283142544685,-0.04831073759217497,-71069.66277036148,130178.46704416063,-24630.666895955874,4.3240000000000275e-06
1.0233281323944976,0.6108588085913831,-0.04833498860313854,-70619.51925964642,130494.33691460006,-24251.010963572848,4.325000000000027e-06
1.0232579486987807,0.6109896118207241,-0.04835883737772918,-70183.69571689147,130803.22934103622,-23848.774590639427,4.326000000000027e-06
1.023188185770019,0.6111207164401087,-0.04838226199184786,-69762.92876176114,131104.6193845687,-23424.614118675858,4.3270000000000265e-06
1.0231188278397652,0.6112521144343127,-0.04840524121355088,-69357.93025372384,131397.9942040329,-22979.221703020587,4.328000000000026e-06
1.023049858453634,0.6113837972882125,-0.048427754537727935,-68969.38613112293,131682.85389979594,-22513.32417705401,4.329000000000026e-06
1.0229812604983408,0.6115157560005489,-0.048449782219587616,-68597.95529318569,131958.71233640783,-22027.681859681197,4.3300000000000255e-06
1.0229130162298141,0.6116479810984916,-0.04847130530689568,-68244.2685268009,132225.09794275582,-21523.087308064853,4.331000000000025e-06
1.0228451073023344,0.61178046265298,-0.04849230567091337,-67908.92747981907,132481.55448840887,-21000.364017689764,4.332000000000025e-06
1.0227775147986518,0.611913190294815,-0.0485127660359853,-67592.5036825505,132727.64183487915,-20460.365071926073,4.333000000000024e-06
1.0227102192610327,0.6120461532314755,-0.04853267000772864,-67295.53761905366,132962.93666057044,-19903.97174334106,4.334000000000024e-06
1.022643200723183,0.6121793402646337,-0.048552002099777725,-67018.53784972265,133187.0331582281,-19332.092049087518,4.335000000000024e-06
1.0225764387429963,0.6123127398083374,-0.048570747759040495,-66761.98018659427,133399.54370375082,-18745.65926277105,4.336000000000023e-06
1.0225099124360737,0.6124463399078327,-0.048588893389425764,-66526.30692270705,133600.09949527375,-18145.63038526853,4.337000000000023e-06
1.0224436005099569,0.6125801282589942,-0.0486064263740028,-66311.9261167521,133788.35116148146,-17532.98457703591,4.338000000000023e-06
1.0223774812990227,0.6127140922283324,-0.04862333509555731,-66119.210934163,133963.96933816175,-16908.72155450453,4.339000000000022e-06
1.022311532799977,0.6128482188735445,-0.04863960895551053,-65948.49904569624,134126.64521206354,-16273.859953222125,4.340000000000022e-06
1.0222457327078924,0.6129824949645757,-0.04865523839117098,-65800.09208445725,134276.0910311771,-15629.435660446727,4.341000000000022e-06
1.0221800584527303,0.6131169070051563,-0.04867021489129093,-65674.25516222874,134412.0405806105,-14976.500119949167,4.342000000000021e-06
1.0221144872362844,0.6132514412547796,-0.048684531009902755,-65571.21644585863,134534.24962329344,-14316.11861182276,4.343000000000021e-06
1.02204899606949,0.6133860837510844,-0.04869818037841289,-65491.16679436444,134642.496304797,-13649.368510136625,4.344000000000021e-06
1.0219835618100328,0.613520820332606,-0.04871115771593419,-65434.25945730956,134736.58152161847,-12977.33752130234,4.34500000000002e-06
1.021918161200198,0.6136556366618584,-0.048723458837840246,-65400.609834904724,134816.32925233894,-12301.121906051907,4.34600000000002e-06
1.0218527709048977,0.6137905182487096,-0.04873508066252819,-65390.29530018546,134881.58685112355,-11621.824687948465,4.3470000000000195e-06
1.0217873675498141,0.6139254504740127,-0.04874602121637956,-65403.355083513336,134932.22530309504,-10940.553851369685,4.348000000000019e-06
1.0217219277595946,0.6140604186134538,-0.04875627963691148,-65439.79021954564,134968.1394411742,-10258.420531917442,4.349000000000019e-06
1.0216564281960379,0.6141954078615779,-0.0487658561741137,-65499.56355671511,134989.24812404305,-9576.537202216048,4.3500000000000185e-06
1.0215908455962086,0.6143304033559528,-0.04877475218996977,-65582.59982915834,134995.49437495004,-8896.015856065202,4.351000000000018e-06
1.0215251568104178,0.614465390201434,-0.04878297015616368,-65688.78579092893,134986.84548114016,-8217.966193912735,4.352000000000018e-06
1.0214593388400055,0.6146003534944877,-0.04879051364997629,-65817.9704122296,134963.29305375624,-7543.493812606341,4.3530000000000174e-06
1.0213933688748682,0.6147352783475358,-0.048797387348378664,-65969.96513729566,134924.8530481218,-6873.698402372796,4.354000000000017e-06
1.0213272243306648,0.6148701499132803,-0.04880359702033262,-66144.5442034625,134871.56574437948,-6209.67195395767,4.355000000000017e-06
1.021260882885644,0.6150049534089688,-0.04880914951731146,-66341.44502084958,134803.49568852296,-5552.4969788383205,4.356000000000016e-06
1.021194322517032,0.6151396741405627,-0.04881405276205686,-66560.36861199563,134720.73159392373,-4903.244745398156,4.357000000000016e-06
1.0211275215369213,0.6152742975267662,-0.04881831573559078,-66800.98011068263,134623.38620351712,-4262.973533920586,4.358000000000016e-06
1.0210604586276022,0.6154088091228791,-0.048821948462504004,-67062.90931909095,134511.5961128755,-3632.7269132271967,4.359000000000015e-06
1.02099311287628,0.6155431946444335,-0.04882496199454575,-67345.75132233379,134385.52155445836,-3013.532041746131,4.360000000000015e-06
1.0209254638091205,0.6156774399905769,-0.0488273683925415,-67649.06715932768,134245.34614339095,-2406.3979957539314,4.361000000000015e-06
1.0208574914245716,0.615811531267162,-0.04882918070666899,-67972.3845488652,134091.27658518488,-1812.314127486924,4.362000000000014e-06
1.020789176225902,0.6159454548095079,-0.048830412955124754,-68315.19866966843,133923.54234587375,-1232.2484557670014,4.363000000000014e-06
1.0207204992529089,0.616079197204793,-0.048831080101216486,-68676.97299311563,133742.39528509724,-667.1460917312606,4.364000000000014e-06
1.0206514421127415,0.6162127453140457,-0.04883119802891868,-69057.14016725021,133548.10925272532,-117.92770219563317,4.365000000000013e-06
1.020581987009791,0.6163460862936954,-0.0488307835169318,-69455.10295060005,133340.9796496723,414.5119868805996,4.366000000000013e-06
1.0205121167745967,0.616479207616649,-0.04882985421128737,-69870.23519425667,133121.32295360698,929.3056444294211,4.3670000000000126e-06
1.0204418148917263,0.6166120970928594,-0.04882842859654389,-70301.8828705878,132889.47621032063,1425.614743478503,4.368000000000012e-06
1.0203710655265794,0.6167447428893509,-0.04882652596562062,-70749.36514688404,132645.79649156897,1902.6309232701528,4.369000000000012e-06
1.0202998535510772,0.6168771335496711,-0.048824166388318505,-71211.97550217004,132390.66032025716,2359.5773021170435,4.3700000000000115e-06
1.0202281645681919,0.617009258012735,-0.048821370678579605,-71688.98288534315,132124.46306388857,2795.709738897687,4.371000000000011e-06
1.020155984935279,0.6171411056310322,-0.048818160360538425,-72179.63291273871,131847.61829724803,3210.3180411784724,4.372000000000011e-06
1.020083301786176,0.6172726661881676,-0.04881455763342039,-72683.14910315975,131560.55713533924,3602.7271180359335,4.3730000000000105e-06
1.0200101030520274,0.6174039299157053,-0.048810585335344644,-73198.73414835121,131263.7275376427,3972.2980757425694,4.37400000000001e-06
1.0199363774808106,0.6175348875092901,-0.04880626690609007,-73725.57121684428,130957.5935848064,4318.429254571922,4.37500000000001e-06
1.0198621146555216,0.617665530144019,-0.048801626348885,-74262.82528904518,130642.63472892468,4640.557205073518,4.3760000000000094e-06
1.0197873050110002,0.6177958494890377,-0.04879668819128273,-74809.64452139502,130319.34501860321,4938.157602265628,4.377000000000009e-06
1.0197119398493628,0.6179258377213377,-0.048791477445186436,-75365.16163738302,129988.2323000476,5210.746096293349,4.378000000000009e-06
1.0196360113540197,0.6180554875387332,-0.04878601956608823,-75928.49534315483,129649.81739545173,5457.879098201206,4.379000000000008e-06
1.0195595126022543,0.6181847921719932,-0.04878034041158866,-76498.75176542031,129304.63325999817,5679.154499573115,4.380000000000008e-06
1.019482437576345,0.618313745396112,-0.04877446619926376,-77075.02590933166,128953.22411881726,5874.212324897937,4.381000000000008e-06
1.019404781173211,0.6184423415406972,-0.048768423463948135,-77656.40313397312,128596.14458528366,6042.735315625951,4.382000000000007e-06
1.0193265392125679,0.6185705754994593,-0.04876223901450315,-78241.96064307695,128233.9587620596,6184.449444990107,4.383000000000007e-06
1.0192477084435794,0.6186984427387856,-0.04875593989014037,-78830.76898855831,127867.2393263219,6299.124362775779,4.384000000000007e-06
1.019168286549995,0.6188259393053862,-0.048749553316371035,-79421.89358444259,127496.56660063587,6386.573769333816,4.385000000000006e-06
1.0190882721537662,0.6189530618329971,-0.04874310666065279,-80014.39622874412,127122.52761096288,6446.6557182436445,4.386000000000006e-06
1.0190076648171353,0.6190798075481304,-0.048736627387805646,-80607.3366308439,126745.7151333097,6479.272847146182,4.387000000000006e-06
1.0189264650431935,0.6192061742748609,-0.04873014301526927,-81199.77394190643,126366.72673054716,6484.372536379779,4.388000000000005e-06
1.0188446742749075,0.6193321604386418,-0.0487236810682741,-81790.76828587257,125986.16378094225,6461.946995166552,4.389000000000005e-06
1.018762294892619,0.6194577650691417,-0.048717269034998886,-82379.38228856497,125604.63049996247,6412.033275210924,4.3900000000000046e-06
1.0186793302100166,0.6195829878020986,-0.0487109343217872,-82964.6826024471,125222.73295692336,6334.713211686818,4.391000000000004e-06
1.018595784468592,0.6197078288801867,-0.04870470420849549,-83545.74142458427,124841.07808805992,6230.113291704643,4.392000000000004e-06
1.0185116628305866,0.6198322891528943,-0.04869860580404503,-84121.63800536684,124460.27270760991,6098.404450463784,4.3930000000000035e-06
1.018426971370441,0.6199563700754128,-0.04869266600224962,-84691.46014557066,124080.922518502,5939.801795410544,4.394000000000003e-06
1.0183417170647617,0.6200800737065371,-0.04868691143799078,-85254.3056793491,123703.63112424422,5754.564258835341,4.395000000000003e-06
1.0182559077808209,0.6202034027055807,-0.048681368443811324,-85809.2839407734,123328.9990436081,5542.994179456162,4.3960000000000025e-06
1.0181695522636094,0.6203263603283105,-0.04867606300699768,-86355.51721156438,122957.62272970164,5305.436813647693,4.397000000000002e-06
1.0180826601214616,0.6204489504219055,-0.04867102072722059,-86892.14214768852,122590.09359501899,5042.279777087058,4.398000000000002e-06
1.0179952418102791,0.6205711774189495,-0.048666266774802895,-87418.3111825246,122226.99704404754,4753.952417697526,4.399000000000001e-06
1.0179073086163748,0.6206930463304645,-0.04866182584968201,-87933.19390434447,121868.91151500342,4440.925120880643,4.400000000000001e-06
1.0178188726379689,0.6208145627379967,-0.048657722141133876,-88435.97840589151,121516.40753225343,4103.708548135061,4.401000000000001e-06
1.017729946765365,0.6209357327847677,-0.04865397928832361,-88925.87260388445,121170.04677096744,3742.852810266433,4.402e-06
1.0176405446598389,0.6210565631659032,-0.04865062034174711,-89402.10552632144,120830.3811355272,3358.9465764972397,4.403e-06
1.0175506807312733,0.6211770611177564,-0.04864766772562622,-89863.92856550953,120497.95185319839,2952.6161208879644,4.404e-06
1.0174603701145786,0.621297234406341,-0.04864514320131864,-90310.6166947988,120173.28858455029,2524.5243075815506,4.404999999999999e-06
1.0173696286449314,0.6214170913148931,-0.04864306783180215,-90741.46964705689,119856.90855208288,2075.369516481433,4.405999999999999e-06
1.0172784728318784,0.6215366406305816,-0.04864146194729108,-91155.81305298001,119549.31568849448,1605.8845110694433,4.406999999999999e-06
1.017186919832341,0.6216558916303876,-0.04864034511204092,-91552.99953739908,119250.99980599342,1116.8352501633894,4.407999999999998e-06
1.0170949874225692,0.6217748540661756,-0.048639736092395414,-91932.40977180595,118962.43578802593,609.0196455050341,4.408999999999998e-06
1.0170026939690877,0.6218935381489804,-0.048639652826128255,-92293.45348139298,118684.08280475841,83.26626715728662,4.409999999999998e-06
1.0169100583986828,0.622011954532534,-0.04864011239312948,-92635.57040497102,118416.38355361596,-459.5670012253813,4.410999999999997e-06
1.0168171001674766,0.6221301142960601,-0.048641130987484585,-92958.23120620452,118159.76352614122,-1018.594355107115,4.411999999999997e-06
1.016723839229142,0.6222480289263626,-0.04864272389099212,-93260.93833467965,117914.63030239633,-1592.9035075363372,4.4129999999999965e-06
1.0166302960023066,0.6223657102992366,-0.04864490544816318,-93543.22683539968,117681.37287408902,-2181.5571710661457,4.413999999999996e-06
1.0165364913372013,0.6224831706602342,-0.04864768904274394,-93804.66510538384,117460.3609975587,-2783.5945807565213,4.414999999999996e-06
1.016442446481605,0.6226004226048119,-0.04865108707579976,-94044.85559612916,117251.94457771195,-3398.0330558168034,4.4159999999999955e-06
1.0163481830461443,0.6227174790578958,-0.04865511094539714,-94263.4354607803,117056.45308394842,-4023.8695973820254,4.416999999999995e-06
1.0162537229689994,0.6228343532528948,-0.04865977102791699,-94460.07714494043,116874.19499906762,-4660.082519855565,4.417999999999995e-06
1.0161590884800793,0.622951058710197,-0.048665076661030184,-94634.48892014529,116705.45730209503,-5305.6331131934585,4.4189999999999945e-06
1.0160643020647202,0.6230676092151829,-0.04867103612836363,-94786.41535911395,116550.50498591195,-5959.467333452569,4.419999999999994e-06
1.0159693864269683,0.6231840187957934,-0.04867765664588251,-94915.63775198247,116409.58061051824,-6620.517518875829,4.420999999999994e-06
1.0158743644525055,0.6233003016996861,-0.04868494435001125,-95021.97446282112,116282.90389270007,-7287.704128743057,4.421999999999993e-06
1.0157792591712795,0.6234164723710189,-0.048692904287513425,-95105.28122583087,116170.6713328159,-7959.937502175377,4.422999999999993e-06
1.0156840937198988,0.6235325454268983,-0.04870154040714747,-95165.45138071213,116073.0558793548,-8636.11963404536,4.423999999999993e-06
1.015588891303852,0.6236485356335302,-0.04871085555311258,-95202.41604679594,115990.20663185944,-9315.145965113408,4.424999999999992e-06
1.0154936751596164,0.6237644578821129,-0.04872085146029607,-95216.14423562681,115922.24858274417,-9995.90718348405,4.425999999999992e-06
1.0153984685167146,0.6238803271645114,-0.04873152875133052,-95206.64290178534,115869.28239847503,-10677.29103445351,4.426999999999992e-06
1.0153032945597826,0.6239961585487519,-0.04874288693546632,-95173.95693183901,115831.3842405145,-11358.184135802281,4.427999999999991e-06
1.0152081763907113,0.6241119671543782,-0.04875492440926189,-95118.16907140956,115808.60562636815,-12037.473795573653,4.428999999999991e-06
1.0151131369909208,0.6242277681277092,-0.04876763845909127,-95039.39979044598,115800.97333100483,-12714.049829371064,4.429999999999991e-06
1.0150181991838338,0.6243435766170381,-0.04878102526546547,-94937.80708689286,115808.48932885505,-13386.806374203996,4.43099999999999e-06
1.0149233855976048,0.6244594077478146,-0.04879507990916138,-94813.58622904433,115831.13077652543,-14054.643695913697,4.43199999999999e-06
1.0148287186281677,0.624575276597851,-0.0488097963791486,-94666.96943697418,115868.85003629922,-14716.469987216726,4.4329999999999896e-06
1.0147342204026641,0.6246911981725913,-0.048825167582302015,-94498.22550353271,115921.57474042507,-15371.203153415632,4.433999999999989e-06
1.0146399127433086,0.6248071873804875,-0.04884118535488486,-94307.65935550026,115989.20789612849,-16017.772582842554,4.434999999999989e-06
1.014545817131753,0.6249232590085186,-0.04885784047578398,-94095.61155558583,116071.62803121166,-16655.120899122743,4.4359999999999885e-06
1.014451954674007,0.6250394276978987,-0.048875122681476355,-93862.45774605723,116168.68938004012,-17282.205692371263,4.436999999999988e-06
1.014358346065972,0.6251557079200083,-0.04889302068270282,-93608.60803488566,116280.22210964587,-17898.001226467095,4.437999999999988e-06
1.0142650115596465,0.6252721139525939,-0.0489115221828224,-93334.50632538309,116406.03258560992,-18501.500119584867,4.4389999999999875e-06
1.014171970930056,0.6253886598562711,-0.04893061389781761,-93040.62959040499,116545.90367731922,-19091.714995205068,4.439999999999987e-06
1.0140792434429637,0.6255053594513732,-0.04895028157791848,-92727.48709228325,116699.59510212694,-19667.680100869118,4.440999999999987e-06
1.013986847823414,0.625622226295181,-0.04897051003081048,-92395.61954974501,116866.84380787877,-20228.452891995872,4.4419999999999864e-06
1.0138948022251608,0.6257392736595743,-0.04899128314638861,-92045.59825316192,117047.36439320272,-20773.115578130884,4.442999999999986e-06
1.0138031242010312,0.6258565145091392,-0.049012583923017675,-91678.02412956126,117240.84956489592,-21300.776629059204,4.443999999999986e-06
1.0137118306742723,0.6259739614797708,-0.04903439449525595,-91293.52675891464,117446.97063167834,-21810.57223827633,4.444999999999985e-06
1.0136209379109289,0.6260916268578043,-0.04905669616299733,-90892.76334330272,117665.37803352138,-22301.667741380148,4.445999999999985e-06
1.0135304614932983,0.62620952255971,-0.049079469421984344,-90476.41763063364,117895.70190569866,-22773.25898701926,4.446999999999985e-06
1.0134404162945037,0.6263276601123866,-0.04910269399564245,-90045.19879467007,118137.5526766465,-23224.57365810981,4.447999999999984e-06
1.0133508164542304,0.6264460506340853,-0.04912634886818357,-89599.84027319415,118390.52169866393,-23654.8725411136,4.448999999999984e-06
1.0132616753556642,0.6265647048159957,-0.04915041231892482,-89141.09856621062,118654.18191042557,-24063.450741255063,4.449999999999984e-06
1.013173005603668,0.6266836329045259,-0.049174861957766464,-88669.75199615677,118928.0885302262,-24449.638841643016,4.450999999999983e-06
1.0130848190042359,0.6268028446843047,-0.04919967476177082,-88186.59943215278,119211.77977882273,-24812.804004355276,4.451999999999983e-06
1.0129971265452555,0.6269223494619354,-0.049224827112782456,-87692.45898038759,119504.7776306887,-25152.351011639777,4.452999999999983e-06
1.0129099383786127,0.6270421560505278,-0.04925029483602794,-87188.16664279363,119806.58859244718,-25467.72324548471,4.453999999999982e-06
1.0128232638036665,0.627162272755035,-0.049276053239631856,-86674.57494621836,120116.70450720159,-25758.4036039123,4.454999999999982e-06
1.0127371112521222,0.6272827073584184,-0.04930207715498431,-86152.55154435112,120434.6033834387,-26023.915352455806,4.4559999999999816e-06
1.0126514882743274,0.6274034671086656,-0.049328340977893695,-85622.9777947114,120759.75024713637,-26263.822909387236,4.456999999999981e-06
1.0125664015270144,0.6275245587066812,-0.04935481871045707,-85086.74731304728,121091.5980156681,-26477.732563373596,4.457999999999981e-06
1.012481856762507,0.6276459882950732,-0.049381484003579425,-84544.76450753232,121429.58839205944,-26665.29312235244,4.4589999999999805e-06
1.0123978588194118,0.6277677614478514,-0.049408310200071956,-83997.94309518432,121773.15277811553,-26826.196492532425,4.45999999999998e-06
1.0123144116148088,0.6278898831610563,-0.0494352703782585,-83447.20460296013,122121.71320490749,-26960.178186541747,4.46099999999998e-06
1.0122315181379529,0.6280123578443354,-0.049462337396018366,-82893.4768560078,122474.68327907463,-27067.01775986607,4.4619999999999795e-06
1.0121491804454974,0.6281351893134788,-0.0494894839351932,-82337.69245557973,122831.46914337302,-27146.539174838043,4.462999999999979e-06
1.0120673996582483,0.6282583807839287,-0.04951668254628477,-81780.78724912899,123191.4704498761,-27198.61109156225,4.463999999999979e-06
1.0119861759594533,0.6283819348652729,-0.04954390569337005,-81223.69879512436,123554.08134421153,-27223.14708528241,4.4649999999999784e-06
1.0119055085946282,0.6285058535567322,-0.04957112579915987,-80667.36482513005,123918.69145919976,-27220.10578982141,4.465999999999978e-06
1.0118253958729226,0.6286301382436484,-0.04959831529012672,-80112.72170570017,124284.68691624363,-27189.490966849284,4.466999999999978e-06
1.01174583517002,0.6287547896949812,-0.049625446641627574,-79560.70290263981,124651.45133280537,-27131.35150085929,4.467999999999977e-06
1.0116668229325698,0.6288798080618155,-0.049652492422947433,-79012.23745017996,125018.3668342971,-27045.78131985737,4.468999999999977e-06
1.0115883546841422,0.6290051928768843,-0.04967942534218933,-78468.24842760613,125384.81506870387,-26932.9192418955,4.469999999999977e-06
1.0115104250326963,0.6291309430551065,-0.049706218290937035,-77929.65144586757,125750.17822225351,-26792.948747704457,4.470999999999976e-06
1.0114330276795496,0.629257056895141,-0.04973284438861684,-77397.35314667737,126113.8400344466,-26626.097679805982,4.471999999999976e-06
1.011356155429833,0.6293835320819517,-0.04975927702648544,-76872.24971659239,126475.18681076115,-26432.637868608163,4.472999999999976e-06
1.0112798002044143,0.6295103656903831,-0.04978548991117156,-76355.22541853631,126833.60843135077,-26212.884686110807,4.473999999999975e-06
1.011203953053271,0.6296375541897372,-0.049811457107699526,-75847.15114319965,127188.49935406305,-25967.19652796928,4.474999999999975e-06
1.0111286041702883,0.6297650934493473,-0.04983715308192431,-75348.88298271605,127539.2596101144,-25695.974224785758,4.475999999999975e-06
1.0110537429094593,0.629892978745138,-0.04986255274230793,-74861.26082897648,127885.295790771,-25399.660383615595,4.476999999999974e-06
1.0109793578024604,0.6300212047671615,-0.049887631480968725,-74385.1069989004,128226.02202340132,-25078.738660793628,4.477999999999974e-06
1.0109054365775714,0.6301497656280968,-0.04991236521393602,-73921.22488893691,128560.86093528447,-24733.732967300162,4.4789999999999735e-06
1.0108319661799103,0.6302786548727003,-0.04993673042054402,-73470.39766101862,128889.24460357949,-24365.206607999287,4.479999999999973e-06
1.0107589327929483,0.6304078654881902,-0.04996070418190021,-73033.38696213721,129210.61548988575,-23973.76135619249,4.480999999999973e-06
1.0106863218612685,0.630537389915548,-0.04998426421836525,-72610.93167965183,129524.4273578503,-23560.036465038374,4.4819999999999725e-06
1.010614118114534,0.6306672200617203,-0.05000738892598274,-72203.74673438029,129830.14617230822,-23124.70761749422,4.482999999999972e-06
1.0105423055926206,0.6307973473126988,-0.05003005741179928,-71812.52191345843,130127.25097847318,-22668.485816537188,4.483999999999972e-06
1.0104708676718757,0.6309277625474585,-0.0500522495280168,-71437.92074488473,130415.2347597305,-22192.116217521765,4.4849999999999715e-06
1.0103997870924601,0.6310584561527312,-0.050073945904921424,-71080.57941559606,130693.6052726208,-21696.376904625555,4.485999999999971e-06
1.0103290459867253,0.6311894180385887,-0.05009512798253485,-70741.10573484622,130961.88585764212,-21182.077613427566,4.486999999999971e-06
1.0102586259085808,0.6313206376548133,-0.0501157780409366,-70420.07814458123,131219.61622453926,-20650.0584017515,4.48799999999997e-06
1.0101885078638024,0.6314521040080241,-0.05013587922920759,-70118.04477842567,131466.3532107927,-20101.18827099113,4.48899999999997e-06
1.0101186723412316,0.6315838056795362,-0.050155415592947804,-69835.52257081118,131701.67151206455,-19536.36374021552,4.48999999999997e-06
1.010049099344814,0.6317157308439196,-0.05017437210032323,-69572.99641769324,131925.16438340722,-18956.50737542837,4.490999999999969e-06
1.0099797684264238,0.6318478672882297,-0.05019273466659966,-69330.91839021463,132136.44431008887,-18362.56627642825,4.491999999999969e-06
1.009910658719421,0.6319802024318767,-0.050210490177123444,-69109.70700258434,132335.14364694196,-17755.510523784546,4.492999999999969e-06
1.0098417489728857,0.6321127233471019,-0.05022762650871195,-68909.74653534863,132520.9152251929,-17136.331588507674,4.493999999999968e-06
1.0097730175864705,0.6322454167800277,-0.050244132549419,-68731.3864151379,132693.43292578653,-16506.04070705132,4.494999999999968e-06
1.0097044426458186,0.6323782691722459,-0.05025999821664334,-68574.94065187706,132852.39221827404,-15865.66722433917,4.495999999999968e-06
1.0096360019584842,0.6325112666829104,-0.0502752144735509,-68440.68733435117,132997.51066439104,-15216.256907558458,4.496999999999967e-06
1.0095676730902994,0.6326443952112959,-0.05028977334378441,-68328.86818491931,133128.5283855111,-14558.870233508118,4.497999999999967e-06
1.0094994334021252,0.6327776404197891,-0.05030366792443674,-68239.68817407094,133245.20849321943,-13894.580652329643,4.498999999999967e-06
1.0094312600869297,0.6329109877572714,-0.05031689239726722,-68173.31519541887,133347.33748231304,-13224.47283048455,4.499999999999966e-06
1.0093631302071282,0.633044422482857,-0.050329442038143095,-68129.87980162176,133434.7255855957,-12549.640875873116,4.500999999999966e-06
1.0092950207321265,0.6331779296899469,-0.05034131322469111,-68109.47500162787,133507.20708989794,-11871.186548014959,4.5019999999999655e-06
1.009226908576007,0.6333114943305598,-0.050352503442147346,-68112.15611952971,133564.64061281737,-11190.217456233095,4.502999999999965e-06
1.0091587706352918,0.6334451012398995,-0.05036301128739615,-68137.94071521715,133606.90933973767,-10507.845248799104,4.503999999999965e-06
1.0090905838267248,0.6335787351611203,-0.05037283647119216,-68186.80856691417,133633.9212207503,-9825.183796008287,4.5049999999999645e-06
1.0090223251250092,0.6337123807702475,-0.050381979818562315,-68258.70171558266,133645.6091271679,-9143.34737015987,4.505999999999964e-06
1.008953971600438,0.6338460227012149,-0.05039044326738774,-68353.5245710743,133641.93096738428,-8463.448825418644,4.506999999999964e-06
1.0088855004563584,0.6339796455709769,-0.050398229865168266,-68471.14407981078,133622.8697619014,-7786.597780530907,4.5079999999999634e-06
1.0088168890664047,0.6341132340046542,-0.050405343763975624,-68611.38995367124,133588.4336774107,-7113.898807359149,4.508999999999963e-06
1.008748115011445,0.6342467726606741,-0.05041179021360381,-68774.05495966646,133538.6560198809,-6446.449628186671,4.509999999999963e-06
1.0086791561161752,0.6343802462558608,-0.050417575552928535,-68958.8952698797,133473.59518667203,-5785.339324725412,4.510999999999962e-06
1.008609990485304,0.6345136395904385,-0.050422707199490276,-69165.63087105656,133393.33457775993,-5131.6465617374615,4.511999999999962e-06
1.0085405965392709,0.6346469375729047,-0.05042719363731843,-69393.94603312966,133297.98246622208,-4486.437828153473,4.512999999999962e-06
1.008470953049435,0.6347801252447329,-0.05043104440301697,-69643.48983586802,133187.67182820017,-3850.7656985391654,4.513999999999961e-06
1.008401039172682,0.6349131878048655,-0.05043427007013469,-69913.87675274849,133062.56013262022,-3225.667117724724,4.514999999999961e-06
1.008330834485391,0.6350461106339566,-0.050436882231846066,-70204.68729105337,132922.8290910147,-2612.1617113709813,4.515999999999961e-06
1.0082603190167039,0.6351788793183244,-0.05043889348197127,-70515.46868710942,132768.6843678554,-2011.2501252010516,4.51699999999996e-06
1.0081894732810484,0.6353114796735763,-0.05044031739436684,-70845.73565549434,132600.35525186794,-1423.912395576629,4.51799999999996e-06
1.0081182783098575,0.6354438977678651,-0.05044116850072089,-71194.97119095163,132418.09428886112,-851.1063540445207,4.51899999999996e-06
1.0080467156824358,0.6355761199447418,-0.05044146226678931,-71562.62742167038,132222.17687666573,-293.7660684213279,4.519999999999959e-06
1.0079747675559232,0.6357081328455647,-0.05044121506711224,-71948.12651250557,132012.90082283696,247.19967707742717,4.520999999999959e-06
1.0079024166943065,0.6358399234314306,-0.05044044415825202,-72350.86161663543,131790.5858658339,770.9088602228526,4.5219999999999586e-06
1.0078296464964325,0.6359714790045911,-0.050439167650596715,-72770.19787407604,131555.57316044735,1276.507655301215,4.522999999999958e-06
1.0077564410229771,0.6361027872293193,-0.050437404478775226,-73205.47345539978,131308.22472830373,1763.1718214864031,4.523999999999958e-06
1.0076827850223282,0.6362338361521936,-0.050435174370732395,-73656.00064893374,131048.92287432813,2230.1080428335385,4.5249999999999575e-06
1.0076086639553385,0.6363646142217637,-0.05043249781551464,-74121.06698964583,130778.06957010341,2676.5552177504037,4.525999999999957e-06
1.0075340640189108,0.6364951103075688,-0.05042939602981875,-74599.93642786193,130496.08580511446,3101.785695886093,4.526999999999957e-06
1.0074589721683749,0.6366253137184757,-0.050425890923358294,-75091.85053589533,130203.41090691759,3505.1064604620465,4.5279999999999565e-06
1.0073833761386242,0.6367552142203071,-0.05042200506310413,-75596.02975061101,129900.50183132444,3885.8602541593054,4.528999999999956e-06
1.0073072644639742,0.6368848020527309,-0.050417761636457364,-76111.67464989233,129587.83242373678,4243.4266467672915,4.529999999999956e-06
1.0072306264967132,0.6370140679453837,-0.05041318441341447,-76637.96726092504,129265.89265281476,4577.22304289351,4.5309999999999554e-06
1.007153452424315,0.6371430031332015,-0.05040829770778634,-77174.0723981652,128935.18781770475,4886.705628130154,4.531999999999955e-06
1.0070757332852862,0.6372715993709316,-0.05040312633753417,-77719.13902881215,128596.23773009518,5171.370252172477,4.532999999999955e-06
1.0069974609836227,0.637399848946804,-0.05039769558428668,-78272.30166356592,128249.57587240868,5430.753247484938,4.533999999999954e-06
1.0069186283018523,0.6375277446953375,-0.050392031152104465,-78832.68177041005,127895.74853347705,5664.432182214201,4.534999999999954e-06
1.006839228912643,0.6376552800092605,-0.050386159125558314,-79399.3892091264,127535.31392308162,5872.026546153127,4.535999999999954e-06
1.006759257388959,0.6377824488505273,-0.050380105927189646,-79971.523684217,127168.84126677545,6053.19836866659,4.536999999999953e-06
1.0066787092127452,0.6379092457604097,-0.05037389827442205,-80548.17621388115,126796.90988243569,6207.652767598226,4.537999999999953e-06
1.0065975807821326,0.6380356658686498,-0.05036756313599376,-81128.4306126716,126420.10824002408,6335.138428286968,4.538999999999953e-06
1.0065158694171472,0.6381617049016558,-0.05036112768798183,-81711.36498543422,126039.03300606084,6435.4480119331,4.539999999999952e-06
1.0064335733639171,0.6382873591897301,-0.05035461926948916,-82296.05323011876,125654.28807434237,6508.418492665637,4.540999999999952e-06
1.0063506917973701,0.6384126256733146,-0.050348065338066385,-82881.56654703597,125266.48358445619,6553.9314227757395,4.541999999999952e-06
1.006267224822418,0.6385375019082442,-0.05034149342494069,-83466.97495212765,124876.23492966646,6571.913125694635,4.542999999999951e-06
1.0061831734736262,0.63866198607,-0.05033493109012428,-84051.3487918108,124484.16175576212,6562.334816408789,4.543999999999951e-06
1.0060985397133693,0.6387860769569524,-0.05032840587747516,-84633.76025695595,124090.88695247489,6525.212649119841,4.5449999999999506e-06
1.0060133264284756,0.6389097739925915,-0.05032194526978309,-85213.2848935623,123697.03563908782,6460.607692071824,4.54599999999995e-06
1.005927537425368,0.6390330772267374,-0.05031557664395351,-85789.00310769807,123303.23414586564,6368.6258295833595,4.54699999999995e-06
1.0058411774237057,0.6391559873357303,-0.05030932722636207,-86360.00166228476,122910.1089929467,6249.41759143757,4.5479999999999495e-06
1.0057542520485423,0.6392785056215986,-0.05030322404845217,-86925.37516331766,122518.28586834151,6103.1779098973575,4.548999999999949e-06
1.0056667678210092,0.6394006340102053,-0.05029729390264744,-87484.22753313166,122128.38860668696,5930.14580472815,4.549999999999949e-06
1.005578732147541,0.6395223750483757,-0.05029156329865072,-88035.67346834329,121741.03817040497,5730.603996724234,4.5509999999999485e-06
1.0054901533076608,0.6396437319000107,-0.05028605842020037,-88578.83988012362,121356.85163491326,5504.878450347986,4.551999999999948e-06
1.0054010404403464,0.6397647083411901,-0.05028080508235416,-89112.86731448553,120976.44117953119,5253.337846203761,4.552999999999948e-06
1.005311403528996,0.6398853087542758,-0.050275828689369986,-89636.91135030008,120600.41308571659,4976.392984179525,4.553999999999947e-06
1.0052212533850233,0.6400055381210201,-0.05027115419325179,-90150.14397279236,120229.36674426001,4674.49611819954,4.554999999999947e-06
1.005130601630103,0.6401254020146931,-0.05026680605302815,-90651.75492030552,119863.89367305092,4348.140223640199,4.555999999999947e-06
1.0050394606771007,0.6402449065912401,-0.05026280819482958,-91140.95300216427,119504.57654701536,3997.858198568509,4.556999999999946e-06
1.0049478437097152,0.640364058579482,-0.05025918397282951,-91616.967385514,119151.98824180785,3624.2220000683387,4.557999999999946e-06
1.0048557646608662,0.6404828652703748,-0.050255956131112486,-92079.0488490611,118806.69089282006,3227.8417170234366,4.558999999999946e-06
1.0047632381898646,0.6406013345053458,-0.050253146766531656,-92526.47100169142,118469.23497104713,2809.364580828108,4.559999999999945e-06
1.0046702796584006,0.6407194746637231,-0.05025077729261606,-92958.53146399927,118140.15837732739,2369.4739155961806,4.560999999999945e-06
1.0045769051053899,0.6408372946492796,-0.050248868404586526,-93374.55301081769,117819.98555644421,1908.8880295364006,4.561999999999945e-06
1.004483131220717,0.6409548038759122,-0.050247440045537266,-93773.8846729015,117509.22663254918,1428.3590492574376,4.562999999999944e-06
1.004388975317921,0.6410720122524796,-0.050246511373838405,-94155.9027959792,117208.37656733366,928.6716988581511,4.563999999999944e-06
1.0042944553058655,0.6411889301668219,-0.050246100731812654,-94520.01205545648,116917.91434234142,410.6420257485497,4.564999999999944e-06
1.0041995896594405,0.6413055684689887,-0.05024622561573742,-94865.64642512404,116638.30216677848,-124.88392476625404,4.565999999999943e-06
1.0041043973893422,0.6414219384537008,-0.05024690264722144,-95192.27009829448,116369.98471213713,-677.0314840228752,4.566999999999943e-06
1.0040088980109823,0.6415380518420757,-0.0502481475460029,-95499.37835986825,116113.38837490999,-1244.8987814603402,4.5679999999999425e-06
1.0039131115125743,0.6416539207626443,-0.05024997510421363,-95786.4984079057,115868.92056862662,-1827.558210730187,4.568999999999942e-06
1.003817058322451,0.6417695577316906,-0.05025239916215174,-96053.19012336234,115636.96904639943,-2424.0579381075017,4.569999999999942e-06
1.0037207592756643,0.6418849756329458,-0.05025543258560252,-96299.04678672575,115417.90125511844,-3033.4234507839,4.5709999999999415e-06
1.0036242355799239,0.6420001876966681,-0.05025908724474508,-96523.69574037747,115212.06372238454,-3654.6591425565425,4.571999999999941e-06
1.0035275087809283,0.6421152074781453,-0.05026337399467944,-96726.79899558825,115019.78147721951,-4286.749934364261,4.572999999999941e-06
1.0034306007271452,0.6422300488356508,-0.050268302657606505,-96908.05378314383,114841.35750553777,-4928.662927062609,4.5739999999999405e-06
1.0033335335340985,0.6423447259078922,-0.05027388200669028,-97067.19304668749,114677.07224130952,-5579.3490837745085,4.57499999999994e-06
1.0032363295482205,0.6424592530909864,-0.05028011975162938,-97203.98587795722,114527.18309428828,-6237.744939102083,4.57599999999994e-06
1.0031390113103273,0.6425736450150015,-0.05028702252596182,-97318.2378931879,114391.9240151172,-6902.774332438377,4.576999999999939e-06
1.0030416015187773,0.6426879165201,-0.0502945958761244,-97409.79155004316,114271.50509856862,-7573.3501625751505,4.577999999999939e-06
1.0029441229923728,0.6428020826323256,-0.050302844252285164,-97478.52640453677,114166.11222561005,-8248.376160764725,4.578999999999939e-06
1.0028465986330652,0.6429161585390706,-0.050311771000964525,-97524.35930750004,114075.90674492666,-8926.74867936024,4.579999999999938e-06
1.002749051388525,0.643030159564265,-0.05032137835945766,-97547.2445402487,114001.02519446675,-9607.358493129504,4.580999999999938e-06
1.002651504214636,0.6431441011433285,-0.05033166745206797,-97547.17388920102,113941.57906351135,-10289.092610313182,4.581999999999938e-06
1.0025539800379768,0.6432579987979242,-0.05034263828815845,-97524.1766592976,113897.65459570273,-10970.836090478213,4.582999999999937e-06
1.0024565017183507,0.6433718681105576,-0.050354289762024655,-97478.31962617257,113869.31263339992,-11651.473866202352,4.583999999999937e-06
1.0023590920114236,0.6434857246990613,-0.05036661965459027,-97409.70692712489,113856.58850366123,-12329.892565615462,4.584999999999937e-06
1.0022617735315325,0.6435995841910074,-0.05037962463692309,-97318.47989103904,113859.49194608482,-13004.982332817774,4.585999999999936e-06
1.002164568714725,0.64371346219809,-0.05039330027556628,-97204.81680750285,113878.0070826698,-13675.638643194798,4.586999999999936e-06
1.0020674997820895,0.6438273742905198,-0.05040764103967693,-97068.93263547083,113912.09242979018,-14340.76411065298,4.5879999999999356e-06
1.0019705887034376,0.6439413359714722,-0.05042264030996074,-96911.0786519195,113961.68095230401,-14999.270283809445,4.588999999999935e-06
1.0018738571613965,0.6440553626516319,-0.05043829038938893,-96731.54204104061,114026.6801597502,-15650.079428183424,4.589999999999935e-06
1.001777326515972,0.6441694696238764,-0.050454582515680385,-96530.64542461572,114106.97224451444,-16292.12629145613,4.5909999999999345e-06
1.0016810177696376,0.6442836720381382,-0.05047150687552927,-96308.74633431273,114202.41426177608,-16924.359848889886,4.591999999999934e-06
1.0015849515330109,0.6443979848764891,-0.0504890526205553,-96066.2366267414,114312.83835097714,-17545.745026026365,4.592999999999934e-06
1.0014891479911687,0.6445124229284876,-0.05050720788495112,-95803.54184219969,114438.05199848468,-18155.264395817627,4.5939999999999335e-06
1.0013936268706607,0.6446270007668287,-0.0505259598047985,-95521.12050813633,114577.83834104864,-18751.919847382385,4.594999999999933e-06
1.0012984074072722,0.6447417327233382,-0.05054529453902212,-95219.46338844764,114731.95650958785,-19334.734223623436,4.595999999999933e-06
1.0012035083145923,0.644856632865351,-0.05056519729194711,-94899.09267981655,114900.14201276864,-19902.752924990527,4.5969999999999324e-06
1.0011089477534358,0.6449717149725108,-0.05058565233742384,-94560.56115639118,115082.10715977316,-20455.04547672584,4.597999999999932e-06
1.0010147433021717,0.6450869925140325,-0.05060664304448083,-94204.45126418651,115277.54152158738,-20990.70705698689,4.598999999999932e-06
1.000920911928005,0.6452024786264625,-0.05062815190446413,-93831.37416667769,115486.1124300736,-21508.859983303744,4.599999999999931e-06
1.0008274699592619,0.6453181860919766,-0.050650160559619024,-93441.96874313573,115707.46551402737,-22008.65515489412,4.600999999999931e-06
1.0007344330587205,0.6454341273172479,-0.050672649833067455,-93036.90054133626,115941.2252713557,-22489.273448430675,4.601999999999931e-06
1.0006418161980342,0.6455503143129244,-0.05069559976013239,-92616.8606863494,116186.99567645152,-22949.927064930136,4.60299999999993e-06
1.0005496336332869,0.6456667586737462,-0.0507189896209579,-92182.56474719333,116444.36082177903,-23389.860825513133,4.60399999999993e-06
1.0004578988817237,0.6457834715593389,-0.05074279797437177,-91734.75156320585,116712.88559262575,-23808.353413866826,4.60499999999993e-06
1.0003666246996916,0.6459004636757129,-0.0507670026929351,-91274.18203205717,116992.11637392036,-24204.71856332966,4.605999999999929e-06
1.0002758230618303,0.6460177452575008,-0.050791580999121705,-90801.6378613924,117281.58178795982,-24578.306186608377,4.606999999999929e-06
1.000185505141544,0.6461353260509626,-0.050816509502567934,-90317.92028615474,117580.79346183644,-24928.50344623184,4.607999999999929e-06
1.0000956812927904,0.6462532152977859,-0.05084176423833188,-89823.84875369928,117889.24682330425,-25254.735763944143,4.608999999999928e-06
1.0000063610332115,0.6463714217197096,-0.05086732070609922,-89320.25957886272,118206.42192377495,-25556.46776734047,4.609999999999928e-06
0.9999175530286403,0.6464899535039967,-0.050893153910271376,-88808.00457120604,118531.78428708698,-25833.204172153364,4.6109999999999276e-06
0.9998292650790036,0.6466088182897793,-0.05091923840087008,-88287.94963669524,118864.78578264681,-26084.490598704117,4.611999999999927e-06
0.9997415041056474,0.6467280231553009,-0.05094554831519122,-87760.97335612973,119204.86552149958,-26309.91432114369,4.612999999999927e-06
0.9996542761401048,0.6468475746060747,-0.05097205742013944,-87227.96554266805,119551.45077384637,-26509.104948219898,4.6139999999999265e-06
0.999567586314324,0.6469674785639812,-0.05099873915517386,-86689.82578083701,119903.95790648887,-26681.735034422047,4.614999999999926e-06
0.9994814388523745,0.6470877403573199,-0.05102556667579433,-86147.46194944285,120261.79333864739,-26827.520620470976,4.615999999999926e-06
0.9993958370636437,0.6472083647118344,-0.05105251289749657,-85601.78873083089,120624.35451456686,-26946.22170224091,4.6169999999999255e-06
0.9993107833375346,0.6473293557427257,-0.05107955054012389,-85053.72610896436,120991.03089129641,-27037.642627319863,4.617999999999925e-06
0.9992262791396759,0.6474507169476656,-0.05110665217254243,-84504.19785881267,121361.20494000206,-27101.63241853694,4.618999999999925e-06
0.9991423250096463,0.6475724512008249,-0.051133790257566335,-83954.1300295549,121734.25315914895,-27138.08502390787,4.6199999999999244e-06
0.9990589205602222,0.6476945607479228,-0.05116093719705891,-83404.44942411543,122109.54709786916,-27146.93949257403,4.620999999999924e-06
0.9989760644781446,0.6478170472023106,-0.05118806537713534,-82856.08207755526,122486.45438781373,-27128.180076434986,4.621999999999924e-06
0.9988937545264077,0.6479399115420924,-0.05121514721339264,-82309.95173684522,122864.3397817733,-27081.836257299827,4.622999999999923e-06
0.9988119875480632,0.6480631541082897,-0.05124215519609215,-81766.97834454509,123242.56619734023,-27007.982699508266,4.623999999999923e-06
0.9987307594715343,0.6481867746040536,-0.051269061935220246,-81228.07652890639,123620.4957638766,-26906.739128098136,4.624999999999923e-06
0.9986500653174314,0.6483107720949246,-0.051295840205352966,-80694.15410290578,123997.49087104754,-26778.270132721584,4.625999999999922e-06
0.9985698992068567,0.6484351450101418,-0.0513224629902506,-80166.11057470134,124372.91521717628,-26622.784897637415,4.626999999999922e-06
0.9984902543711847,0.6485598911449975,-0.05134890352710884,-79644.83567198382,124746.13485567884,-26440.536858231768,4.627999999999922e-06
0.9984111231633019,0.6486850076642353,-0.05137513535039348,-79131.20788267229,125116.51923783922,-26231.823284643066,4.628999999999921e-06
0.9983324970702876,0.6488104911064855,-0.05140113233518667,-78626.09301437478,125483.44225019317,-25996.984793189953,4.629999999999921e-06
0.9982543667275126,0.6489363373897302,-0.0514268687399731,-78130.34277500305,125846.28324479816,-25736.404786422503,4.630999999999921e-06
0.9981767219341356,0.6490625418177909,-0.051452319248795834,-77644.7933768938,126204.42806067975,-25450.508822736872,4.63199999999992e-06
0.9980995516699689,0.6491890990878256,-0.051477459012712445,-77170.26416674895,126557.27003476025,-25139.763916611995,4.63299999999992e-06
0.9980228441136852,0.6493160032988262,-0.05150226369048309,-76707.55628366282,126904.21100059402,-24804.677770643182,4.6339999999999195e-06
0.9979465866623378,0.6494432479610994,-0.05152670948842375,-76257.45134745588,127244.66227325515,-24445.797940661785,4.634999999999919e-06
0.9978707659521583,0.6495708260067181,-0.05155077319935909,-75820.71017948308,127578.04561874727,-24063.710935341944,4.635999999999919e-06
0.9977953678806003,0.6496987298009245,-0.051574432240610896,-75398.07155802863,127903.79420633234,-23659.041251804825,4.6369999999999185e-06
0.99772037762959,0.6498269511544666,-0.051597664690959735,-74990.25101033995,128221.35354220466,-23232.450348837378,4.637999999999918e-06
0.9976457796899467,0.6499554813368497,-0.05162044932651918,-74597.93964329067,128530.18238296872,-22784.63555944628,4.638999999999918e-06
0.9975715578869321,0.650084311090477,-0.051642765655463746,-74221.80301459637,128829.7536274144,-22316.328944568482,4.6399999999999175e-06
0.9974976954068856,0.6502134306456622,-0.0516645939515536,-73862.4800464373,129119.55518511985,-21828.296089856947,4.640999999999917e-06
0.9974241748249023,0.6503428297364826,-0.05168591528640116,-73520.58198326961,129399.09082045294,-21321.334847554197,4.641999999999917e-06
0.9973509781335068,0.6504724976174532,-0.051706711560426714,-73196.69139553148,129667.88097058314,-20796.274025556486,4.642999999999916e-06
0.9972780867722759,0.6506024230809894,-0.051726965532452575,-72891.36123087171,129925.46353616122,-20253.97202585804,4.643999999999916e-06
0.9972054816583614,0.6507325944756327,-0.051746660847887226,-72605.11391444763,130171.39464336951,-19695.315434647404,4.644999999999916e-06
0.9971331432178616,0.6508629997250088,-0.05176578206545363,-72338.44049975552,130405.24937609489,-19121.21756640664,4.645999999999915e-06
0.9970610514179903,0.6509936263474858,-0.05178431468241807,-72091.79987137078,130626.62247702669,-18532.616964438505,4.646999999999915e-06
0.9969891857999894,0.6511244614765024,-0.05180224515827839,-71865.61800088685,130835.12901653445,-17930.47586031705,4.647999999999915e-06
0.9969175255127322,0.6512554918815306,-0.05181956093687321,-71660.28725725206,131030.40502823463,-17315.778594822896,4.648999999999914e-06
0.9968460493469595,0.6513867039896408,-0.0518362504668762,-71476.16577261084,131212.10811021106,-16689.530002985775,4.649999999999914e-06
0.9967747357700949,0.6515180839076318,-0.05185230322064211,-71313.57686466284,131379.9179909121,-16052.753765913769,4.650999999999914e-06
0.9967035629615785,0.6516496174446906,-0.05186770971137425,-71172.80851645731,131533.53705880558,-15406.490732140855,4.651999999999913e-06
0.9966325088486641,0.6517812901355455,-0.05188246150858552,-71054.112914444,131672.69085493384,-14751.797211271803,4.652999999999913e-06
0.9965615511426186,0.6519130872640732,-0.051896551251828266,-70957.70604550383,131797.12852757217,-14089.743242746115,4.653999999999913e-06
0.996490667375265,0.6520449938873214,-0.05190997266267085,-70883.7673535835,131906.62324825744,-13421.410842580637,4.654999999999912e-06
0.9964198349358085,0.6521769948599099,-0.05192272055490183,-70832.43945645892,132000.9725885167,-12747.89223098336,4.655999999999912e-06
0.9963490311078855,0.6523090748587665,-0.05193479084294559,-70803.82792305143,132079.99885669153,-12070.288043759092,4.6569999999999115e-06
0.9962782331067739,0.6524412184081608,-0.051946180548476044,-70798.00111162051,132143.54939431825,-11389.705530450768,4.657999999999911e-06
0.9962074181167049,0.6525734099049925,-0.051956887805218226,-70814.99006905504,132191.49683159176,-10707.25674217843,4.658999999999911e-06
0.9961365633282135,0.652705633644294,-0.05196691186193038,-70854.78849138418,132223.73930150672,-10024.056712151127,4.6599999999999105e-06
0.996065645975468,0.6528378738449063,-0.05197625308356221,-70917.35274552762,132240.20061233785,-9341.221631835362,4.66099999999991e-06
0.9959946433735157,0.6529701146752845,-0.05198491295058798,-71002.60195220391,132240.83037818896,-8659.86702576702,4.66199999999991e-06
0.9959235329553859,0.653102340279392,-0.05199289405651597,-71110.41812981499,132225.6041074083,-7981.10592799223,4.6629999999999094e-06
0.9958522923089869,0.6532345348026407,-0.052000200103579086,-71240.64639902492,132194.5232487362,-7306.047063116181,4.663999999999909e-06
0.9957808992137392,0.6533666824178358,-0.05200683589661401,-71393.0952476514,132147.6151951196,-6635.7930349276085,4.664999999999909e-06
0.9957093316768838,0.653498767351081,-0.05201280733513956,-71567.53685539056,132084.9332451961,-5971.438525550624,4.665999999999908e-06
0.9956375679694061,0.6536307739076036,-0.052018121403647616,-71763.7074777973,132006.55652251848,-5314.06850805468,4.666999999999908e-06
0.9955655866615172,0.6537626864974563,-0.05202278616012304,-71981.30788884831,131912.5898526589,-4664.756475427943,4.667999999999908e-06
0.9954933666576359,0.6538944896610547,-0.05202681072281183,-72220.00388131892,131803.16359839894,-4024.5626887891417,4.668999999999907e-06
0.9954208872308118,0.654026168094508,-0.05203020525525951,-72479.4268241124,131678.43345327975,-3394.5324476782644,4.669999999999907e-06
0.9953481280565362,0.6541577066747019,-0.05203298094964474,-72759.1742755882,131538.580193852,-2775.6943852271907,4.670999999999907e-06
0.9952750692458843,0.6542890904840929,-0.052035150008435706,-73058.81065184584,131383.80939103223,-2169.0587909677774,4.671999999999906e-06
0.9952016913779355,0.6544203048351739,-0.05203672562439969,-73377.86794883292,131214.35108103722,-1575.615963986953,4.672999999999906e-06
0.9951279755314184,0.6545513352945703,-0.05203772195899878,-73715.8465170602,131030.45939643162,-996.3345990862435,4.673999999999906e-06
0.9950539033155308,0.6546821677067283,-0.05203815411920733,-74072.21588762249,130832.41215788854,-432.16020854690805,4.674999999999905e-06
0.9949794568998827,0.6548127882171556,-0.05203803813278937,-74446.41564814292,130620.5104273246,115.98641795840103,4.675999999999905e-06
0.9949046190435155,0.6549431832951788,-0.05203739092207654,-74837.85636717909,130395.07802313204,647.2107128306634,4.6769999999999046e-06
0.99482937312295,0.6550733397561771,-0.05203623027628956,-75245.9205655529,130156.4609982912,1160.6457869773403,4.677999999999904e-06
0.994753703159217,0.6552032447832593,-0.052034574822448686,-75669.96373299239,129905.02708220482,1655.4538408757585,4.678999999999904e-06
0.9946775938438286,0.6553328859483465,-0.05203244399492068,-76109.31538840247,129641.16508715355,2130.8275280047806,4.6799999999999035e-06
0.9946010305636466,0.6554622512326268,-0.052029858003652216,-76563.2801820134,129365.28428032761,2585.9912684610763,4.680999999999903e-06
0.994523999424609,0.6555913290463492,-0.052026837801141555,-77031.13903759046,129077.81372244435,3020.202510657998,4.681999999999903e-06
0.9944464872742762,0.6557201082479233,-0.052023405048202465,-77512.15033282602,128779.20157401415,3432.752939089973,4.6829999999999025e-06
0.9943684817231603,0.6558485781622936,-0.05201958207857623,-78005.55111597604,128469.91437036832,3822.9696262331963,4.683999999999902e-06
0.9942899711648036,0.6559767285985602,-0.05201539186244949,-78510.55835674706,128150.4362666121,4190.216126744099,4.684999999999902e-06
0.9942109447945742,0.6561045498668139,-0.05201085796893728,-79026.37022938697,127821.26825371363,4533.893512210537,4.6859999999999014e-06
0.9941313926271483,0.6562320327941609,-0.05200600452759247,-79552.16742588344,127482.9273469854,4853.441344806557,4.686999999999901e-06
0.9940513055126512,0.6563591687399092,-0.05200085618900417,-80087.11449712794,127135.94574825864,5148.33858830003,4.687999999999901e-06
0.9939706751514313,0.6564859496098923,-0.051995438084549206,-80630.36121986064,126780.86998309298,5418.104454963075,4.6889999999999e-06
0.9938894941074442,0.6566123678699066,-0.051989775785362166,-81181.04398717234,126418.26001440332,5662.299187037897,4.6899999999999e-06
0.9938077558202238,0.6567384165582405,-0.05198389526059065,-81738.28722030412,126048.68833392391,5880.524771515409,4.6909999999999e-06
0.9937254546154244,0.6568640892972735,-0.05197782283500356,-82301.20479945344,125672.73903296488,6072.425587090446,4.691999999999899e-06
0.9936425857139132,0.6569893803041275,-0.05197158514602129,-82868.90151126681,125291.00685394985,6237.688982265514,4.692999999999899e-06
0.9935591452394025,0.6571142844003517,-0.05196520910023761,-83440.47451067474,124904.09622425446,6376.045783684598,4.693999999999899e-06
0.9934751302246078,0.6572387970206256,-0.05195872182950372,-84015.01479470337,124512.6202738944,6487.270733889474,4.694999999999898e-06
0.9933905386159219,0.6573629142204642,-0.05195215064664592,-84591.60868587998,124117.19983863756,6571.182857803003,4.695999999999898e-06
0.9933053692765991,0.6574866326829144,-0.05194552300088856,-85169.33932283577,123718.46245013988,6627.64575735696,4.696999999999898e-06
0.9932196219884434,0.6576099497242291,-0.051938866433054766,-85747.2881556994,123317.04131472483,6656.567833795838,4.697999999999897e-06
0.9931332974519995,0.6577328632985115,-0.05193220853061746,-86324.53644386846,122913.57428244696,6657.902437302602,4.698999999999897e-06
0.9930463972852458,0.6578553720013196,-0.051925576882673755,-86900.16675374389,122508.70280809542,6631.64794370743,4.6999999999998966e-06
0.9929589240207918,0.6579774750722254,-0.0519189990349156,-87473.2644540128,122103.07090580845,6577.847758155891,4.700999999999896e-06
0.9928708811015857,0.6580991723963243,-0.05191250244466987,-88042.91920607093,121697.32409898087,6496.590245728576,4.701999999999896e-06
0.9927822728751385,0.6582204645046915,-0.05190611443608075,-88608.22644718406,121292.10836715595,6388.0085891197805,4.7029999999998955e-06
0.9926931045862746,0.6583413525737831,-0.051899862155507154,-89168.288864,120888.06909159926,6252.280573598302,4.703999999999895e-06
0.9926033823684205,0.6584618384237844,-0.05189377252720757,-89722.217854039,120485.8500012563,6089.628299588506,4.704999999999895e-06
0.9925131132334477,0.6585819245159051,-0.05188787220938424,-90269.13497280981,120086.09212079649,5900.317823324512,4.7059999999998945e-06
0.9924223050600834,0.6587016139486276,-0.0518821875506581,-90808.17336422179,119689.43272244517,5684.6587261443165,4.706999999999894e-06
0.9923309665809115,0.6588209104529109,-0.051876744547044995,-91338.47917199037,119296.50428330092,5443.003613103908,4.707999999999894e-06
0.9922391073679817,0.6589398183863607,-0.05187156879950329,-91859.21292976341,118907.93344982895,5175.747541703635,4.708999999999893e-06
0.992146737817054,0.659058342726372,-0.05186668547212166,-92369.55092772964,118524.34001121203,4883.327381630266,4.709999999999893e-06
0.9920538691305004,0.6591764890622552,-0.05186211925101513,-92868.68655350793,118146.33588322834,4566.221106527924,4.710999999999893e-06
0.9919605132988952,0.6592942635863596,-0.05185789430399621,-93355.83160515635,117774.52410431141,4224.9470189195235,4.711999999999892e-06
0.9918666830813211,0.659411673084205,-0.051854034241086706,-93830.21757418427,117409.49784542945,3860.062909507086,4.712999999999892e-06
0.9917723919844246,0.6595287249236405,-0.051850562075934525,-94291.09689649785,117051.83943540239,3472.1651521843164,4.713999999999892e-06
0.9916776542402553,0.6596454270430437,-0.05184750018819833,-94737.74416925968,116702.1194032518,3061.8877361979107,4.714999999999891e-06
0.9915824847829237,0.6597617879385829,-0.05184487028696134,-95169.45733169695,116360.8955391543,2629.901236995091,4.715999999999891e-06
0.9914868992241157,0.6598778166505584,-0.05184269337523394,-95585.55880794939,116028.71197554164,2176.9117273936363,4.716999999999891e-06
0.9913909138275055,0.6599935227488483,-0.051840989715603136,-95985.39661010746,115706.09828986,1703.6596308070762,4.71799999999989e-06
0.9912945454821059,0.6601089163174787,-0.05183977879708478,-96368.34539965431,115393.56863046941,1210.9185183516106,4.71899999999989e-06
0.9911978116746003,0.6602240079383458,-0.05183907930323303,-96733.80750559008,115091.62086712837,699.4938517524924,4.71999999999989e-06
0.9911007304607027,0.6603388086741132,-0.05183890908155898,-97081.21389758562,114800.735767472,170.22167405601522,4.720999999999889e-06
0.9910033204355901,0.660453330050314,-0.05183928511430874,-97410.02511258305,114521.37620085196,-376.03274976139073,4.721999999999889e-06
0.9909056007034568,0.6605675840366849,-0.05184022349064885,-97719.73213333446,114253.9863708645,-938.3763401130709,4.7229999999998885e-06
0.9908075908462394,0.6606815830277628,-0.051841739380304654,-98009.85721744549,113998.99107784861,-1515.8896557981693,4.723999999999888e-06
0.9907093108915638,0.6607953398227754,-0.051843847008695,-98279.95467556885,113756.79501258972,-2107.628390345169,4.724999999999888e-06
0.9906107812799663,0.6609088676048578,-0.0518465596336043,-98529.61159747324,113527.7820824159,-2712.6249093021006,4.7259999999998875e-06
0.9905120228314415,0.6610221799196286,-0.0518498895234303,-98758.44852479563,113312.31477082259,-3329.8898260041,4.726999999999887e-06
0.9904130567113721,0.6611352906531603,-0.05185384793704358,-98966.12006936946,113110.73353170921,-3958.41361328409,4.727999999999887e-06
0.9903139043958961,0.6612482140093796,-0.05185844510529211,-99152.31547610769,112923.35621925662,-4597.168248531496,4.7289999999998865e-06
0.9902145876367665,0.661360964486934,-0.05186369021418156,-99316.75912950795,112750.47755441729,-5245.108889446859,4.729999999999886e-06
0.9901151284257635,0.661473556855563,-0.05186959138975934,-99459.21100293679,112592.36862893256,-5901.175577787413,4.730999999999886e-06
0.9900155489587136,0.6615860061320107,-0.05187615568472769,-99579.46704994145,112449.27644773058,-6564.294968349957,4.731999999999885e-06
0.9899158715991766,0.6616983275555212,-0.05188338906680808,-99677.35953693031,112321.42351049773,-7233.382080392987,4.732999999999885e-06
0.9898161188418599,0.6618105365629543,-0.05189129640887674,-99752.75731665721,112209.00743315264,-7907.342068660033,4.733999999999885e-06
0.9897163132758179,0.6619226487635642,-0.05189988148088787,-99805.5660420398,112112.20060988789,-8585.072011130625,4.734999999999884e-06
0.9896164775474979,0.6620346799134806,-0.051909146943598466,-99835.72831993825,112031.14991637853,-9265.46271059429,4.735999999999884e-06
0.9895166343236933,0.6621466458899353,-0.05191909434410558,-99843.22380461742,111965.97645468962,-9947.400507116658,4.736999999999884e-06
0.9894168062544626,0.6622585626652757,-0.051929724113204026,-99828.0692307132,111916.77534034695,-10629.769098445066,4.737999999999883e-06
0.989317015936077,0.6623704462808077,-0.05194103556456941,-99790.31838562166,111883.61553196619,-11311.451365384084,4.738999999999883e-06
0.9892172858740557,0.6624823128205114,-0.05195302689576857,-99730.06202132809,111866.53970376548,-11991.331199159351,4.739999999999883e-06
0.9891176384463499,0.6625941783846726,-0.05196569519109635,-99647.42770579152,111865.5641612163,-12668.295327780746,4.740999999999882e-06
0.9890180958667358,0.6627060590634726,-0.05197903642623477,-99542.57961409909,111880.67880001588,-13341.235138413616,4.741999999999882e-06
0.9889186801484762,0.662817970910581,-0.05199304547472754,-99415.71825970306,111911.84710849251,-14009.048492769218,4.7429999999998816e-06
0.98881941306831,0.6629299299167946,-0.052007716116260067,-99267.08016615144,111959.00621348331,-14670.641532533129,4.743999999999881e-06
0.9887203161308302,0.6630419519837643,-0.05202304104673193,-99096.937479821,112022.06696965129,-15324.930471862654,4.744999999999881e-06
0.988621410533306,0.6631540528978563,-0.05203901189010593,-98905.59752425885,112100.91409213595,-15970.843374001743,4.7459999999998805e-06
0.9885227171310091,0.6632662483041887,-0.052055619212015014,-98693.40229683486,112195.40633235918,-16607.321909084196,4.74699999999988e-06
0.9884242564031006,0.6633785536808854,-0.05207285253510524,-98460.727908503,112305.37669673584,-17233.323090223228,4.74799999999988e-06
0.9883260484191331,0.6634909843135933,-0.05209070035609026,-98207.98396756385,112430.6327079658,-17847.8209850176,4.7489999999998795e-06
0.9882281128062247,0.6636035552703018,-0.0521091501644899,-97935.61290841376,112570.95670851284,-18449.808399641643,4.749999999999879e-06
0.9881304687169583,0.6637162813765076,-0.052128188463022626,-97644.08926635806,112726.10620580413,-19038.29853272836,4.750999999999879e-06
0.9880331347980587,0.6638291771907663,-0.05214780078961893,-97333.91889965537,112895.81425861339,-19612.326596301507,4.7519999999998784e-06
0.9879361291598986,0.6639422569806703,-0.05216797174101999,-97005.63816004914,113079.78990402109,-20170.951401063994,4.752999999999878e-06
0.9878394693468855,0.6640555346992946,-0.052188684997923396,-96659.81301312846,113277.71862427564,-20713.256903406043,4.753999999999878e-06
0.9877431723087755,0.6641690239621474,-0.052209923351634956,-96297.03810994486,113489.26285281191,-21238.353711557218,4.754999999999877e-06
0.9876472543729641,0.664282738024666,-0.05223166873218333,-95917.9358113943,113714.06251861624,-21745.380548371675,4.755999999999877e-06
0.9875517312177972,0.6643966897602941,-0.05225390223785163,-95523.1551669529,113951.73562806178,-22233.505668305537,4.756999999999877e-06
0.9874566178469477,0.6645108916391773,-0.05227660416607785,-95113.37084943273,114201.8788832736,-22701.928226219195,4.757999999999876e-06
0.9873619285649002,0.6646253557075134,-0.052299754045673566,-94689.28204749855,114464.06833602049,-23149.879595715487,4.758999999999876e-06
0.9872676769535825,0.6647400935675895,-0.05232333067030837,-94251.61131775829,114737.86007606932,-23576.62463480677,4.759999999999876e-06
0.9871738758501842,0.6648551163585423,-0.05234731213320516,-93801.10339830905,115022.79095287874,-23981.46289679001,4.760999999999875e-06
0.9870805373261986,0.6649704347378718,-0.052371675862989464,-93338.52398568614,115318.37932945111,-24363.72978429896,4.761999999999875e-06
0.9869876726677214,0.6650860588637388,-0.05239639866063406,-92864.65847722586,115624.12586710695,-24722.797644595845,4.762999999999875e-06
0.9868952923570404,0.6652019983780787,-0.05242145673743832,-92380.31068091128,115939.51433989203,-25058.076804262128,4.763999999999874e-06
0.9868034060555456,0.665318262390556,-0.05244682575397987,-91886.30149482719,116264.01247727688,-25369.016541548168,4.764999999999874e-06
0.9867120225879872,0.6654348594633898,-0.052472480859974614,-91383.46755840207,116597.07283375895,-25655.105994745038,4.7659999999998736e-06
0.9866211499281096,0.6655517975970737,-0.05249839673497966,-90872.65987766397,116938.13368393191,-25915.875005048245,4.766999999999873e-06
0.9865307951856828,0.6656690842170153,-0.05252454762987215,-90354.74242678219,117286.61994154185,-26150.894892492277,4.767999999999873e-06
0.9864409645949546,0.6657867261611163,-0.0525509074090358,-89830.59072820777,117641.94410100942,-26359.77916364671,4.7689999999998725e-06
0.9863516635045408,0.6659047296683162,-0.05257744959318568,-89301.0904137631,118003.5071998576,-26542.184149878816,4.769999999999872e-06
0.9862628963687717,0.6660231003681166,-0.05260414740276079,-88767.13576906413,118370.69980044907,-26697.80957510403,4.770999999999872e-06
0.986174666740508,0.666141843271106,-0.05263097380181285,-88229.62826368773,118742.9029894036,-26826.39905206389,4.7719999999998715e-06
0.9860869772654385,0.6662609627604991,-0.05265790154231914,-87689.47506952212,119119.48939303555,-26927.740506291357,4.772999999999871e-06
0.9859998296778687,0.6663804625847062,-0.05268490320884619,-87147.58756975879,119499.82420712382,-27001.666527044956,4.773999999999871e-06
0.9859132247980077,0.6665003458509455,-0.052711951263490806,-86604.87986100104,119883.2662393023,-27048.054644616277,4.7749999999998704e-06
0.9858271625307568,0.6666206150199079,-0.052739018091024346,-86062.26725097671,120269.16896233674,-27066.827533539465,4.77599999999987e-06
0.9857416418660024,0.6667412719014845,-0.0527660760441657,-85520.66475435067,120656.88157653564,-27057.95314135627,4.77699999999987e-06
0.9856566608804133,0.666862317651564,-0.05279309748890842,-84980.98558913621,121045.75007952732,-27021.444742715925,4.777999999999869e-06
0.985572216740737,0.6669837527699056,-0.05282005484982713,-84444.13967620423,121435.11834162247,-26957.360918715152,4.778999999999869e-06
0.9854883057085927,0.6671055770990906,-0.05284692065528864,-83911.03214438369,121824.32918497246,-26865.805461509757,4.779999999999869e-06
0.9854049231467491,0.6672277898245553,-0.052873667582493,-83382.56184363797,122212.72546472731,-26746.927204355565,4.780999999999868e-06
0.9853220635268803,0.6673503894757057,-0.05290026850227036,-82859.61986878795,122599.65115039403,-26600.919777362287,4.781999999999868e-06
0.9852397204387842,0.6674733739281112,-0.052926696523559726,-82343.0880962348,122984.45240559627,-26428.021289369302,4.782999999999868e-06
0.9851578866010481,0.6675967404067756,-0.052952925037496205,-81833.83773611332,123366.47866443917,-26228.513936476993,4.783999999999867e-06
0.9850765538731459,0.6677204854904784,-0.0529789277610341,-81332.72790228043,123745.08370268955,-26002.72353789096,4.784999999999867e-06
0.9849957132689433,0.6678446051171804,-0.05300467878003396,-80840.60420251268,124119.62670199106,-25751.018999858912,4.785999999999867e-06
0.9849153549715921,0.6679690945904857,-0.05303015259174256,-80358.29735125216,124489.47330534618,-25473.811708601057,4.786999999999866e-06
0.9848354683497849,0.6680939485871478,-0.05305532414659581,-79886.62180720149,124853.99666211245,-25171.55485325431,4.787999999999866e-06
0.9847560419753468,0.6682191611656085,-0.05308016888927578,-79426.37443802589,125212.57846077884,-24844.742679968098,4.7889999999998655e-06
0.9846770636421325,0.6683447257755564,-0.053104662798954184,-78978.3332143736,125564.60994780943,-24493.9096784051,4.789999999999865e-06
0.9845985203861971,0.6684706352684873,-0.0531287824286562,-78543.255935376,125909.49293086598,-24119.62970201346,4.790999999999865e-06
0.9845203985072094,0.668596881909252,-0.05315250494367975,-78121.87898773408,126246.64076474828,-23722.515023547698,4.7919999999998645e-06
0.984442683591069,0.6687234573885704,-0.053175808159007174,-77714.91614044087,126575.47931842085,-23303.215327423666,4.792999999999864e-06
0.9843653605336918,0.668850352836492,-0.05319867057564777,-77323.05737712784,126895.44792152756,-22862.41664059804,4.793999999999864e-06
0.9842884135659239,0.6689775588367808,-0.053221071415851536,-76946.96776795888,127206.0002888311,-22400.840203764972,4.7949999999998635e-06
0.984211826279541,0.6691050654422018,-0.053242990657136294,-76587.28638292756,127506.60542105204,-21919.24128476152,4.795999999999863e-06
0.9841355816542926,0.6692328621906825,-0.05326440906507246,-76244.62524834283,127796.74848062306,-21418.40793616885,4.796999999999863e-06
0.9840596620859444,0.6693609381223233,-0.05328530822477165,-75919.56834821377,128075.93164091656,-20899.1596991883,4.797999999999862e-06
0.9839840494152723,0.6694892817972309,-0.05330567057102761,-75612.67067216783,128343.67490754934,-20362.346255959583,4.798999999999862e-06
0.9839087249579608,0.6696178813141413,-0.05332547941706018,-75324.45731145721,128599.51691041572,-19808.84603257272,4.799999999999862e-06
0.9838336695353562,0.6697467243298065,-0.05334471898181529,-75055.4226045261,128843.01566515001,-19239.56475510588,4.800999999999861e-06
0.9837588635060227,0.6698757980791094,-0.053363374415776384,-74806.02933352714,129073.74930277119,-18655.433961097307,4.801999999999861e-06
0.9836842867980496,0.6700050893958757,-0.05338143182524532,-74576.70797308875,129291.31676631648,-18057.40946893179,4.802999999999861e-06
0.9836099189420571,0.670134584734349,-0.05339887829505301,-74367.85599254619,129495.33847332615,-17446.469807689566,4.80399999999986e-06
0.9835357391048443,0.6702642701912921,-0.05341570190966308,-74179.83721275887,129685.45694309939,-16823.61461006893,4.80499999999986e-06
0.9834617261236257,0.6703941315286798,-0.05343189177263413,-74012.98121854359,129861.3373877001,-16189.862971052335,4.80599999999986e-06
0.983387858540798,0.6705241541969456,-0.05344743802440917,-73867.5828276599,130022.66826575236,-15546.25177503988,4.806999999999859e-06
0.9833141146391808,0.6706543233587436,-0.05346233185840339,-73743.90161718806,130169.16179812721,-14893.833994223301,4.807999999999859e-06
0.9832404724776728,0.6707846239131884,-0.05347656553536441,-73642.16150804366,130300.5544446861,-14233.676961018173,4.808999999999859e-06
0.9831669099272645,0.6709150405205297,-0.05349013239598182,-73562.55040827542,130416.60734131093,-13566.860617411665,4.809999999999858e-06
0.9830934047073489,0.6710455576272263,-0.05350302687172594,-73505.21991569396,130517.10669651635,-12894.475744118072,4.810999999999858e-06
0.9830199344222685,0.6711761594913733,-0.0535152444938984,-73470.28508028015,130601.86414700707,-12217.622172464175,4.8119999999998575e-06
0.9829464765980418,0.671306830208445,-0.05352678190088035,-73457.82422672216,130670.71707161028,-11537.406981951488,4.812999999999857e-06
0.9828730087192045,0.6714375537373081,-0.05353763684356681,-73467.8788373298,130723.5288630821,-10854.94268646246,4.813999999999857e-06
0.9827995082657089,0.6715683139264654,-0.053547808188978904,-73500.45349547491,130760.18915735572,-10171.34541209266,4.8149999999998565e-06
0.9827259527498193,0.6716990945404853,-0.053557295922048505,-73555.5158896059,130780.61401986897,-9487.733069601121,4.815999999999856e-06
0.9826523197529415,0.6718298792865739,-0.05356610114557298,-73632.99687778465,130784.7460886788,-8805.223524476036,4.816999999999856e-06
0.9825785869623289,0.671960651841248,-0.053574226078340594,-73732.79061259417,130772.55467414073,-8124.932767613176,4.8179999999998554e-06
0.9825047322076027,0.672091395877063,-0.053581674051430196,-73854.75472616596,130744.03581500183,-7447.973089599656,4.818999999999855e-06
0.9824307334970277,0.6722220950893538,-0.05358844950269178,-73998.71057497778,130699.2122908266,-6775.4512615859385,4.819999999999855e-06
0.9823565690534837,0.6723527332229445,-0.05359455796941749,-74164.4435439742,130638.1335907457,-6108.466725714537,4.820999999999854e-06
0.9822822173500743,0.6724832940987832,-0.05360000607921555,-74351.70340946606,130560.87583858785,-5448.109798054507,4.821999999999854e-06
0.9822076571453141,0.6726137616404577,-0.05360480153910251,-74560.20476016914,130467.54167452593,-4795.459886966806,4.822999999999854e-06
0.9821328675178385,0.6727441199005512,-0.05360895312283231,-74789.62747564765,130358.26009343771,-4151.583729796832,4.823999999999853e-06
0.9820578279005772,0.6728743530867914,-0.053612470656483065,-75039.61726133584,130233.18624025153,-3517.5336507571665,4.824999999999853e-06
0.9819825181143379,0.673004445587954,-0.05361536500232589,-75309.78623921936,130092.50116261592,-2894.3458428256113,4.825999999999853e-06
0.9819069184007447,0.6731343819994753,-0.05361764804100233,-75599.71359316848,129936.41152130064,-2283.0386764413397,4.826999999999852e-06
0.9818310094544769,0.6732641471487341,-0.053619332652040066,-75908.94626782759,129765.14925880378,-1684.6110377352766,4.827999999999852e-06
0.981754772454757,0.6733937261199607,-0.05362043269273905,-76236.99971987992,129578.97122670652,-1100.040698979893,4.828999999999852e-06
0.9816781890960365,0.6735231042787331,-0.05362096297546294,-76583.35872042245,129378.15877238268,-530.2827238884902,4.829999999999851e-06
0.9816012416178295,0.6736522672960188,-0.05362093924337327,-76947.47820710501,129163.01728573485,23.73208966513039,4.830999999999851e-06
0.9815239128336448,0.6737812011717255,-0.05362037814464627,-77328.78418460872,128933.87570669234,561.0987269987895,4.8319999999998506e-06
0.9814461861589728,0.6739098922577197,-0.05361929720521467,-77726.67467196191,128691.08599426852,1080.939431604987,4.83299999999985e-06
0.9813680456382777,0.6740383272802777,-0.05361771480007927,-78140.52069511861,128435.02255803607,1582.4051353946843,4.83399999999985e-06
0.9812894759709546,0.6741664933619306,-0.053615650123237366,-78569.66732315287,128166.08165293811,2064.6768419058085,4.8349999999998495e-06
0.9812104625362082,0.674294378042669,-0.05361312315627711,-79013.43474635424,127884.68073841136,2526.9669602582103,4.835999999999849e-06
0.9811309914168138,0.6744219693004718,-0.05361015463568939,-79471.11939444409,127591.2578028539,2968.520587717762,4.836999999999849e-06
0.9810510494217207,0.6745492555711263,-0.05360676601895057,-79941.99509306999,127286.27065452505,3388.61673881654,4.8379999999998485e-06
0.980970624107464,0.6746762257673063,-0.05360297944943151,-80425.31425667599,126970.19618001788,3786.569519063253,4.838999999999848e-06
0.9808897037983483,0.6748028692968778,-0.05359881772019014,-80920.30911579046,126643.52957149639,4161.729241368247,4.839999999999848e-06
0.9808082776053716,0.6749291760804018,-0.05359430423670673,-81426.1929767196,126306.78352393869,4513.483483400354,4.8409999999998474e-06
0.98072633544386,0.6750551365678055,-0.05358946297862254,-81942.1615115858,125960.48740367546,4841.258084188368,4.841999999999847e-06
0.9806438680497834,0.6751807417541951,-0.053584318460544164,-82467.39407660256,125605.18638955796,5144.518078377981,4.842999999999847e-06
0.980560866994727,0.6753059831947832,-0.05357889569197751,-83001.05505643545,125241.44058813395,5422.768566655284,4.843999999999846e-06
0.9804773246994946,0.6754308530189075,-0.05357322013645656,-83542.29523245846,124869.824124251,5675.55552095048,4.844999999999846e-06
0.9803932344463219,0.675555343943116,-0.05356731766993342,-84090.25317267925,124490.92420854598,5902.466523139925,4.845999999999846e-06
0.9803085903896808,0.6756794492832994,-0.05356121453849735,-84644.05664107398,124105.34018331654,6103.13143607096,4.846999999999845e-06
0.9802233875656567,0.6758031629658476,-0.053554937315491505,-85202.82402404372,123713.682548305,6277.223005842054,4.847999999999845e-06
0.9801376218998851,0.6759264795378156,-0.05354851285809713,-85765.66577167851,123316.57196795792,6424.457394380353,4.848999999999845e-06
0.9800512902140336,0.6760493941760773,-0.053541968263455655,-86331.685851494,122914.6382617539,6544.594641469671,4.849999999999844e-06
0.9799643902308213,0.6761719026954566,-0.05353533082440016,-86899.98321228681,122508.5193792207,6637.439055494126,4.850999999999844e-06
0.9798769205775655,0.6762940015558179,-0.053528627984867884,-87469.65325574075,122098.860361287,6702.839532275858,4.851999999999844e-06
0.9797888807882521,0.6764156878681075,-0.053521887295066385,-88039.78931340501,121686.31228963775,6740.689801499348,4.852999999999843e-06
0.9797002713041254,0.6765369593993332,-0.05351513636646606,-88609.48412665837,121271.53122576111,6750.928600329671,4.853999999999843e-06
0.9796110934727982,0.6766578145764747,-0.05350840282669211,-89177.83132727003,120855.17714139375,6733.539773947465,4.8549999999998426e-06
0.979521349545882,0.6767782524893168,-0.05350171427438927,-89743.92691616803,120437.91284208515,6688.552302839099,4.855999999999842e-06
0.9794310426751439,0.6768982728922024,-0.05349509823413247,-90306.8707380299,120020.40288561453,6616.040256796616,4.856999999999842e-06
0.9793401769071945,0.6770178762046994,-0.05348858211145677,-90865.76794931821,119603.31249700375,6516.122675698041,4.8579999999998415e-06
0.9792487571767171,0.6771370635111813,-0.05348219314807951,-91419.73047739442,119187.30648187618,6388.963377254706,4.858999999999841e-06
0.9791567892982488,0.6772558365593212,-0.053475958377387486,-91967.87846835984,118773.0481399162,6234.7706920278815,4.859999999999841e-06
0.9790642799565275,0.6773741977575014,-0.05346990458026135,-92509.34172129052,118361.19818018553,6053.797126132388,4.8609999999998405e-06
0.9789712366954209,0.6774921501711415,-0.05346405824130919,-93043.26110655541,117952.41364005164,5846.338952159498,4.86199999999984e-06
0.9788776679054549,0.677609697517951,-0.053458445505580224,-93568.78996593236,117547.34680947952,5612.735728965419,4.86299999999984e-06
0.9787835828099627,0.6777268441621134,-0.05345309213582914,-94085.09549226587,117146.64416243177,5353.369751084703,4.863999999999839e-06
0.9786889914498762,0.6778435951074104,-0.0534480234704005,-94591.3600864431,116750.94529711266,5068.6654286398425,4.864999999999839e-06
0.9785939046671867,0.6779599559892973,-0.053443264381801775,-95086.78268950057,116360.88188678,4759.088598729037,4.865999999999839e-06
0.978498334087099,0.67807593306594,-0.05343883923603239,-95570.58008771327,115977.07664283368,4425.145769383454,4.866999999999838e-06
0.9784022920989104,0.6781915332082319,-0.0534347718527351,-96041.98818856092,115600.14229187286,4067.3832972930004,4.867999999999838e-06
0.9783057918356449,0.6783067638888003,-0.05343108546623449,-96500.26326551179,115230.6805683933,3686.3865006056863,4.868999999999838e-06
0.9782088471524754,0.678421633170025,-0.05342780268752628,-96944.68316961364,114869.28122477385,3282.77870820979,4.869999999999837e-06
0.9781114726039695,0.6785361496910852,-0.05342494546727927,-97374.54850593381,114516.52106017563,2857.2202470101274,4.870999999999837e-06
0.9780136834201966,0.6786503226540551,-0.053422535059910466,-97789.18377294576,114172.96296994948,2410.4073688096855,4.871999999999837e-06
0.9779154954817335,0.6787641618090723,-0.05342059198879196,-98187.93846301753,113839.15501711675,1943.071118505391,4.872999999999836e-06
0.9778169252936113,0.6788776774385997,-0.053419136012646556,-98570.18812221901,113515.62952745493,1455.9761454019394,4.873999999999836e-06
0.9777179899582435,0.6789908803408095,-0.05341818609318701,-98935.33536772891,113202.90220968463,949.9194595399758,4.874999999999836e-06
0.9776187071473824,0.6791037818121116,-0.05341776036405199,-99282.81086118906,112901.47130221543,425.72913502461006,4.875999999999835e-06
0.9775190950731459,0.6792163936288594,-0.05341787610108956,-99612.07423642317,112611.81674786832,-115.73703757304247,4.876999999999835e-06
0.9774191724581659,0.6793287280282574,-0.05341854969403715,-99922.61498000911,112334.39939794865,-673.5929475849794,4.8779999999998345e-06
0.9773189585049026,0.6794407976885044,-0.0534197966196443,-100213.95326326821,112069.66024699886,-1246.925607149341,4.878999999999834e-06
0.9772184728641783,0.6795526157082039,-0.05342163141628263,-100485.64072431196,111818.01969951214,-1834.7966383335038,4.879999999999834e-06
0.9771177356029794,0.6796641955850737,-0.05342406766008472,-100737.2611988654,111579.87686983874,-2436.243802089819,4.8809999999998335e-06
0.9770167671715808,0.6797755511939902,-0.05342711794265131,-100968.43139866764,111355.60891646433,-3050.2825665865544,4.881999999999833e-06
0.9769155883700444,0.679886696764402,-0.0534307938503637,-101178.80153633341,111145.57041178597,-3675.907712390355,4.882999999999833e-06
0.9768142203141488,0.6799976468571505,-0.05343510594533561,-101368.05589564407,110950.09274845515,-4312.094971914098,4.8839999999998325e-06
0.9767126844008025,0.6801084163407338,-0.053440063748036094,-101535.91334632403,110769.48358329953,-4957.8027004856,4.884999999999832e-06
0.976611002273,0.6802190203670536,-0.053445675721612435,-101682.12780244656,110604.0263197748,-5611.973576338221,4.885999999999832e-06
0.9765091957843763,0.6803294743466834,-0.05345194925793921,-101806.48862370318,110453.97962983711,-6273.536326774254,4.886999999999831e-06
0.9764072869634175,0.6804397939236995,-0.05345889066541692,-101908.82095886236,110319.5770160628,-6941.407477706043,4.887999999999831e-06
0.9763052979773866,0.6805499949501143,-0.05346650515854066,-101988.98603083575,110201.02641477784,-7614.493123738267,4.888999999999831e-06
0.9762032510960238,0.6806600934599552,-0.05347479684925657,-102046.88136286412,110098.50984089261,-8291.690715917712,4.88999999999983e-06
0.9761011686550783,0.6807701056430302,-0.05348376874012082,-102082.44094543005,110012.18307507085,-8971.890864244375,4.89099999999983e-06
0.9759990730197348,0.680880047818424,-0.05349342271927283,-102095.63534359976,109942.17539379187,-9653.979152009804,4.89199999999983e-06
0.9758969865479902,0.6809899364077668,-0.053503759557231835,-102086.47174459326,109888.589342796,-10336.837959005374,4.892999999999829e-06
0.9757949315540447,0.6810997879083212,-0.05351477890552246,-102054.99394547837,109851.50055433156,-11019.348290624761,4.893999999999829e-06
0.9756929302717637,0.6812096188659297,-0.053526479297132334,-102001.28228098177,109830.95760855025,-11700.391609871198,4.894999999999829e-06
0.9755910048182722,0.681319445847869,-0.053538858148801605,-101925.45349150753,109826.98193932466,-12378.851669271338,4.895999999999828e-06
0.9754891771577406,0.6814292854156536,-0.0535519117651413,-101827.66053155139,109839.5677846888,-13053.616339693639,4.896999999999828e-06
0.9753874690654218,0.6815391540978356,-0.05356563534457437,-101708.09231879613,109868.68218202803,-13723.579433070228,4.8979999999998276e-06
0.9752859020919976,0.6816490683628437,-0.053580022987090394,-101566.97342427119,109914.26500807084,-14387.642516027214,4.898999999999827e-06
0.9751844975282935,0.6817590445919073,-0.05359506770380183,-101404.56370405591,109976.22906366008,-15044.716711439345,4.899999999999827e-06
0.9750832763704204,0.6818690990521105,-0.053610761428286774,-101221.15787310278,110054.46020320665,-15693.724484940907,4.9009999999998265e-06
0.9749822592853985,0.6819792478696192,-0.05362709502970022,-101017.085021852,110148.81750865343,-16333.601413445602,4.901999999999826e-06
0.9748814665773221,0.6820895070031269,-0.05364405832763298,-100792.70807640385,110259.13350770301,-16963.29793275411,4.902999999999826e-06
0.974780918154119,0.6821998922175628,-0.053661640108694335,-100548.42320310876,110385.2144359878,-17581.781061358794,4.9039999999998255e-06
0.9746806334949605,0.6823104190581056,-0.05367982814479193,-100284.65915852753,110526.84054278725,-18188.036097590793,4.904999999999825e-06
0.9745806316183747,0.6824211028245455,-0.05369860921307922,-100001.87658580526,110683.76643982324,-18781.068287295402,4.905999999999825e-06
0.9744809310511161,0.6825319585460381,-0.05371796911753849,-99700.56725859208,110855.72149259158,-19359.904459266996,4.9069999999998244e-06
0.9743815497978424,0.6826430009562917,-0.05373789271216421,-99381.25327373155,111042.41025361535,-19923.59462572513,4.907999999999824e-06
0.9742825053116484,0.6827542444692286,-0.05375836392570938,-99044.48619402386,111243.5129369347,-20471.21354516824,4.908999999999824e-06
0.974183814465506,0.6828657031551617,-0.053779365787954385,-98690.84614245487,111458.6859330771,-21001.8622450011,4.909999999999823e-06
0.9740854935246566,0.6829773907175254,-0.053800880457455784,-98320.94084936388,111687.5623636831,-21514.669501396165,4.910999999999823e-06
0.9739875581200025,0.6830893204702003,-0.0538228892507297,-97935.40465410265,111929.7526748949,-22008.79327391769,4.911999999999823e-06
0.9738900232225397,0.6832015053154689,-0.05384537267282221,-97534.89746281544,112184.84526854828,-22483.42209251023,4.912999999999822e-06
0.9737929031188757,0.683313957722639,-0.05386831044921674,-97120.10366404409,112452.40717014404,-22937.776394530567,4.913999999999822e-06
0.9736962113878718,0.6834266897073715,-0.05389168155902633,-96691.73100393434,112731.98473251158,-23371.10980958314,4.914999999999822e-06
0.9735999608784489,0.6835397128117455,-0.05391546426941633,-96250.50942288824,113023.10437401588,-23782.71039000459,4.915999999999821e-06
0.9735041636885934,0.6836530380850956,-0.05393963617120127,-95797.18985557347,113325.27335009977,-24171.901784931935,4.916999999999821e-06
0.9734088311455971,0.6837666760656524,-0.05396417421555725,-95332.5429962634,113637.980556896,-24538.04435598194,4.917999999999821e-06
0.9733139737875656,0.683880636763018,-0.05398905475178992,-94857.35803154088,113960.69736558787,-24880.536232665476,4.91899999999982e-06
0.9732196013462231,0.6839949296415042,-0.054014253566095675,-94372.44134245545,114292.87848614462,-25198.814305760534,4.91999999999982e-06
0.9731257227310448,0.6841095636043633,-0.054039745921252644,-93878.61517827571,114633.96285900666,-25492.35515697048,4.9209999999998196e-06
0.9730323460147408,0.6842245469789365,-0.05406550659717595,-93376.71630402823,114983.37457324752,-25760.67592330022,4.921999999999819e-06
0.9729394784201167,0.6843398875027462,-0.05409150993227064,-92867.59462405961,115340.52380969371,-26003.335094691767,4.922999999999819e-06
0.9728471263083328,0.6844555923105536,-0.05411772986551421,-92352.11178389977,115704.80780744035,-26219.933243572275,4.9239999999998185e-06
0.9727552951685801,0.6845716679224058,-0.05414413997919929,-91831.13975274266,116075.61185216009,-26410.11368508156,4.924999999999818e-06
0.9726639896091912,0.6846881202326903,-0.05417071354226615,-91305.55938889398,116452.31028456522,-26573.56306686242,4.925999999999818e-06
0.9725732133502006,0.6848049545002177,-0.054197423554153565,-90776.25899056578,116834.26752734777,-26710.011887415378,4.9269999999998175e-06
0.9724829692173662,0.6849221753393466,-0.054224242789095704,-90244.13283442322,117220.83912889088,-26819.234942139527,4.927999999999817e-06
0.972393259137662,0.6850397867121687,-0.05425114384079201,-89710.07970431045,117611.37282201543,-26901.051696303064,4.928999999999817e-06
0.9723040841362494,0.6851577919217647,-0.05427809916737632,-89175.00141260015,118005.20959600029,-26955.32658431013,4.9299999999998164e-06
0.9722154443349328,0.6852761936065448,-0.054305081136611075,-88639.80131662416,118401.68478009148,-26981.969234754946,4.930999999999816e-06
0.9721273389521001,0.6853949937356815,-0.05433206207123195,-88105.38283265203,118800.12913669606,-26980.93462087958,4.931999999999816e-06
0.9720397663041502,0.6855141936056439,-0.05435901429436813,-87572.64794988862,119199.86996243989,-26952.22313617753,4.932999999999815e-06
0.9719527238084033,0.6856337938378392,-0.054385910174963144,-87042.49574696246,119600.23219525492,-26895.880595011964,4.933999999999815e-06
0.9718662079874899,0.6857537943773648,-0.05441272217312139,-86515.8209133728,120000.53952565187,-26811.99815824402,4.934999999999815e-06
0.9717802144752116,0.6858741944928751,-0.054439422885305386,-85993.51227835471,120400.1155103267,-26700.712183993448,4.935999999999814e-06
0.971694738023862,0.6859949927775614,-0.054465985089309166,-85476.45134960982,120798.28468624607,-26562.204003780316,4.936999999999814e-06
0.9716097725129976,0.6861161871512448,-0.05449238178893359,-84965.51086433281,121194.3736833561,-26396.699624422654,4.937999999999814e-06
0.9715253109596427,0.6862377748635788,-0.05451858625828978,-84461.55335494345,121587.71233406168,-26204.469356190268,4.938999999999813e-06
0.9714413455299108,0.6863597524983565,-0.05454457208565762,-83965.42973190857,121977.63477762953,-25985.827367839476,4.939999999999813e-06
0.9713578675520248,0.6864821159789142,-0.0545703132168269,-83477.97788600919,122363.48055767723,-25741.13116927686,4.940999999999813e-06
0.9712748675307125,0.6866048605746251,-0.054595783997849624,-83000.02131237452,122744.59571092295,-25470.781022722127,4.941999999999812e-06
0.9711923351629539,0.6867279809084705,-0.05462095921713298,-82532.3677585676,123120.33384538587,-25175.219283360562,4.942999999999812e-06
0.9711102593550549,0.6868514709656768,-0.05464581414680358,-82075.80789896553,123490.0572062461,-24854.9296705942,4.9439999999998115e-06
0.9710286282410173,0.6869753241034043,-0.05467032458327469,-81631.11403763224,123853.13772759418,-24510.436471117337,4.944999999999811e-06
0.9709474292021755,0.6870995330614726,-0.05469446688694985,-81199.03884183305,124208.95806832543,-24142.303675156454,4.945999999999811e-06
0.9708666488880672,0.6872240899741031,-0.054718218020997175,-80780.31410828703,124556.91263046152,-23751.134047326443,4.9469999999998105e-06
0.970786273238503,0.6873489863826613,-0.05474155558913084,-80375.64956419739,124896.40855821242,-23337.568133664372,4.94799999999981e-06
0.9707062875067979,0.6874742132493774,-0.054764457872337344,-79985.7317050402,125226.86671612531,-22902.283206508488,4.94899999999981e-06
0.9706266762841268,0.6875997609720221,-0.054786903864486335,-79611.22267102844,125547.72264470294,-22445.992148993504,4.9499999999998095e-06
0.9705474235249627,0.687725619399514,-0.05480887330676737,-79252.75916410232,125858.42749191305,-21969.442281033604,4.950999999999809e-06
0.9704685125735555,0.6878517778484331,-0.05483034672089613,-78910.95140722704,126158.44891905168,-21473.41412876136,4.951999999999809e-06
0.9703899261914077,0.6879782251204125,-0.054851305441035614,-78586.38214770687,126447.27197946726,-20958.72013948417,4.952999999999808e-06
0.9703116465857016,0.6881049495203813,-0.054871731644379924,-78279.6057061489,126724.39996869896,-20426.20334430948,4.953999999999808e-06
0.9702336554386289,0.6882319388756258,-0.0548916083803506,-77991.14707263181,126989.35524463128,-19876.735970675894,4.954999999999808e-06
0.9701559339375774,0.6883591805556422,-0.054910919598357706,-77721.50105155459,127241.68001631822,-19311.218007109048,4.955999999999807e-06
0.9700784628061209,0.6884866614927423,-0.0549296501740803,-77471.13145655676,127480.93710018332,-18730.575722598987,4.956999999999807e-06
0.970001222335764,0.6886143682033846,-0.05494778593422337,-77240.4703568167,127706.71064235736,-18135.7601430692,4.957999999999807e-06
0.9699241924183881,0.6887422868101906,-0.054965313679710845,-77029.91737594706,127918.60680597261,-17527.74548747661,4.958999999999806e-06
0.9698473525793435,0.6888704030646129,-0.05498222120727699,-76839.83904461708,128116.25442229156,-16907.52756614663,4.959999999999806e-06
0.9697706820111356,0.6889987023702175,-0.054998497329421,-76670.56820794068,128299.3056046091,-16276.122144007377,4.960999999999806e-06
0.969694159607647,0.6891271698065414,-0.05501413189269244,-76522.40348857612,128467.43632392923,-15634.563271442868,4.961999999999805e-06
0.9696177639988407,0.6892557901534869,-0.05502911579427798,-76395.60880638944,128620.34694548178,-14983.901585535603,4.962999999999805e-06
0.9695414735858853,0.6893845479162122,-0.055043440996862494,-76290.41295543818,128757.7627252094,-14325.202584515138,4.963999999999805e-06
0.9694652665766463,0.6895134273504776,-0.05505710054174077,-76207.00923893561,128879.43426542231,-13659.544878270342,4.964999999999804e-06
0.9693891210214836,0.6896424124884065,-0.05507008856015859,-76145.5551627584,128985.13792888587,-12988.018417819354,4.965999999999804e-06
0.9693130148492956,0.6897714871646172,-0.05508240028286525,-76106.17218796242,129074.67621067454,-12311.7227066626,4.9669999999998035e-06
0.9692369259037529,0.6899006350426844,-0.05509403204786222,-76088.94554267294,129147.87806719632,-11631.764996970684,4.967999999999803e-06
0.9691608319796593,0.6900298396418862,-0.0551049813063358,-76093.92409361631,129204.59920186161,-10949.258473580341,4.968999999999803e-06
0.9690847108593819,0.6901590843641932,-0.05511524662676459,-76121.12027746109,129244.72230694226,-10265.320428788098,4.9699999999998025e-06
0.9690085403492898,0.6902883525214544,-0.05512482769719553,-76170.51009203722,129268.15726123808,-9581.070430942718,4.970999999999802e-06
0.9689322983161425,0.6904176273627376,-0.055133725325685376,-76242.03314740282,129274.84128324063,-8897.62848984398,4.971999999999802e-06
0.9688559627233658,0.6905468921017771,-0.055141941438907334,-76335.59277662911,129264.73903955652,-8216.113221956773,4.9729999999998014e-06
0.9687795116671597,0.6906761299444856,-0.05514947907892578,-76451.0562060759,129237.8427084256,-7537.640018446047,4.973999999999801e-06
0.9687029234123749,0.6908053241164838,-0.055156342398144806,-76588.25478483195,129194.17199824213,-6863.319219029736,4.974999999999801e-06
0.968626176428102,0.6909344578906048,-0.05516253665243944,-76746.98427289796,129133.77412106012,-6194.254294633506,4.9759999999998e-06
0.9685492494229144,0.6910635146143259,-0.055168068192481254,-76927.00518759346,129056.72372113666,-5531.540041813045,4.9769999999998e-06
0.9684721213797068,0.6911924777370846,-0.05517294445327314,-77128.04320757439,128963.12275864002,-4876.260791886729,4.9779999999998e-06
0.968394771590073,0.6913213308374333,-0.05517717394191084,-77349.78963375423,128853.10034872111,-4229.4886376938775,4.978999999999799e-06
0.9683171796881667,0.6914500576499896,-0.0551807662235917,-77591.9019063293,128726.81255621894,-3592.2816808615385,4.979999999999799e-06
0.9682393256839896,0.6915786420921359,-0.05518373190589412,-77854.00417701833,128584.44214634171,-2965.6823024259043,4.980999999999799e-06
0.968161189996054,0.6917070682904277,-0.05518608262135374,-78135.68793553724,128426.19829173596,-2350.7154596131318,4.981999999999798e-06
0.9680827534833648,0.6918353206066642,-0.05518783100836527,-78436.51268924275,128252.31623642573,-1748.3870115385848,4.982999999999798e-06
0.96800399747667,0.6919633836635813,-0.05518899069044181,-78756.00669479369,128063.0569171726,-1159.682076533507,4.983999999999798e-06
0.9679249038089294,0.6920912423701242,-0.055189576253865565,-79093.66774059509,127858.70654287536,-585.5634237538061,4.984999999999797e-06
0.9678454548449507,0.6922188819462569,-0.05518960322376723,-79448.96397870986,127639.57613269513,-26.969901667366685,4.985999999999797e-06
0.9677656335101458,0.6923462879472706,-0.05518908803867319,-79821.33480484363,127406.00101365689,515.1850940461632,4.9869999999997966e-06
0.9676854233183608,0.6924734462875491,-0.055188048023562475,-80210.19178493286,127158.3402785432,1040.0151107152956,4.987999999999796e-06
0.9676048083987341,0.6926003432637541,-0.055186501361477854,-80614.91962679205,126896.97620495876,1546.6620846185879,4.988999999999796e-06
0.9675237735215388,0.6927269655773906,-0.05518446706373753,-81034.87719520542,126622.313636506,2034.297740324329,4.9899999999997955e-06
0.96744230412297,0.6928533003567177,-0.055181964938796346,-81469.39856878005,126334.77932707203,2502.1249411810327,4.990999999999795e-06
0.9673603863288333,0.692979335177967,-0.05517901555980755,-81917.79413681204,126034.82124928555,2949.378988792218,4.991999999999795e-06
0.9672780069770989,0.6931050580858352,-0.05517564023093816,-82379.35173435508,125722.90786825947,3375.328869392752,4.9929999999997945e-06
0.9671951536392852,0.693230457613217,-0.05517186095249303,-82853.33781362111,125399.52738178943,3779.2784451308403,4.993999999999794e-06
0.9671118146406354,0.6933555228001452,-0.055167700384904685,-83338.9986497868,125065.18692823203,4160.567588349584,4.994999999999794e-06
0.9670279790790562,0.6934802432119086,-0.05516318181164763,-83835.561579226,124720.41176333746,4518.573257054646,4.9959999999997934e-06
0.9669436368427881,0.6936046089563159,-0.05515832910113778,-84342.23626813911,124365.74440736083,4852.710509849833,4.996999999999793e-06
0.9668587786267786,0.6937286107000797,-0.055153166667679054,-84858.21600950268,124001.74376382325,5162.4334587202875,4.997999999999793e-06
0.9667733959477324,0.6938522396842911,-0.055147719431520914,-85382.67904622052,123628.98421133906,5447.236158143032,4.998999999999792e-06
